timestamp,temperature,humidity,load_mw
2023-04-01T00:00,16.6,97,2171.17
2023-04-01T01:00,16.0,98,2059.95
2023-04-01T02:00,15.5,99,1994.83
2023-04-01T03:00,15.2,99,1967.67
2023-04-01T04:00,15.1,98,2043.05
2023-04-01T05:00,16.5,96,2276.3
2023-04-01T06:00,16.7,95,2726.5
2023-04-01T07:00,17.4,94,3059.03
2023-04-01T08:00,19.3,86,3108.97
2023-04-01T09:00,21.2,77,3263.5
2023-04-01T10:00,22.6,70,3401.07
2023-04-01T11:00,23.9,65,3361.18
2023-04-01T12:00,24.7,61,3265.25
2023-04-01T13:00,25.3,57,3003.52
2023-04-01T14:00,25.7,52,3002.27
2023-04-01T15:00,25.7,50,2983.55
2023-04-01T16:00,23.9,56,2980.54
2023-04-01T17:00,24.1,58,3118.83
2023-04-01T18:00,23.2,62,3102.62
2023-04-01T19:00,20.3,80,3058.08
2023-04-01T20:00,18.7,88,2835.67
2023-04-01T21:00,18.6,90,2585.17
2023-04-01T22:00,19.1,85,2418.93
2023-04-01T23:00,17.6,92,2273.07
2023-04-02T00:00,17.7,90,2082.51
2023-04-02T01:00,18.7,87,1962.14
2023-04-02T02:00,18.6,86,1899.99
2023-04-02T03:00,18.3,89,1880.37
2023-04-02T04:00,17.8,93,1949.56
2023-04-02T05:00,15.9,98,2103.63
2023-04-02T06:00,16.6,98,2447.22
2023-04-02T07:00,18.7,90,2780.62
2023-04-02T08:00,21.5,76,2911.38
2023-04-02T09:00,23.9,66,3131.73
2023-04-02T10:00,25.4,60,3302.86
2023-04-02T11:00,26.7,55,3321.11
2023-04-02T12:00,27.6,50,3190.15
2023-04-02T13:00,28.2,45,2932.83
2023-04-02T14:00,28.3,43,2863.77
2023-04-02T15:00,28.3,42,2800.92
2023-04-02T16:00,27.9,42,2807.78
2023-04-02T17:00,26.7,49,2882.5
2023-04-02T18:00,24.1,61,2959.12
2023-04-02T19:00,22.8,62,3064.01
2023-04-02T20:00,21.7,62,2914.27
2023-04-02T21:00,20.7,66,2714.4
2023-04-02T22:00,19.1,75,2557.9
2023-04-02T23:00,18.4,78,2406.67
2023-04-03T00:00,17.9,80,2195.53
2023-04-03T01:00,19.9,69,2081.19
2023-04-03T02:00,18.2,76,2024.41
2023-04-03T03:00,16.6,84,1994.81
2023-04-03T04:00,16.4,85,2088.3
2023-04-03T05:00,17.4,86,2374.95
2023-04-03T06:00,18.6,80,2968.38
2023-04-03T07:00,20.3,74,3207.11
2023-04-03T08:00,22.9,66,3235.36
2023-04-03T09:00,25.7,54,3433.6
2023-04-03T10:00,27.7,47,3576.98
2023-04-03T11:00,29.0,44,3549.31
2023-04-03T12:00,29.9,42,3488.73
2023-04-03T13:00,30.8,36,3196.03
2023-04-03T14:00,31.3,30,3288.89
2023-04-03T15:00,30.5,30,3316.65
2023-04-03T16:00,30.0,31,3365.86
2023-04-03T17:00,26.9,51,3332.47
2023-04-03T18:00,23.8,60,3347.73
2023-04-03T19:00,22.7,61,3390.04
2023-04-03T20:00,22.0,63,3132.8
2023-04-03T21:00,21.2,67,2851.43
2023-04-03T22:00,20.2,69,2711.05
2023-04-03T23:00,19.4,71,2555.38
2023-04-04T00:00,18.8,73,2353.21
2023-04-04T01:00,18.4,74,2216.9
2023-04-04T02:00,17.8,76,2148.54
2023-04-04T03:00,17.2,78,2117.84
2023-04-04T04:00,17.7,75,2163.51
2023-04-04T05:00,17.9,79,2314.58
2023-04-04T06:00,17.9,79,2678.35
2023-04-04T07:00,18.7,75,3047.21
2023-04-04T08:00,19.6,73,3177.85
2023-04-04T09:00,21.9,67,3361.01
2023-04-04T10:00,24.1,58,3535.11
2023-04-04T11:00,25.6,53,3530.68
2023-04-04T12:00,26.7,49,3431.2
2023-04-04T13:00,27.4,47,3142.43
2023-04-04T14:00,27.9,47,3197.33
2023-04-04T15:00,28.0,45,3214.11
2023-04-04T16:00,28.0,41,3232.92
2023-04-04T17:00,27.6,42,3315.71
2023-04-04T18:00,25.1,49,3370.33
2023-04-04T19:00,23.5,52,3430.55
2023-04-04T20:00,22.4,54,3198.69
2023-04-04T21:00,21.9,53,2931.5
2023-04-04T22:00,20.3,60,2764.42
2023-04-04T23:00,19.8,63,2623.68
2023-04-05T00:00,18.4,68,2408.02
2023-04-05T01:00,17.6,72,2274.85
2023-04-05T02:00,16.8,76,2197.52
2023-04-05T03:00,16.4,78,2163.46
2023-04-05T04:00,16.3,77,2229.61
2023-04-05T05:00,16.8,85,2537.56
2023-04-05T06:00,17.2,83,3158.69
2023-04-05T07:00,19.1,77,3333.09
2023-04-05T08:00,21.9,68,3313.01
2023-04-05T09:00,24.5,57,3496.76
2023-04-05T10:00,26.4,48,3657.51
2023-04-05T11:00,27.9,40,3642.8
2023-04-05T12:00,29.1,31,3545.58
2023-04-05T13:00,29.8,27,3278.63
2023-04-05T14:00,30.2,23,3369.5
2023-04-05T15:00,30.1,22,3402.27
2023-04-05T16:00,29.6,22,3403.87
2023-04-05T17:00,28.5,29,3475.86
2023-04-05T18:00,24.8,38,3476.91
2023-04-05T19:00,23.8,34,3512.17
2023-04-05T20:00,22.6,35,3265.72
2023-04-05T21:00,21.7,38,2988.44
2023-04-05T22:00,21.3,38,2835.58
2023-04-05T23:00,20.5,42,2684.37
2023-04-06T00:00,19.5,45,2452.9
2023-04-06T01:00,19.2,46,2317.41
2023-04-06T02:00,18.3,49,2243.75
2023-04-06T03:00,17.3,54,2202.66
2023-04-06T04:00,16.7,57,2268.36
2023-04-06T05:00,18.4,60,2561.47
2023-04-06T06:00,18.6,65,3123.09
2023-04-06T07:00,20.0,67,3301.06
2023-04-06T08:00,22.6,55,3294.03
2023-04-06T09:00,24.3,47,3453.66
2023-04-06T10:00,27.4,36,3598.5
2023-04-06T11:00,29.2,30,3604.56
2023-04-06T12:00,30.3,28,3533.06
2023-04-06T13:00,31.0,26,3273.04
2023-04-06T14:00,31.3,24,3400.93
2023-04-06T15:00,31.1,22,3441.02
2023-04-06T16:00,30.7,22,3462.08
2023-04-06T17:00,29.6,25,3541.52
2023-04-06T18:00,25.8,36,3526.02
2023-04-06T19:00,23.7,41,3538.62
2023-04-06T20:00,23.6,32,3299.08
2023-04-06T21:00,21.8,35,3018.65
2023-04-06T22:00,21.9,35,2862.18
2023-04-06T23:00,21.5,36,2719.6
2023-04-07T00:00,20.4,42,2510.02
2023-04-07T01:00,18.9,49,2380.71
2023-04-07T02:00,18.0,54,2301.68
2023-04-07T03:00,18.1,55,2271.23
2023-04-07T04:00,17.6,59,2313.01
2023-04-07T05:00,17.4,65,2489.91
2023-04-07T06:00,17.8,65,2829.65
2023-04-07T07:00,19.9,59,3102.74
2023-04-07T08:00,22.7,51,3187.76
2023-04-07T09:00,25.4,45,3465.64
2023-04-07T10:00,27.6,35,3708.57
2023-04-07T11:00,29.3,25,3741.31
2023-04-07T12:00,30.4,21,3658.28
2023-04-07T13:00,31.1,19,3311.56
2023-04-07T14:00,31.3,18,3369.07
2023-04-07T15:00,31.1,18,3377.35
2023-04-07T16:00,30.6,19,3399.4
2023-04-07T17:00,29.7,22,3462.92
2023-04-07T18:00,27.0,26,3488.18
2023-04-07T19:00,25.5,27,3524.41
2023-04-07T20:00,24.6,27,3296.35
2023-04-07T21:00,23.7,28,3028.46
2023-04-07T22:00,22.9,29,2883.66
2023-04-07T23:00,22.2,31,2749.5
2023-04-08T00:00,21.3,34,2553.8
2023-04-08T01:00,19.8,41,2414.48
2023-04-08T02:00,18.9,45,2338.87
2023-04-08T03:00,18.5,45,2294.72
2023-04-08T04:00,17.1,50,2327.67
2023-04-08T05:00,17.1,54,2487.12
2023-04-08T06:00,17.6,54,2837.86
2023-04-08T07:00,20.0,50,3076.81
2023-04-08T08:00,23.5,43,3102.05
2023-04-08T09:00,26.7,34,3280.32
2023-04-08T10:00,29.0,24,3477.85
2023-04-08T11:00,30.2,21,3490.28
2023-04-08T12:00,31.0,20,3413.0
2023-04-08T13:00,31.4,19,3173.56
2023-04-08T14:00,31.8,17,3241.19
2023-04-08T15:00,31.7,16,3250.88
2023-04-08T16:00,31.3,16,3266.39
2023-04-08T17:00,30.4,20,3328.96
2023-04-08T18:00,26.6,30,3360.18
2023-04-08T19:00,24.2,32,3406.27
2023-04-08T20:00,23.2,32,3210.6
2023-04-08T21:00,22.0,35,2980.86
2023-04-08T22:00,20.9,38,2848.64
2023-04-08T23:00,21.4,35,2732.3
2023-04-09T00:00,21.6,33,2533.2
2023-04-09T01:00,20.3,38,2400.6
2023-04-09T02:00,19.0,46,2317.67
2023-04-09T03:00,20.4,42,2280.02
2023-04-09T04:00,21.5,38,2311.51
2023-04-09T05:00,19.7,48,2435.15
2023-04-09T06:00,18.0,56,2699.85
2023-04-09T07:00,20.5,52,2901.44
2023-04-09T08:00,25.0,44,2986.89
2023-04-09T09:00,28.5,33,3174.7
2023-04-09T10:00,30.9,22,3351.26
2023-04-09T11:00,32.4,16,3378.74
2023-04-09T12:00,32.8,14,3344.67
2023-04-09T13:00,33.1,15,3122.34
2023-04-09T14:00,33.1,15,3148.47
2023-04-09T15:00,32.9,15,3143.44
2023-04-09T16:00,32.7,16,3152.14
2023-04-09T17:00,31.6,17,3196.07
2023-04-09T18:00,28.6,23,3233.41
2023-04-09T19:00,28.3,19,3329.26
2023-04-09T20:00,26.1,22,3195.51
2023-04-09T21:00,25.6,26,3019.64
2023-04-09T22:00,22.6,32,2917.18
2023-04-09T23:00,23.3,29,2772.62
2023-04-10T00:00,23.1,29,2599.17
2023-04-10T01:00,20.8,35,2472.4
2023-04-10T02:00,20.6,37,2396.53
2023-04-10T03:00,22.5,31,2340.32
2023-04-10T04:00,20.1,38,2393.57
2023-04-10T05:00,20.2,39,2648.48
2023-04-10T06:00,19.7,46,3141.85
2023-04-10T07:00,21.9,42,3227.71
2023-04-10T08:00,25.3,36,3232.9
2023-04-10T09:00,28.5,30,3511.12
2023-04-10T10:00,31.0,24,3758.12
2023-04-10T11:00,32.5,19,3791.68
2023-04-10T12:00,33.0,18,3750.29
2023-04-10T13:00,33.3,18,3508.71
2023-04-10T14:00,33.1,18,3622.98
2023-04-10T15:00,33.3,17,3628.41
2023-04-10T16:00,33.1,17,3604.0
2023-04-10T17:00,32.1,20,3641.39
2023-04-10T18:00,28.0,29,3653.36
2023-04-10T19:00,27.3,25,3695.98
2023-04-10T20:00,24.3,30,3481.44
2023-04-10T21:00,24.3,29,3260.25
2023-04-10T22:00,23.7,30,3149.02
2023-04-10T23:00,23.3,32,2986.87
2023-04-11T00:00,21.3,37,2798.49
2023-04-11T01:00,20.7,38,2641.67
2023-04-11T02:00,20.6,38,2538.08
2023-04-11T03:00,20.7,37,2478.66
2023-04-11T04:00,20.5,36,2519.55
2023-04-11T05:00,19.4,45,2779.76
2023-04-11T06:00,19.7,46,3307.23
2023-04-11T07:00,22.0,43,3342.58
2023-04-11T08:00,25.4,37,3326.84
2023-04-11T09:00,29.0,29,3576.46
2023-04-11T10:00,31.8,24,3818.33
2023-04-11T11:00,33.4,19,3863.04
2023-04-11T12:00,34.3,17,3857.6
2023-04-11T13:00,34.9,18,3618.99
2023-04-11T14:00,35.9,14,3773.3
2023-04-11T15:00,35.7,13,3863.27
2023-04-11T16:00,35.1,14,3864.46
2023-04-11T17:00,33.9,17,3889.37
2023-04-11T18:00,31.5,21,3856.91
2023-04-11T19:00,29.6,22,3842.09
2023-04-11T20:00,29.1,22,3634.64
2023-04-11T21:00,28.4,22,3411.75
2023-04-11T22:00,26.8,25,3314.62
2023-04-11T23:00,24.7,29,3174.72
2023-04-12T00:00,24.0,31,2991.2
2023-04-12T01:00,23.7,32,2829.72
2023-04-12T02:00,25.0,29,2730.61
2023-04-12T03:00,25.6,28,2670.85
2023-04-12T04:00,25.4,29,2699.23
2023-04-12T05:00,23.1,40,2935.72
2023-04-12T06:00,24.5,38,3403.98
2023-04-12T07:00,26.0,37,3447.48
2023-04-12T08:00,29.1,31,3432.0
2023-04-12T09:00,31.7,26,3739.01
2023-04-12T10:00,34.5,19,4044.64
2023-04-12T11:00,35.5,18,4131.93
2023-04-12T12:00,36.2,17,4104.84
2023-04-12T13:00,36.3,16,3840.15
2023-04-12T14:00,36.4,16,3979.66
2023-04-12T15:00,35.7,16,4097.57
2023-04-12T16:00,34.7,18,4049.14
2023-04-12T17:00,33.6,20,4028.58
2023-04-12T18:00,30.9,27,3953.43
2023-04-12T19:00,29.1,28,3973.55
2023-04-12T20:00,28.3,29,3785.42
2023-04-12T21:00,27.4,29,3587.42
2023-04-12T22:00,24.9,35,3513.96
2023-04-12T23:00,25.2,34,3384.05
2023-04-13T00:00,24.4,35,3176.77
2023-04-13T01:00,23.3,38,3012.74
2023-04-13T02:00,22.4,43,2890.84
2023-04-13T03:00,22.4,42,2807.57
2023-04-13T04:00,22.2,40,2827.57
2023-04-13T05:00,22.2,46,3026.95
2023-04-13T06:00,22.4,47,3434.23
2023-04-13T07:00,24.8,43,3440.73
2023-04-13T08:00,28.3,37,3424.99
2023-04-13T09:00,31.4,31,3731.11
2023-04-13T10:00,34.1,24,4098.01
2023-04-13T11:00,35.5,19,4212.43
2023-04-13T12:00,36.4,16,4203.81
2023-04-13T13:00,37.2,13,3968.62
2023-04-13T14:00,37.2,13,4161.6
2023-04-13T15:00,37.0,12,4259.04
2023-04-13T16:00,36.4,12,4274.23
2023-04-13T17:00,35.4,16,4237.55
2023-04-13T18:00,32.9,19,4116.49
2023-04-13T19:00,30.9,20,4117.58
2023-04-13T20:00,28.8,22,3926.39
2023-04-13T21:00,27.7,25,3740.59
2023-04-13T22:00,27.6,24,3723.54
2023-04-13T23:00,27.1,25,3637.59
2023-04-14T00:00,25.3,30,3422.49
2023-04-14T01:00,23.0,37,3233.72
2023-04-14T02:00,23.9,34,3103.55
2023-04-14T03:00,23.2,35,2985.92
2023-04-14T04:00,21.9,39,2972.28
2023-04-14T05:00,21.8,44,3067.34
2023-04-14T06:00,23.0,43,3251.08
2023-04-14T07:00,25.7,41,3382.41
2023-04-14T08:00,29.6,34,3457.06
2023-04-14T09:00,32.6,28,3749.53
2023-04-14T10:00,34.8,22,4032.12
2023-04-14T11:00,36.2,17,4253.96
2023-04-14T12:00,37.0,15,4264.37
2023-04-14T13:00,37.3,14,3980.5
2023-04-14T14:00,37.3,13,4142.9
2023-04-14T15:00,37.0,13,4207.93
2023-04-14T16:00,36.5,13,4195.93
2023-04-14T17:00,35.7,16,4143.71
2023-04-14T18:00,32.3,22,4098.47
2023-04-14T19:00,30.2,24,4134.1
2023-04-14T20:00,28.1,27,3973.22
2023-04-14T21:00,26.6,29,3828.18
2023-04-14T22:00,26.0,29,3864.19
2023-04-14T23:00,24.5,31,3830.91
2023-04-15T00:00,25.4,28,3651.63
2023-04-15T01:00,24.7,30,3445.6
2023-04-15T02:00,24.8,32,3279.27
2023-04-15T03:00,23.4,33,3145.46
2023-04-15T04:00,23.7,31,3121.2
2023-04-15T05:00,22.0,41,3213.22
2023-04-15T06:00,22.4,43,3388.17
2023-04-15T07:00,25.4,39,3411.21
2023-04-15T08:00,30.1,32,3418.54
2023-04-15T09:00,34.6,22,3685.33
2023-04-15T10:00,37.4,15,3993.29
2023-04-15T11:00,38.7,11,4103.32
2023-04-15T12:00,39.1,10,4150.79
2023-04-15T13:00,39.1,9,4026.39
2023-04-15T14:00,39.0,10,4188.76
2023-04-15T15:00,38.9,10,4290.39
2023-04-15T16:00,38.3,11,4261.05
2023-04-15T17:00,36.9,17,4205.18
2023-04-15T18:00,32.1,23,4105.87
2023-04-15T19:00,29.5,24,4126.45
2023-04-15T20:00,29.1,23,4036.58
2023-04-15T21:00,28.7,21,3972.68
2023-04-15T22:00,34.1,13,3965.6
2023-04-15T23:00,26.0,26,3923.33
2023-04-16T00:00,25.5,28,3865.47
2023-04-16T01:00,25.6,27,3663.06
2023-04-16T02:00,25.1,27,3487.19
2023-04-16T03:00,27.5,22,3326.59
2023-04-16T04:00,22.7,31,3261.05
2023-04-16T05:00,23.2,42,3267.18
2023-04-16T06:00,24.9,45,3308.07
2023-04-16T07:00,27.3,39,3330.86
2023-04-16T08:00,30.5,32,3336.69
2023-04-16T09:00,32.8,29,3511.6
2023-04-16T10:00,35.3,23,3640.89
2023-04-16T11:00,37.4,20,3780.97
2023-04-16T12:00,38.6,16,3850.24
2023-04-16T13:00,38.8,14,3770.78
2023-04-16T14:00,39.2,13,3985.23
2023-04-16T15:00,38.9,14,4108.43
2023-04-16T16:00,38.3,14,4075.26
2023-04-16T17:00,37.2,16,4038.49
2023-04-16T18:00,34.2,20,3976.58
2023-04-16T19:00,32.1,20,4055.04
2023-04-16T20:00,29.9,25,4080.67
2023-04-16T21:00,29.2,26,4157.82
2023-04-16T22:00,28.9,26,4320.12
2023-04-16T23:00,27.9,29,4309.34
2023-04-17T00:00,27.0,33,4054.32
2023-04-17T01:00,26.0,37,3803.58
2023-04-17T02:00,24.4,43,3605.18
2023-04-17T03:00,28.4,31,3471.64
2023-04-17T04:00,29.3,28,3391.65
2023-04-17T05:00,25.4,41,3451.52
2023-04-17T06:00,25.1,42,3600.89
2023-04-17T07:00,27.3,39,3574.49
2023-04-17T08:00,30.2,35,3604.89
2023-04-17T09:00,33.6,28,3958.86
2023-04-17T10:00,36.4,23,4394.12
2023-04-17T11:00,38.2,18,4526.31
2023-04-17T12:00,38.7,15,4543.15
2023-04-17T13:00,39.1,14,4387.65
2023-04-17T14:00,38.9,14,4614.95
2023-04-17T15:00,38.6,14,4837.17
2023-04-17T16:00,38.2,14,5006.08
2023-04-17T17:00,37.2,15,4792.98
2023-04-17T18:00,35.1,17,4599.27
2023-04-17T19:00,31.7,21,4615.31
2023-04-17T20:00,35.0,16,4556.32
2023-04-17T21:00,35.1,15,4579.3
2023-04-17T22:00,34.3,16,4790.12
2023-04-17T23:00,28.0,24,4849.63
2023-04-18T00:00,27.9,25,4612.53
2023-04-18T01:00,26.2,30,4327.22
2023-04-18T02:00,25.5,33,4088.4
2023-04-18T03:00,26.0,32,3870.68
2023-04-18T04:00,26.1,32,3754.2
2023-04-18T05:00,25.9,35,3767.39
2023-04-18T06:00,25.7,37,3861.78
2023-04-18T07:00,28.4,33,3790.87
2023-04-18T08:00,31.3,29,3816.66
2023-04-18T09:00,34.8,23,4190.28
2023-04-18T10:00,36.9,20,4602.21
2023-04-18T11:00,38.4,17,4765.67
2023-04-18T12:00,39.1,16,4844.73
2023-04-18T13:00,39.0,16,4793.26
2023-04-18T14:00,38.7,16,5153.88
2023-04-18T15:00,38.8,16,5359.02
2023-04-18T16:00,37.5,17,5273.66
2023-04-18T17:00,38.1,14,5055.86
2023-04-18T18:00,35.8,17,4790.42
2023-04-18T19:00,34.6,17,4777.85
2023-04-18T20:00,32.8,19,4751.78
2023-04-18T21:00,32.5,20,4821.32
2023-04-18T22:00,31.7,23,5051.78
2023-04-18T23:00,30.9,24,5088.5
2023-04-19T00:00,29.8,26,4810.03
2023-04-19T01:00,27.4,30,4498.75
2023-04-19T02:00,28.4,29,4268.92
2023-04-19T03:00,26.5,34,4029.43
2023-04-19T04:00,25.3,36,3823.32
2023-04-19T05:00,25.7,47,3787.92
2023-04-19T06:00,25.1,49,3843.15
2023-04-19T07:00,26.8,45,3732.38
2023-04-19T08:00,29.1,39,3738.22
2023-04-19T09:00,31.8,32,4087.07
2023-04-19T10:00,33.8,27,4511.81
2023-04-19T11:00,35.1,25,4657.51
2023-04-19T12:00,36.2,22,4773.89
2023-04-19T13:00,37.3,19,4701.52
2023-04-19T14:00,36.1,20,5040.26
2023-04-19T15:00,35.9,19,5238.76
2023-04-19T16:00,34.3,24,5155.38
2023-04-19T17:00,27.8,43,4939.43
2023-04-19T18:00,28.7,41,4716.49
2023-04-19T19:00,28.3,44,4763.73
2023-04-19T20:00,27.4,46,4647.23
2023-04-19T21:00,26.3,51,4592.53
2023-04-19T22:00,26.7,50,4803.02
2023-04-19T23:00,25.1,55,4846.26
2023-04-20T00:00,24.4,57,4601.08
2023-04-20T01:00,24.3,56,4320.34
2023-04-20T02:00,24.2,55,4052.93
2023-04-20T03:00,23.4,56,3830.11
2023-04-20T04:00,23.3,55,3699.36
2023-04-20T05:00,24.4,65,3702.67
2023-04-20T06:00,24.6,64,3784.51
2023-04-20T07:00,25.7,58,3683.85
2023-04-20T08:00,28.1,50,3707.53
2023-04-20T09:00,30.9,36,4096.45
2023-04-20T10:00,32.1,32,4516.34
2023-04-20T11:00,33.2,29,4635.82
2023-04-20T12:00,33.9,27,4693.5
2023-04-20T13:00,34.1,26,4565.09
2023-04-20T14:00,34.4,26,4790.41
2023-04-20T15:00,34.7,24,5021.89
2023-04-20T16:00,33.6,23,4935.74
2023-04-20T17:00,24.9,59,4765.02
2023-04-20T18:00,28.0,43,4506.7
2023-04-20T19:00,27.6,43,4291.73
2023-04-20T20:00,27.3,38,4172.7
2023-04-20T21:00,25.9,45,4191.98
2023-04-20T22:00,25.2,49,4437.6
2023-04-20T23:00,26.2,45,4514.31
2023-04-21T00:00,24.8,48,4294.43
2023-04-21T01:00,23.0,56,3986.03
2023-04-21T02:00,23.1,55,3752.15
2023-04-21T03:00,22.4,56,3567.67
2023-04-21T04:00,22.7,55,3462.09
2023-04-21T05:00,22.8,61,3452.22
2023-04-21T06:00,23.1,60,3578.61
2023-04-21T07:00,24.9,53,3544.82
2023-04-21T08:00,27.7,45,3561.09
2023-04-21T09:00,29.9,39,3933.23
2023-04-21T10:00,31.9,33,4311.52
2023-04-21T11:00,33.6,24,4480.69
2023-04-21T12:00,34.8,19,4511.18
2023-04-21T13:00,35.2,17,4311.43
2023-04-21T14:00,35.1,17,4530.37
2023-04-21T15:00,34.8,18,4706.61
2023-04-21T16:00,34.2,18,4661.84
2023-04-21T17:00,34.0,15,4530.88
2023-04-21T18:00,32.1,16,4349.12
2023-04-21T19:00,30.2,18,4302.31
2023-04-21T20:00,32.0,14,4150.36
2023-04-21T21:00,27.2,26,4085.18
2023-04-21T22:00,26.2,32,4263.97
2023-04-21T23:00,26.4,27,4363.21
2023-04-22T00:00,25.9,28,4195.73
2023-04-22T01:00,25.4,30,3932.71
2023-04-22T02:00,22.7,37,3685.66
2023-04-22T03:00,22.0,39,3511.98
2023-04-22T04:00,21.1,45,3404.66
2023-04-22T05:00,20.8,59,3379.64
2023-04-22T06:00,22.9,52,3394.8
2023-04-22T07:00,25.6,45,3320.3
2023-04-22T08:00,28.3,36,3254.66
2023-04-22T09:00,30.8,28,3457.38
2023-04-22T10:00,32.6,23,3732.55
2023-04-22T11:00,33.7,16,3853.66
2023-04-22T12:00,35.0,14,3913.5
2023-04-22T13:00,35.1,13,3851.9
2023-04-22T14:00,35.1,13,3997.02
2023-04-22T15:00,34.7,13,4060.58
2023-04-22T16:00,34.4,14,4048.13
2023-04-22T17:00,34.0,12,3954.35
2023-04-22T18:00,31.5,14,3871.22
2023-04-22T19:00,28.3,16,3900.39
2023-04-22T20:00,27.4,17,3795.14
2023-04-22T21:00,27.6,17,3679.32
2023-04-22T22:00,26.8,19,3803.22
2023-04-22T23:00,25.2,22,3931.88
2023-04-23T00:00,23.8,26,3802.98
2023-04-23T01:00,23.2,28,3594.97
2023-04-23T02:00,22.6,31,3435.92
2023-04-23T03:00,21.8,34,3274.45
2023-04-23T04:00,20.9,37,3172.01
2023-04-23T05:00,22.1,38,3146.94
2023-04-23T06:00,22.7,40,3137.21
2023-04-23T07:00,25.2,35,3096.16
2023-04-23T08:00,27.4,29,3059.88
2023-04-23T09:00,28.7,24,3178.2
2023-04-23T10:00,31.3,18,3417.18
2023-04-23T11:00,32.5,16,3442.08
2023-04-23T12:00,33.5,14,3408.17
2023-04-23T13:00,33.9,14,3307.19
2023-04-23T14:00,33.7,14,3399.72
2023-04-23T15:00,33.1,15,3314.42
2023-04-23T16:00,32.5,15,3297.51
2023-04-23T17:00,29.9,20,3381.14
2023-04-23T18:00,28.3,24,3419.65
2023-04-23T19:00,26.6,28,3532.72
2023-04-23T20:00,24.7,34,3470.52
2023-04-23T21:00,23.7,35,3381.75
2023-04-23T22:00,23.1,37,3468.86
2023-04-23T23:00,21.6,42,3495.08
2023-04-24T00:00,21.6,43,3379.84
2023-04-24T01:00,21.1,44,3223.05
2023-04-24T02:00,21.3,41,3072.93
2023-04-24T03:00,20.7,43,2959.81
2023-04-24T04:00,20.0,47,2898.13
2023-04-24T05:00,20.0,49,2983.71
2023-04-24T06:00,20.9,58,3228.53
2023-04-24T07:00,23.7,41,3237.43
2023-04-24T08:00,25.9,35,3259.57
2023-04-24T09:00,27.7,32,3580.87
2023-04-24T10:00,30.1,27,3881.16
2023-04-24T11:00,31.6,22,3970.95
2023-04-24T12:00,31.3,22,4005.82
2023-04-24T13:00,31.6,21,3834.97
2023-04-24T14:00,31.9,21,3974.92
2023-04-24T15:00,30.7,23,4080.63
2023-04-24T16:00,30.0,26,4075.12
2023-04-24T17:00,29.9,25,4017.61
2023-04-24T18:00,29.1,26,3898.26
2023-04-24T19:00,27.4,31,3889.88
2023-04-24T20:00,26.0,35,3708.89
2023-04-24T21:00,25.2,38,3564.33
2023-04-24T22:00,24.6,40,3634.24
2023-04-24T23:00,23.8,43,3638.08
2023-04-25T00:00,23.0,46,3456.11
2023-04-25T01:00,22.3,49,3276.3
2023-04-25T02:00,21.7,51,3115.66
2023-04-25T03:00,21.1,54,2987.93
2023-04-25T04:00,20.6,56,2930.45
2023-04-25T05:00,20.6,54,3022.88
2023-04-25T06:00,21.0,54,3287.54
2023-04-25T07:00,22.7,50,3253.17
2023-04-25T08:00,25.3,43,3259.7
2023-04-25T09:00,27.9,35,3577.55
2023-04-25T10:00,29.7,30,3904.14
2023-04-25T11:00,31.2,26,3994.99
2023-04-25T12:00,32.4,23,4009.21
2023-04-25T13:00,32.9,22,3855.72
2023-04-25T14:00,33.2,22,4067.76
2023-04-25T15:00,33.2,22,4198.92
2023-04-25T16:00,32.7,22,4170.31
2023-04-25T17:00,33.0,21,4123.17
2023-04-25T18:00,31.6,23,4013.5
2023-04-25T19:00,28.8,30,4014.29
2023-04-25T20:00,27.4,33,3831.42
2023-04-25T21:00,27.6,32,3712.51
2023-04-25T22:00,25.5,38,3820.98
2023-04-25T23:00,24.7,42,3845.85
2023-04-26T00:00,23.5,46,3654.78
2023-04-26T01:00,22.7,49,3438.08
2023-04-26T02:00,22.7,49,3268.59
2023-04-26T03:00,22.2,50,3129.55
2023-04-26T04:00,22.2,49,3077.49
2023-04-26T05:00,22.1,53,3150.38
2023-04-26T06:00,23.5,48,3404.17
2023-04-26T07:00,26.4,41,3392.89
2023-04-26T08:00,29.1,35,3418.16
2023-04-26T09:00,31.6,29,3774.14
2023-04-26T10:00,33.3,22,4146.64
2023-04-26T11:00,34.1,20,4243.15
2023-04-26T12:00,34.9,18,4248.12
2023-04-26T13:00,35.4,17,4060.88
2023-04-26T14:00,35.6,17,4270.73
2023-04-26T15:00,35.1,17,4416.78
2023-04-26T16:00,34.7,17,4398.91
2023-04-26T17:00,34.4,18,4313.27
2023-04-26T18:00,31.6,25,4201.82
2023-04-26T19:00,29.4,26,4180.91
2023-04-26T20:00,29.4,28,4027.6
2023-04-26T21:00,28.0,31,3925.49
2023-04-26T22:00,26.6,34,4098.48
2023-04-26T23:00,26.4,36,4120.35
2023-04-27T00:00,25.1,39,3926.97
2023-04-27T01:00,24.4,39,3686.76
2023-04-27T02:00,25.1,34,3492.66
2023-04-27T03:00,24.5,34,3334.66
2023-04-27T04:00,24.2,35,3263.92
2023-04-27T05:00,23.6,44,3290.59
2023-04-27T06:00,24.5,43,3433.38
2023-04-27T07:00,27.0,39,3409.75
2023-04-27T08:00,29.0,37,3456.91
2023-04-27T09:00,29.6,32,3713.37
2023-04-27T10:00,32.3,27,4011.18
2023-04-27T11:00,34.6,21,4093.39
2023-04-27T12:00,35.8,17,4291.07
2023-04-27T13:00,35.4,18,4213.64
2023-04-27T14:00,35.0,19,4469.3
2023-04-27T15:00,32.5,26,4639.84
2023-04-27T16:00,29.1,36,4609.11
2023-04-27T17:00,35.8,14,4523.31
2023-04-27T18:00,33.0,18,4322.38
2023-04-27T19:00,29.3,28,4155.63
2023-04-27T20:00,28.3,33,3905.57
2023-04-27T21:00,27.2,33,3754.03
2023-04-27T22:00,27.2,31,3849.39
2023-04-27T23:00,25.9,34,3927.44
2023-04-28T00:00,24.7,39,3783.74
2023-04-28T01:00,24.6,38,3593.54
2023-04-28T02:00,24.8,37,3427.88
2023-04-28T03:00,24.1,39,3295.33
2023-04-28T04:00,23.2,45,3215.69
2023-04-28T05:00,22.4,56,3274.19
2023-04-28T06:00,23.6,51,3478.43
2023-04-28T07:00,25.3,46,3481.74
2023-04-28T08:00,27.4,41,3506.37
2023-04-28T09:00,28.3,39,3844.85
2023-04-28T10:00,30.2,34,4229.52
2023-04-28T11:00,32.2,28,4337.03
2023-04-28T12:00,32.0,28,4287.17
2023-04-28T13:00,33.3,24,4053.55
2023-04-28T14:00,33.0,24,4258.98
2023-04-28T15:00,33.4,23,4376.3
2023-04-28T16:00,33.5,23,4357.2
2023-04-28T17:00,32.2,25,4345.29
2023-04-28T18:00,30.9,28,4217.08
2023-04-28T19:00,29.4,29,4231.85
2023-04-28T20:00,27.0,37,4042.34
2023-04-28T21:00,25.6,42,3905.95
2023-04-28T22:00,25.5,43,4008.19
2023-04-28T23:00,24.4,46,4047.55
2023-04-29T00:00,23.9,48,3881.67
2023-04-29T01:00,23.0,53,3668.31
2023-04-29T02:00,22.5,57,3484.9
2023-04-29T03:00,21.8,60,3335.16
2023-04-29T04:00,22.0,60,3245.99
2023-04-29T05:00,24.2,54,3270.04
2023-04-29T06:00,25.0,52,3371.93
2023-04-29T07:00,24.8,52,3377.46
2023-04-29T08:00,27.0,46,3354.26
2023-04-29T09:00,28.6,41,3575.07
2023-04-29T10:00,30.3,36,3823.16
2023-04-29T11:00,31.8,32,3964.41
2023-04-29T12:00,33.3,29,4065.13
2023-04-29T13:00,29.5,39,3900.53
2023-04-29T14:00,31.5,34,3977.62
2023-04-29T15:00,30.5,35,4017.49
2023-04-29T16:00,30.1,36,3983.12
2023-04-29T17:00,27.0,51,3929.48
2023-04-29T18:00,27.1,51,3885.48
2023-04-29T19:00,25.7,55,3911.93
2023-04-29T20:00,24.9,59,3778.36
2023-04-29T21:00,24.0,63,3671.32
2023-04-30T00:00,22.7,63,3701.16
2023-04-30T01:00,22.5,64,3518.1
2023-04-30T02:00,23.4,59,3321.34
2023-04-30T03:00,22.0,68,3191.1
2023-04-30T04:00,21.5,72,3117.15
2023-04-30T05:00,22.4,74,3104.92
2023-04-30T06:00,22.9,73,3136.47
2023-04-30T07:00,23.6,67,3175.33
2023-04-30T08:00,24.3,62,3182.26
2023-04-30T09:00,26.6,51,3332.69
2023-04-30T10:00,28.4,43,3540.22
2023-04-30T11:00,28.3,42,3626.37
2023-04-30T12:00,29.4,38,3634.97
2023-04-30T13:00,30.0,37,3434.51
2023-04-30T14:00,30.4,36,3461.82
2023-04-30T15:00,30.0,36,3399.69
2023-04-30T16:00,28.2,45,3412.42
2023-04-30T17:00,24.4,60,3439.67
2023-04-30T18:00,21.7,77,3485.24
2023-04-30T19:00,22.3,77,3536.81
2023-04-30T20:00,22.1,79,3444.69
2023-04-30T21:00,21.5,80,3312.14
2023-04-30T22:00,21.2,82,3318.17
2023-05-01T00:00,21.0,85,3130.33
2023-05-01T01:00,20.7,86,2962.95
2023-05-01T02:00,20.4,88,2837.75
2023-05-01T03:00,20.2,89,2745.28
2023-05-01T04:00,20.2,89,2726.16
2023-05-01T05:00,19.8,92,2860.16
2023-05-01T06:00,20.3,91,3189.5
2023-05-01T07:00,20.3,92,3198.33
2023-05-01T08:00,21.4,85,3202.31
2023-05-01T09:00,22.7,78,3462.76
2023-05-01T10:00,23.1,74,3572.82
2023-05-01T11:00,23.8,69,3611.13
2023-05-01T12:00,25.3,63,3545.95
2023-05-01T13:00,26.6,57,3262.4
2023-05-01T14:00,27.8,52,3284.4
2023-05-01T15:00,27.6,50,3299.82
2023-05-01T16:00,26.4,52,3287.96
2023-05-01T17:00,20.1,88,3350.45
2023-05-01T18:00,21.2,87,3351.09
2023-05-01T19:00,20.7,89,3348.25
2023-05-01T20:00,20.6,92,3159.56
2023-05-01T21:00,20.4,93,2933.9
2023-05-01T22:00,20.2,94,2809.43
2023-05-01T23:00,20.2,93,2696.77
2023-05-02T00:00,20.0,95,2537.67
2023-05-02T01:00,19.9,95,2415.57
2023-05-02T02:00,19.7,97,2331.2
2023-05-02T03:00,19.5,98,2281.48
2023-05-02T04:00,19.3,98,2313.78
2023-05-02T05:00,20.0,97,2534.12
2023-05-02T06:00,20.8,89,2996.8
2023-05-02T07:00,21.5,86,3081.45
2023-05-02T08:00,22.5,79,3122.25
2023-05-02T09:00,23.5,74,3407.14
2023-05-02T10:00,24.8,68,3634.81
2023-05-02T11:00,26.3,62,3663.86
2023-05-02T12:00,27.3,59,3633.52
2023-05-02T13:00,28.0,55,3393.06
2023-05-02T14:00,27.8,54,3521.48
2023-05-02T15:00,24.2,71,3547.5
2023-05-02T16:00,23.3,74,3528.24
2023-05-02T17:00,23.5,75,3529.23
2023-05-02T18:00,22.7,79,3529.22
2023-05-02T19:00,21.8,85,3565.05
2023-05-02T20:00,21.6,87,3329.46
2023-05-02T21:00,21.3,88,3059.1
2023-05-02T22:00,20.8,89,2857.15
2023-05-02T23:00,20.9,88,2732.52
2023-05-03T00:00,20.3,91,2637.63
2023-05-03T01:00,20.1,92,2511.8
2023-05-03T02:00,20.3,91,2416.3
2023-05-03T03:00,19.9,94,2367.29
2023-05-03T04:00,19.9,95,2396.68
2023-05-03T05:00,20.5,95,2596.59
2023-05-03T06:00,19.9,93,3081.03
2023-05-03T07:00,20.4,90,3145.31
2023-05-03T08:00,22.4,83,3192.65
2023-05-03T09:00,23.1,76,3501.26
2023-05-03T10:00,22.8,77,3827.04
2023-05-03T11:00,25.1,67,3900.2
2023-05-03T12:00,27.0,60,3928.33
2023-05-03T13:00,28.2,54,3612.94
2023-05-03T14:00,26.9,55,3357.78
2023-05-03T15:00,27.2,55,3304.61
2023-05-03T16:00,27.1,55,3346.34
2023-05-03T17:00,21.5,85,3358.23
2023-05-03T18:00,22.3,82,3382.86
2023-05-03T19:00,21.7,86,3342.16
2023-05-03T20:00,21.6,85,3108.31
2023-05-03T21:00,20.9,88,2843.79
2023-05-03T22:00,20.1,93,2694.4
2023-05-03T23:00,20.0,94,2536.87
2023-05-04T00:00,19.5,96,2368.11
2023-05-04T01:00,19.3,97,2250.3
2023-05-04T02:00,19.3,98,2172.37
2023-05-04T03:00,18.9,99,2135.67
2023-05-04T04:00,18.7,99,2165.55
2023-05-04T05:00,18.8,98,2406.52
2023-05-04T06:00,19.8,96,2914.49
2023-05-04T07:00,21.3,88,3018.3
2023-05-04T08:00,23.3,76,3054.46
2023-05-04T09:00,24.9,70,3298.41
2023-05-04T10:00,26.6,61,3543.82
2023-05-04T11:00,28.0,55,3583.67
2023-05-04T12:00,28.7,52,3583.27
2023-05-04T13:00,29.3,49,3389.53
2023-05-04T14:00,29.6,47,3522.86
2023-05-04T15:00,29.7,45,3584.98
2023-05-04T16:00,29.5,45,3603.45
2023-05-04T17:00,28.8,52,3642.1
2023-05-04T18:00,27.8,60,3619.33
2023-05-04T19:00,25.8,65,3662.9
2023-05-04T20:00,24.9,70,3432.21
2023-05-04T21:00,23.8,76,3163.14
2023-05-04T22:00,23.1,79,3066.09
2023-05-04T23:00,22.5,82,2948.69
2023-05-05T00:00,22.0,84,2771.69
2023-05-05T01:00,21.5,86,2624.38
2023-05-05T02:00,21.0,88,2531.03
2023-05-05T03:00,20.6,89,2467.38
2023-05-05T04:00,20.8,86,2467.06
2023-05-05T05:00,22.4,74,2588.77
2023-05-05T06:00,23.6,70,2833.65
2023-05-05T07:00,25.7,65,3014.82
2023-05-05T08:00,28.3,53,3163.82
2023-05-05T09:00,30.1,44,3509.97
2023-05-05T10:00,23.9,71,3804.54
2023-05-05T11:00,26.1,62,3905.96
2023-05-05T12:00,29.1,52,3897.88
2023-05-05T13:00,29.3,49,3602.76
2023-05-05T14:00,30.6,43,3685.07
2023-05-05T15:00,30.8,38,3735.85
2023-05-05T16:00,30.7,37,3749.67
2023-05-05T17:00,29.9,37,3805.95
2023-05-05T18:00,29.3,39,3786.76
2023-05-05T19:00,27.0,43,3817.31
2023-05-05T20:00,25.8,46,3653.74
2023-05-05T21:00,24.7,54,3443.96
2023-05-05T22:00,26.4,49,3409.48
2023-05-05T23:00,23.2,57,3329.43
2023-05-06T00:00,22.5,59,3152.11
2023-05-06T01:00,22.0,60,2981.16
2023-05-06T02:00,21.3,64,2854.8
2023-05-06T03:00,20.9,64,2769.3
2023-05-06T04:00,20.7,64,2743.11
2023-05-06T05:00,21.9,65,2857.28
2023-05-06T06:00,23.9,58,3098.5
2023-05-06T07:00,25.9,54,3154.59
2023-05-06T08:00,28.4,47,3187.02
2023-05-06T09:00,30.7,37,3428.45
2023-05-06T10:00,32.3,31,3712.66
2023-05-06T11:00,33.4,30,3843.35
2023-05-06T12:00,34.5,28,3741.36
2023-05-06T13:00,35.4,25,3379.82
2023-05-06T14:00,34.8,26,3563.91
2023-05-06T15:00,34.3,26,3644.01
2023-05-06T16:00,32.4,30,3692.09
2023-05-06T17:00,28.0,50,3745.0
2023-05-06T18:00,28.2,52,3716.96
2023-05-06T19:00,26.1,55,3759.26
2023-05-06T20:00,26.8,50,3650.99
2023-05-06T21:00,24.9,58,3496.02
2023-05-06T22:00,24.3,59,3498.95
2023-05-06T23:00,24.2,57,3483.11
2023-05-07T00:00,23.8,55,3347.12
2023-05-07T01:00,23.5,53,3161.71
2023-05-07T02:00,22.7,56,3013.73
2023-05-07T03:00,22.4,56,2915.8
2023-05-07T04:00,22.3,54,2873.32
2023-05-07T05:00,22.0,54,2908.27
2023-05-07T06:00,23.8,49,2997.25
2023-05-07T07:00,26.8,44,3076.06
2023-05-07T08:00,30.1,38,3108.0
2023-05-07T09:00,32.8,31,3301.9
2023-05-07T10:00,34.6,26,3553.2
2023-05-07T11:00,35.8,23,3699.89
2023-05-07T12:00,36.1,22,3715.8
2023-05-07T13:00,34.8,26,3603.97
2023-05-07T14:00,34.8,26,3732.2
2023-05-07T15:00,35.1,25,3793.93
2023-05-07T16:00,35.1,24,3765.48
2023-05-07T17:00,29.8,38,3667.45
2023-05-07T18:00,30.8,36,3528.68
2023-05-07T19:00,29.8,35,3632.18
2023-05-07T20:00,28.7,37,3587.23
2023-05-07T21:00,27.4,40,3548.48
2023-05-07T22:00,26.5,42,3643.66
2023-05-07T23:00,25.7,45,3659.83
2023-05-08T00:00,25.8,43,3514.63
2023-05-08T01:00,24.5,47,3316.27
2023-05-08T02:00,23.3,53,3186.46
2023-05-08T03:00,21.9,62,3071.39
2023-05-08T04:00,22.0,59,3001.12
2023-05-08T05:00,24.2,60,3110.84
2023-05-08T06:00,25.4,54,3400.33
2023-05-08T07:00,26.1,53,3396.78
2023-05-08T08:00,28.6,45,3417.11
2023-05-08T09:00,31.5,35,3765.17
2023-05-08T10:00,33.4,30,4089.26
2023-05-08T11:00,34.6,27,4150.6
2023-05-08T12:00,35.1,27,4182.39
2023-05-08T13:00,35.4,27,4044.64
2023-05-08T14:00,35.8,22,4278.45
2023-05-08T15:00,36.5,17,4459.74
2023-05-08T16:00,36.6,15,4374.36
2023-05-08T17:00,32.6,30,4289.64
2023-05-08T18:00,32.2,33,4191.17
2023-05-08T19:00,29.3,41,4182.97
2023-05-08T20:00,27.8,43,4060.2
2023-05-08T21:00,26.9,46,3954.91
2023-05-08T22:00,26.3,47,4066.01
2023-05-08T23:00,25.5,49,4106.08
2023-05-09T00:00,24.2,54,3896.49
2023-05-09T01:00,23.8,55,3673.85
2023-05-09T02:00,22.7,60,3484.71
2023-05-09T03:00,21.4,67,3308.22
2023-05-09T04:00,22.4,63,3220.07
2023-05-09T05:00,21.5,72,3279.33
2023-05-09T06:00,22.7,68,3507.91
2023-05-09T07:00,24.6,59,3466.26
2023-05-09T08:00,27.7,44,3488.06
2023-05-09T09:00,31.5,30,3839.26
2023-05-09T10:00,33.8,21,4192.47
2023-05-09T11:00,35.3,18,4267.09
2023-05-09T12:00,36.5,14,4300.51
2023-05-09T13:00,37.1,13,4115.58
2023-05-09T14:00,37.1,12,4351.07
2023-05-09T15:00,36.8,13,4507.89
2023-05-09T16:00,36.4,12,4463.63
2023-05-09T17:00,36.2,13,4367.7
2023-05-09T18:00,33.9,14,4222.92
2023-05-09T19:00,30.8,19,4182.34
2023-05-09T20:00,29.4,19,4046.34
2023-05-09T21:00,29.0,19,3941.48
2023-05-09T22:00,27.7,23,4062.17
2023-05-09T23:00,26.3,27,4129.76
2023-05-10T00:00,25.6,28,3942.68
2023-05-10T01:00,24.0,32,3693.4
2023-05-10T02:00,23.3,34,3487.86
2023-05-10T03:00,22.6,35,3321.06
2023-05-10T04:00,22.1,36,3232.08
2023-05-10T05:00,21.9,40,3269.12
2023-05-10T06:00,23.2,37,3460.67
2023-05-10T07:00,25.6,34,3420.87
2023-05-10T08:00,28.6,28,3441.88
2023-05-10T09:00,31.6,22,3784.81
2023-05-10T10:00,33.7,15,4148.25
2023-05-10T11:00,34.8,12,4247.16
2023-05-10T12:00,35.5,11,4286.32
2023-05-10T13:00,36.1,10,4119.31
2023-05-10T14:00,36.3,10,4374.2
2023-05-10T15:00,36.5,10,4559.76
2023-05-10T16:00,36.0,10,4541.73
2023-05-10T17:00,36.4,11,4442.02
2023-05-10T18:00,34.5,13,4274.43
2023-05-10T19:00,32.4,15,4256.71
2023-05-10T20:00,30.2,18,4121.49
2023-05-10T21:00,27.3,23,4045.63
2023-05-10T22:00,26.5,26,4205.97
2023-05-10T23:00,28.5,24,4285.12
2023-05-11T00:00,25.3,28,4122.61
2023-05-11T01:00,24.8,27,3872.53
2023-05-11T02:00,23.3,30,3646.77
2023-05-11T03:00,22.6,31,3473.63
2023-05-11T04:00,22.1,32,3376.11
2023-05-11T05:00,22.6,37,3379.46
2023-05-11T06:00,24.5,34,3531.33
2023-05-11T07:00,27.6,30,3488.18
2023-05-11T08:00,31.1,24,3537.61
2023-05-11T09:00,33.6,20,3930.91
2023-05-11T10:00,35.4,17,4312.14
2023-05-11T11:00,37.0,13,4449.66
2023-05-11T12:00,37.9,11,4527.45
2023-05-11T13:00,38.6,9,4380.65
2023-05-11T14:00,38.9,9,4638.12
2023-05-11T15:00,38.7,9,4851.92
2023-05-11T16:00,38.0,10,4675.97
2023-05-11T17:00,37.5,13,4591.93
2023-05-11T18:00,35.5,16,4415.62
2023-05-11T19:00,31.9,20,4488.6
2023-05-11T20:00,29.6,24,4407.28
2023-05-11T21:00,32.4,19,4362.58
2023-05-11T22:00,27.2,29,4590.15
2023-05-12T00:00,30.7,22,4479.27
2023-05-12T01:00,28.8,26,4211.7
2023-05-12T02:00,27.8,30,3987.6
2023-05-12T03:00,24.0,35,3815.65
2023-05-12T04:00,23.1,36,3671.52
2023-05-12T05:00,24.9,34,3648.92
2023-05-12T06:00,25.7,34,3716.93
2023-05-12T07:00,28.5,30,3432.14
2023-05-12T08:00,32.0,25,3521.03
2023-05-12T09:00,35.6,18,3891.02
2023-05-12T10:00,38.2,14,4339.94
2023-05-12T11:00,39.8,12,4489.38
2023-05-12T12:00,40.8,11,4524.55
2023-05-12T13:00,41.5,10,4433.19
2023-05-12T14:00,41.7,10,4750.57
2023-05-12T15:00,41.7,10,5071.44
2023-05-12T16:00,41.3,10,5098.44
2023-05-12T17:00,40.8,10,4896.83
2023-05-12T18:00,36.7,16,4605.23
2023-05-12T19:00,34.4,23,4546.64
2023-05-12T20:00,32.4,26,4519.93
2023-05-12T21:00,31.0,28,4538.17
2023-05-12T22:00,29.5,31,4782.17
2023-05-12T23:00,28.3,33,4906.08
2023-05-13T00:00,27.4,35,4784.45
2023-05-13T01:00,27.4,35,4546.55
2023-05-13T02:00,26.6,36,4298.09
2023-05-13T03:00,25.6,39,4073.43
2023-05-13T04:00,25.1,40,3935.03
2023-05-13T05:00,26.2,37,3817.44
2023-05-13T06:00,26.9,36,3737.4
2023-05-13T07:00,29.1,33,3707.58
2023-05-13T08:00,32.0,27,3691.2
2023-05-13T09:00,34.8,23,3908.67
2023-05-13T10:00,37.0,19,4224.54
2023-05-13T11:00,39.0,17,4408.28
2023-05-13T12:00,40.4,14,4555.33
2023-05-13T13:00,41.1,13,4504.09
2023-05-13T14:00,41.4,12,4752.77
2023-05-13T15:00,41.5,12,4891.68
2023-05-13T16:00,41.5,12,4849.31
2023-05-13T17:00,40.6,12,4701.03
2023-05-13T18:00,37.6,16,4532.09
2023-05-13T19:00,34.7,20,4520.4
2023-05-13T20:00,32.1,24,4534.23
2023-05-13T21:00,31.1,27,4631.58
2023-05-13T22:00,30.4,28,4985.69
2023-05-13T23:00,29.5,31,5204.84
2023-05-14T00:00,29.1,34,5100.09
2023-05-14T01:00,28.8,35,4866.06
2023-05-14T02:00,29.0,34,4650.69
2023-05-14T03:00,28.4,33,4442.12
2023-05-14T04:00,27.8,33,4271.14
2023-05-14T05:00,26.5,47,4106.12
2023-05-14T06:00,28.0,43,3964.74
2023-05-14T07:00,29.9,39,3869.75
2023-05-14T08:00,32.0,35,3721.58
2023-05-14T09:00,35.2,28,3753.13
2023-05-14T10:00,37.6,23,3966.36
2023-05-14T11:00,39.2,20,4139.72
2023-05-14T12:00,39.3,17,4281.99
2023-05-14T13:00,40.5,14,4363.31
2023-05-14T14:00,36.8,13,4647.66
2023-05-14T15:00,37.3,20,4791.89
2023-05-14T16:00,38.7,16,4625.89
2023-05-14T17:00,34.4,25,4582.75
2023-05-14T18:00,33.1,27,4451.8
2023-05-14T19:00,31.1,30,4482.17
2023-05-14T20:00,29.7,31,4525.16
2023-05-14T21:00,30.6,26,4714.43
2023-05-14T22:00,28.9,29,4961.94
2023-05-14T23:00,28.4,32,5188.01
2023-05-15T00:00,28.1,33,5080.77
2023-05-15T01:00,27.6,33,4798.74
2023-05-15T02:00,26.8,35,4527.58
2023-05-15T03:00,26.2,36,4300.64
2023-05-15T04:00,25.2,38,4126.89
2023-05-15T05:00,25.8,42,4011.64
2023-05-15T06:00,27.5,38,3952.45
2023-05-15T07:00,30.1,33,3877.64
2023-05-15T08:00,33.7,25,3922.38
2023-05-15T09:00,36.6,19,4269.86
2023-05-15T10:00,37.9,18,4672.69
2023-05-15T11:00,39.3,16,4793.33
2023-05-15T12:00,40.3,15,4990.52
2023-05-15T13:00,40.0,14,5030.05
2023-05-15T14:00,40.5,13,5421.69
2023-05-15T15:00,39.6,14,5645.45
2023-05-15T16:00,39.9,13,5615.41
2023-05-15T17:00,39.3,14,5376.95
2023-05-15T18:00,36.6,19,5054.62
2023-05-15T19:00,34.8,21,4972.05
2023-05-15T20:00,33.1,24,4945.99
2023-05-15T21:00,32.0,25,5039.93
2023-05-15T22:00,32.2,23,5313.79
2023-05-16T00:00,28.2,31,5292.39
2023-05-16T01:00,27.1,34,5010.29
2023-05-16T02:00,26.8,32,4752.7
2023-05-16T03:00,27.1,27,4526.69
2023-05-16T04:00,26.9,27,4342.02
2023-05-16T05:00,28.3,37,4200.24
2023-05-16T06:00,28.9,37,4122.81
2023-05-16T07:00,30.5,34,4055.52
2023-05-16T08:00,32.6,31,4107.51
2023-05-16T09:00,34.8,27,4459.23
2023-05-16T10:00,36.5,24,4875.7
2023-05-16T11:00,37.7,23,5075.65
2023-05-16T12:00,35.1,26,5089.04
2023-05-16T13:00,34.6,27,4990.02
2023-05-16T14:00,35.3,29,5354.63
2023-05-16T15:00,36.7,26,5590.55
2023-05-16T16:00,36.7,25,5498.75
2023-05-16T17:00,38.6,17,5317.89
2023-05-16T18:00,36.9,18,4991.31
2023-05-16T19:00,34.1,24,4918.57
2023-05-16T20:00,32.3,31,4911.12
2023-05-16T21:00,32.1,29,5070.59
2023-05-16T22:00,31.1,25,5480.42
2023-05-16T23:00,29.4,24,5732.23
2023-05-17T00:00,29.1,25,5493.9
2023-05-17T01:00,27.0,27,5149.86
2023-05-17T02:00,26.9,27,4838.72
2023-05-17T03:00,26.9,27,4551.49
2023-05-17T04:00,26.0,29,4305.99
2023-05-17T05:00,26.9,36,4137.38
2023-05-17T06:00,30.7,29,4048.39
2023-05-17T07:00,31.4,29,3986.42
2023-05-17T08:00,34.4,24,3971.45
2023-05-17T09:00,36.5,21,4312.72
2023-05-17T10:00,38.3,17,4750.86
2023-05-17T11:00,39.8,15,4964.15
2023-05-17T12:00,40.3,14,4943.73
2023-05-17T13:00,40.8,14,5056.6
2023-05-17T14:00,40.9,13,5602.37
2023-05-17T15:00,40.2,14,5863.64
2023-05-17T16:00,40.1,14,5678.71
2023-05-17T17:00,32.7,34,5371.33
2023-05-17T18:00,32.6,35,5144.0
2023-05-17T19:00,32.4,29,5035.12
2023-05-17T20:00,31.3,36,4964.41
2023-05-17T21:00,31.3,33,5075.4
2023-05-17T22:00,30.4,37,5476.26
2023-05-17T23:00,29.5,39,5671.09
2023-05-18T00:00,28.6,40,5421.03
2023-05-18T01:00,28.1,41,4795.34
2023-05-18T02:00,27.6,41,4429.71
2023-05-18T03:00,27.5,41,4201.69
2023-05-18T04:00,27.2,41,3956.42
2023-05-18T05:00,23.9,62,3816.63
2023-05-18T06:00,24.5,60,3734.79
2023-05-18T07:00,25.1,59,3642.7
2023-05-18T08:00,26.9,51,3681.2
2023-05-18T09:00,29.5,43,4060.13
2023-05-18T10:00,32.0,35,4514.49
2023-05-18T11:00,34.6,28,4742.76
2023-05-18T12:00,36.4,25,4868.89
2023-05-18T13:00,37.5,23,4809.19
2023-05-18T14:00,38.0,22,5089.84
2023-05-18T15:00,37.8,21,5321.03
2023-05-18T16:00,36.8,22,5269.48
2023-05-18T17:00,35.4,29,5113.65
2023-05-18T18:00,33.8,33,4827.76
2023-05-18T19:00,32.6,35,4722.59
2023-05-18T20:00,31.6,37,4677.33
2023-05-18T21:00,30.6,38,4708.1
2023-05-18T22:00,29.7,39,5054.16
2023-05-18T23:00,29.0,41,5206.99
2023-05-19T00:00,28.3,43,4980.42
2023-05-19T01:00,27.8,44,4631.47
2023-05-19T02:00,27.2,44,4343.74
2023-05-19T03:00,26.5,46,4087.95
2023-05-19T04:00,25.9,48,3898.34
2023-05-19T05:00,26.1,55,3779.46
2023-05-19T06:00,26.7,55,3755.45
2023-05-19T07:00,28.3,51,3733.51
2023-05-19T08:00,30.3,46,3797.12
2023-05-19T09:00,32.3,41,4176.76
2023-05-19T10:00,34.0,34,4651.85
2023-05-19T11:00,35.4,27,4904.48
2023-05-19T12:00,36.2,24,5029.23
2023-05-19T13:00,37.0,23,4950.6
2023-05-19T14:00,37.7,21,5190.68
2023-05-19T15:00,37.9,19,5459.2
2023-05-19T16:00,37.7,18,5403.55
2023-05-19T17:00,37.3,19,5217.45
2023-05-19T18:00,35.5,22,4858.47
2023-05-19T19:00,32.3,28,4750.42
2023-05-19T20:00,30.8,32,4696.01
2023-05-19T21:00,30.0,33,4754.99
2023-05-19T22:00,29.5,33,5102.36
2023-05-19T23:00,29.1,33,5313.14
2023-05-20T00:00,28.4,35,5125.29
2023-05-20T01:00,27.4,37,4827.59
2023-05-20T02:00,26.5,39,4543.78
2023-05-20T03:00,25.8,41,4279.06
2023-05-20T04:00,25.0,43,4027.77
2023-05-20T05:00,24.8,50,3852.2
2023-05-20T06:00,26.4,46,3763.24
2023-05-20T07:00,28.8,43,3708.66
2023-05-20T08:00,32.0,34,3725.41
2023-05-20T09:00,34.5,30,4030.7
2023-05-20T10:00,36.3,25,4436.92
2023-05-20T11:00,37.4,22,4655.99
2023-05-20T12:00,38.3,20,4801.29
2023-05-20T13:00,39.1,18,4791.69
2023-05-20T14:00,39.8,14,5082.86
2023-05-20T15:00,40.0,13,5288.53
2023-05-20T16:00,39.5,13,5231.7
2023-05-20T17:00,39.1,15,5027.63
2023-05-20T18:00,36.9,17,4737.85
2023-05-20T19:00,32.4,24,4627.93
2023-05-20T20:00,31.7,27,4661.06
2023-05-20T21:00,30.9,29,4827.11
2023-05-20T22:00,34.1,21,5232.58
2023-05-20T23:00,33.1,22,5447.34
2023-05-21T00:00,32.0,24,5356.1
2023-05-21T01:00,30.7,26,5094.25
2023-05-21T02:00,27.1,32,4792.46
2023-05-21T03:00,26.8,32,4525.0
2023-05-21T04:00,25.4,36,4312.25
2023-05-21T05:00,26.7,38,4085.73
2023-05-21T06:00,28.1,37,3882.84
2023-05-21T07:00,30.8,33,3763.96
2023-05-21T08:00,33.7,28,3711.7
2023-05-21T09:00,36.2,24,3871.84
2023-05-21T10:00,38.4,21,4149.81
2023-05-21T11:00,40.2,17,4361.48
2023-05-21T12:00,41.4,14,4563.13
2023-05-21T13:00,42.0,13,4677.65
2023-05-21T14:00,42.4,12,5052.12
2023-05-21T15:00,42.2,11,5274.29
2023-05-21T16:00,41.9,11,5199.43
2023-05-21T17:00,41.8,9,4947.98
2023-05-21T18:00,39.6,11,4688.15
2023-05-21T19:00,37.1,13,4706.02
2023-05-21T20:00,33.5,18,4892.55
2023-05-21T21:00,31.6,22,5203.33
2023-05-21T22:00,33.9,20,5698.18
2023-05-21T23:00,31.4,22,5966.7
2023-05-22T00:00,31.2,23,5846.7
2023-05-22T01:00,30.5,23,5576.74
2023-05-22T02:00,29.8,22,5245.95
2023-05-22T03:00,31.4,20,4977.66
2023-05-22T04:00,30.4,22,4709.04
2023-05-22T05:00,33.5,24,4417.49
2023-05-22T06:00,33.1,26,4217.6
2023-05-22T07:00,34.3,27,4123.33
2023-05-22T08:00,35.9,25,4175.38
2023-05-22T09:00,37.6,23,4629.12
2023-05-22T10:00,39.6,21,5133.58
2023-05-22T11:00,41.1,19,5497.87
2023-05-22T12:00,42.1,18,5730.67
2023-05-22T13:00,41.2,16,5817.06
2023-05-22T14:00,39.7,18,6195.12
2023-05-22T15:00,40.2,17,6457.7
2023-05-22T16:00,40.5,16,6346.96
2023-05-22T17:00,41.6,13,6015.32
2023-05-22T18:00,39.1,16,5554.89
2023-05-22T19:00,36.5,18,5420.01
2023-05-22T20:00,34.0,21,5435.0
2023-05-22T21:00,33.8,22,5720.58
2023-05-22T22:00,34.5,21,6190.98
2023-05-22T23:00,34.3,21,6425.22
2023-05-23T00:00,32.9,22,6284.87
2023-05-23T01:00,31.7,24,5987.76
2023-05-23T02:00,31.9,24,5658.42
2023-05-23T03:00,32.4,23,5332.77
2023-05-23T04:00,31.7,24,5092.0
2023-05-23T05:00,32.4,25,4766.97
2023-05-23T06:00,33.1,26,4480.29
2023-05-23T07:00,34.4,27,4351.87
2023-05-23T08:00,36.0,27,4417.22
2023-05-23T09:00,37.8,27,4866.5
2023-05-23T10:00,39.7,26,5390.12
2023-05-23T11:00,41.4,23,5758.84
2023-05-23T12:00,42.5,19,6058.42
2023-05-23T13:00,43.6,15,6185.18
2023-05-23T14:00,42.4,15,6574.47
2023-05-23T15:00,41.8,14,6813.23
2023-05-23T16:00,40.2,17,6650.8
2023-05-23T17:00,31.6,41,6117.73
2023-05-23T18:00,30.0,52,5516.44
2023-05-23T19:00,31.8,43,5265.07
2023-05-23T20:00,32.1,38,5267.37
2023-05-23T21:00,32.1,36,5553.64
2023-05-23T22:00,32.1,35,6222.79
2023-05-23T23:00,31.5,37,6300.97
2023-05-24T00:00,30.5,40,5954.99
2023-05-24T01:00,29.1,45,5717.41
2023-05-24T02:00,28.0,48,5432.43
2023-05-24T03:00,27.9,48,5133.08
2023-05-24T04:00,28.6,45,4843.4
2023-05-24T05:00,27.6,54,4554.9
2023-05-24T06:00,27.7,54,4342.73
2023-05-24T07:00,29.2,50,4243.15
2023-05-24T08:00,29.7,46,4259.55
2023-05-24T09:00,31.2,41,4656.99
2023-05-24T10:00,34.1,37,4943.74
2023-05-24T11:00,36.4,32,5267.94
2023-05-24T12:00,37.3,28,5330.81
2023-05-24T13:00,37.7,26,5217.56
2023-05-24T14:00,37.2,26,5506.48
2023-05-24T15:00,36.3,27,5676.95
2023-05-24T16:00,35.8,26,5521.49
2023-05-24T17:00,30.1,55,5174.17
2023-05-24T18:00,29.7,54,4926.49
2023-05-24T19:00,28.7,57,4835.77
2023-05-24T20:00,27.8,64,4746.68
2023-05-24T21:00,27.2,67,4729.46
2023-05-24T22:00,26.8,69,5042.17
2023-05-24T23:00,26.3,77,5292.0
2023-05-25T00:00,25.8,76,5182.93
2023-05-25T01:00,25.6,77,4923.7
2023-05-25T02:00,25.3,79,4622.83
2023-05-25T03:00,24.9,79,4298.02
2023-05-25T04:00,25.0,79,4062.99
2023-05-25T05:00,23.4,75,3868.53
2023-05-25T06:00,25.3,64,3780.63
2023-05-25T07:00,26.8,58,3791.56
2023-05-25T08:00,28.9,52,3885.59
2023-05-25T09:00,29.8,48,4294.79
2023-05-25T10:00,27.2,60,4773.5
2023-05-25T11:00,30.6,46,4977.68
2023-05-25T12:00,32.1,43,5120.74
2023-05-25T13:00,33.1,41,5062.16
2023-05-25T14:00,33.8,40,5370.55
2023-05-25T15:00,33.9,39,5559.13
2023-05-25T16:00,32.4,43,5519.4
2023-05-25T17:00,29.1,48,5333.69
2023-05-25T18:00,29.4,47,4949.68
2023-05-25T19:00,27.9,57,4614.3
2023-05-25T20:00,27.1,59,4241.36
2023-05-25T21:00,26.5,61,4010.11
2023-05-25T22:00,26.6,62,4308.48
2023-05-25T23:00,25.8,67,4485.15
2023-05-26T00:00,25.3,69,4372.65
2023-05-26T01:00,24.9,72,4133.55
2023-05-26T02:00,24.3,75,3931.52
2023-05-26T03:00,23.4,79,3757.96
2023-05-26T04:00,23.6,77,3619.3
2023-05-26T05:00,22.7,82,3523.41
2023-05-26T06:00,23.0,81,3525.03
2023-05-26T07:00,24.2,76,3584.59
2023-05-26T08:00,26.1,65,3670.62
2023-05-26T09:00,28.2,55,4028.28
2023-05-26T10:00,29.9,49,4431.09
2023-05-26T11:00,31.4,43,4624.39
2023-05-26T12:00,32.6,39,4702.52
2023-05-26T13:00,33.6,36,4602.43
2023-05-26T14:00,34.2,34,4799.35
2023-05-26T15:00,34.5,33,4931.72
2023-05-26T16:00,34.5,33,4970.91
2023-05-26T17:00,32.9,35,4870.21
2023-05-26T18:00,32.1,37,4649.07
2023-05-26T19:00,30.3,42,4551.52
2023-05-26T20:00,29.5,45,4522.24
2023-05-26T21:00,28.4,48,4533.26
2023-05-26T22:00,27.6,51,4845.0
2023-05-26T23:00,27.1,55,5053.81
2023-05-27T00:00,26.7,58,4953.58
2023-05-27T01:00,26.4,61,4689.85
2023-05-27T02:00,21.0,90,4428.12
2023-05-27T03:00,22.2,83,4195.74
2023-05-27T04:00,22.4,80,4039.15
2023-05-27T05:00,21.4,90,3913.81
2023-05-27T06:00,22.5,85,3248.66
2023-05-27T07:00,22.1,84,3143.39
2023-05-27T08:00,22.6,84,3174.91
2023-05-27T09:00,22.4,91,3349.93
2023-05-27T10:00,25.0,81,3668.42
2023-05-27T11:00,30.3,49,3827.35
2023-05-27T12:00,32.4,39,3948.33
2023-05-27T13:00,33.2,37,3888.9
2023-05-27T14:00,33.6,37,4044.25
2023-05-27T15:00,33.8,36,4174.18
2023-05-27T16:00,33.6,37,4228.65
2023-05-27T17:00,31.7,47,4206.13
2023-05-27T18:00,30.9,51,4142.64
2023-05-27T19:00,29.3,58,4168.01
2023-05-27T20:00,28.1,63,4123.14
2023-05-27T21:00,27.2,61,4119.8
2023-05-27T22:00,26.7,62,4304.83
2023-05-27T23:00,26.4,64,4477.21
2023-05-28T00:00,25.9,66,4390.43
2023-05-28T01:00,25.4,69,4176.38
2023-05-28T02:00,25.2,70,3968.25
2023-05-28T03:00,25.0,71,3770.48
2023-05-28T04:00,24.7,71,3632.33
2023-05-28T05:00,24.3,79,3540.02
2023-05-28T06:00,25.2,76,3499.03
2023-05-28T07:00,27.1,68,3484.23
2023-05-28T08:00,24.0,75,3462.27
2023-05-28T09:00,27.2,65,3612.1
2023-05-28T10:00,29.9,57,3861.8
2023-05-28T11:00,31.5,53,3994.06
2023-05-28T12:00,32.7,49,4118.59
2023-05-28T13:00,33.6,46,4075.25
2023-05-28T14:00,33.8,44,4345.82
2023-05-28T15:00,33.6,44,4434.19
2023-05-28T16:00,33.6,44,4393.74
2023-05-28T17:00,26.2,70,4283.92
2023-05-28T18:00,26.7,69,4192.92
2023-05-28T19:00,25.8,70,4312.44
2023-05-28T20:00,24.9,76,4384.24
2023-05-28T21:00,24.1,82,4536.66
2023-05-28T22:00,24.2,82,4729.45
2023-05-28T23:00,24.5,80,4798.08
2023-05-29T00:00,24.4,83,4620.25
2023-05-29T01:00,24.4,84,4275.7
2023-05-29T02:00,24.4,84,3885.25
2023-05-29T03:00,23.5,90,3664.11
2023-05-29T04:00,23.4,89,3523.16
2023-05-29T05:00,22.5,88,3441.44
2023-05-29T06:00,23.6,87,3439.05
2023-05-29T07:00,25.5,80,3439.02
2023-05-29T08:00,27.1,71,3563.41
2023-05-29T09:00,29.3,63,3991.49
2023-05-29T10:00,30.9,56,4466.95
2023-05-29T11:00,32.7,49,4684.71
2023-05-29T12:00,34.1,44,4801.16
2023-05-29T13:00,28.4,65,4650.45
2023-05-29T14:00,29.9,55,4710.25
2023-05-29T15:00,31.1,53,4538.18
2023-05-29T16:00,29.7,54,4367.34
2023-05-29T17:00,29.0,60,4359.28
2023-05-29T18:00,28.1,62,4255.27
2023-05-29T19:00,26.6,70,4228.77
2023-05-29T20:00,25.6,79,4168.1
2023-05-29T21:00,25.1,79,4135.28
2023-05-29T22:00,25.6,74,4253.52
2023-05-29T23:00,25.4,73,4253.73
2023-05-30T00:00,25.2,73,4102.99
2023-05-30T01:00,24.5,75,3881.13
2023-05-30T02:00,23.8,76,3695.82
2023-05-30T03:00,23.2,79,3501.59
2023-05-30T04:00,22.7,82,3380.84
2023-05-30T05:00,23.2,84,3318.17
2023-05-30T06:00,24.0,79,3354.53
2023-05-30T07:00,25.2,71,3416.61
2023-05-30T08:00,27.0,64,3546.4
2023-05-30T09:00,29.1,57,3967.76
2023-05-30T10:00,31.0,52,4405.93
2023-05-30T11:00,32.4,46,4603.42
2023-05-30T12:00,33.0,43,4680.01
2023-05-30T13:00,33.7,42,4543.82
2023-05-30T14:00,34.1,40,4742.76
2023-05-30T15:00,34.0,39,4882.37
2023-05-30T16:00,33.6,39,4821.17
2023-05-30T17:00,27.2,66,4698.26
2023-05-30T18:00,26.3,69,4307.03
2023-05-30T19:00,25.3,72,3960.04
2023-05-30T20:00,25.0,74,3854.77
2023-05-30T21:00,24.6,78,3850.53
2023-05-30T22:00,23.8,85,4000.81
2023-05-30T23:00,23.3,84,4062.37
2023-05-31T00:00,23.2,84,3916.98
2023-05-31T01:00,23.1,85,3703.75
2023-05-31T02:00,22.5,90,3524.01
2023-05-31T03:00,22.3,91,3354.93
2023-05-31T04:00,22.0,92,3238.22
2023-05-31T05:00,21.6,91,3159.91
2023-05-31T06:00,21.9,90,3269.94
2023-05-31T07:00,23.0,84,3361.17
2023-05-31T08:00,23.9,77,3433.97
2023-05-31T09:00,25.4,70,3795.09
2023-05-31T10:00,26.4,66,4163.13
2023-05-31T11:00,27.9,60,4329.15
2023-05-31T12:00,29.1,54,4354.18
2023-05-31T13:00,29.9,51,4172.42
2023-05-31T14:00,30.1,49,4371.89
2023-05-31T15:00,30.9,44,4437.88
2023-05-31T16:00,29.6,47,4404.05
2023-05-31T17:00,26.2,72,4152.56
2023-05-31T18:00,25.1,70,3991.85
2023-05-31T19:00,24.3,72,3945.04
2023-05-31T20:00,23.4,78,3788.54
2023-05-31T21:00,22.8,82,3655.24
2023-05-31T22:00,22.0,87,3717.22
2023-05-31T23:00,21.8,85,3754.36
2023-06-01T00:00,21.7,85,3609.6
2023-06-01T01:00,21.1,90,3419.96
2023-06-01T02:00,20.5,93,3257.46
2023-06-01T03:00,20.3,94,3115.98
2023-06-01T04:00,20.0,95,3043.01
2023-06-01T05:00,19.9,94,3053.95
2023-06-01T06:00,21.6,86,3154.32
2023-06-01T07:00,23.4,78,3229.58
2023-06-01T08:00,25.9,66,3391.44
2023-06-01T09:00,28.1,52,3771.57
2023-06-01T10:00,29.8,45,4019.95
2023-06-01T11:00,31.2,41,4008.73
2023-06-01T12:00,32.3,39,4017.66
2023-06-01T13:00,33.2,38,3933.81
2023-06-01T14:00,33.6,37,4183.34
2023-06-01T15:00,31.4,42,4256.13
2023-06-01T16:00,32.0,39,4283.63
2023-06-01T17:00,29.7,50,4285.66
2023-06-01T18:00,28.0,61,4151.11
2023-06-01T19:00,26.7,68,4092.55
2023-06-01T20:00,26.2,70,3938.54
2023-06-01T21:00,26.2,69,3764.42
2023-06-01T22:00,25.9,68,3822.65
2023-06-01T23:00,25.0,71,3827.63
2023-06-02T00:00,24.3,72,3670.91
2023-06-02T01:00,24.1,71,3472.54
2023-06-02T02:00,22.9,76,3282.97
2023-06-02T03:00,22.5,83,3144.25
2023-06-02T04:00,22.0,86,3069.3
2023-06-02T05:00,23.2,75,3084.22
2023-06-02T06:00,23.8,74,3189.81
2023-06-02T07:00,24.7,62,3309.25
2023-06-02T08:00,26.1,55,3273.86
2023-06-02T09:00,27.9,47,3815.72
2023-06-02T10:00,29.7,41,4180.39
2023-06-02T11:00,31.1,38,4361.9
2023-06-02T12:00,32.0,38,4407.25
2023-06-02T13:00,32.6,37,4214.97
2023-06-02T14:00,33.0,37,4414.15
2023-06-02T15:00,32.9,37,4536.43
2023-06-02T16:00,32.4,39,4528.07
2023-06-02T17:00,30.6,46,4510.81
2023-06-02T18:00,30.3,47,4339.87
2023-06-02T19:00,28.5,55,4286.8
2023-06-02T20:00,27.7,58,4159.41
2023-06-02T21:00,27.0,58,4088.82
2023-06-02T22:00,25.8,62,4250.68
2023-06-02T23:00,24.5,69,4368.31
2023-06-03T00:00,24.7,67,4230.66
2023-06-03T01:00,23.7,70,3994.09
2023-06-03T02:00,23.3,71,3781.36
2023-06-03T03:00,23.0,72,3596.03
2023-06-03T04:00,22.7,72,3475.25
2023-06-03T05:00,23.7,70,3395.18
2023-06-03T06:00,25.0,66,3424.86
2023-06-03T07:00,26.5,61,3444.11
2023-06-03T08:00,28.8,53,3465.08
2023-06-03T09:00,30.7,46,3735.06
2023-06-03T10:00,31.9,44,4102.97
2023-06-03T11:00,33.0,41,4242.93
2023-06-03T12:00,33.9,37,4342.31
2023-06-03T13:00,34.5,35,4288.89
2023-06-03T14:00,34.9,33,4496.76
2023-06-03T15:00,34.8,33,4630.63
2023-06-03T16:00,34.4,34,4597.36
2023-06-03T17:00,34.7,34,4504.55
2023-06-03T18:00,33.3,39,4319.9
2023-06-03T19:00,31.2,45,4259.05
2023-06-03T20:00,30.1,48,4224.78
2023-06-03T21:00,28.8,51,4251.8
2023-06-03T22:00,27.4,55,4484.64
2023-06-03T23:00,26.9,61,4674.63
2023-06-04T00:00,26.0,67,4557.2
2023-06-04T01:00,24.6,74,4328.7
2023-06-04T02:00,24.5,75,4105.48
2023-06-04T03:00,24.3,75,3894.0
2023-06-04T04:00,23.9,77,3748.4
2023-06-04T05:00,25.1,72,3631.92
2023-06-04T06:00,25.8,70,3509.35
2023-06-04T07:00,27.2,64,3440.21
2023-06-04T08:00,29.5,54,3372.77
2023-06-04T09:00,31.6,46,3518.02
2023-06-04T10:00,33.5,38,3780.8
2023-06-04T11:00,34.8,34,4000.99
2023-06-04T12:00,35.8,33,4096.65
2023-06-04T13:00,36.2,32,3966.93
2023-06-04T14:00,31.6,49,4170.56
2023-06-04T15:00,33.5,41,4259.36
2023-06-04T16:00,33.8,39,4211.06
2023-06-04T17:00,30.7,59,4138.22
2023-06-04T18:00,30.7,59,4120.73
2023-06-04T19:00,29.8,63,4189.39
2023-06-04T20:00,28.9,65,4259.93
2023-06-04T21:00,27.8,65,4385.2
2023-06-04T22:00,26.9,65,4659.75
2023-06-04T23:00,26.4,67,4824.5
2023-06-05T00:00,26.2,69,4664.69
2023-06-05T01:00,25.8,71,4384.66
2023-06-05T02:00,25.5,73,4132.39
2023-06-05T03:00,25.3,75,3905.96
2023-06-05T04:00,25.1,76,3744.63
2023-06-05T05:00,25.9,73,3631.67
2023-06-05T06:00,27.0,70,3628.5
2023-06-05T07:00,28.6,62,3678.83
2023-06-05T08:00,30.6,54,3819.03
2023-06-05T09:00,32.9,44,4253.59
2023-06-05T10:00,34.7,35,4681.3
2023-06-05T11:00,35.9,31,4895.37
2023-06-05T12:00,36.6,28,4992.85
2023-06-05T13:00,36.9,28,4887.15
2023-06-05T14:00,37.1,26,5206.71
2023-06-05T15:00,36.9,27,5372.01
2023-06-05T16:00,36.5,27,5313.13
2023-06-05T17:00,36.6,27,5127.57
2023-06-05T18:00,27.8,57,4822.99
2023-06-05T19:00,28.0,57,4702.12
2023-06-05T20:00,28.2,57,4716.22
2023-06-06T00:00,26.8,55,5189.87
2023-06-06T01:00,26.4,55,4705.69
2023-06-06T02:00,26.0,57,4384.28
2023-06-06T03:00,25.7,58,4135.03
2023-06-06T04:00,25.2,61,3962.48
2023-06-06T05:00,24.1,70,3830.63
2023-06-06T06:00,26.3,61,3752.27
2023-06-06T07:00,28.3,55,3780.97
2023-06-06T08:00,31.2,46,3847.2
2023-06-06T09:00,34.2,36,4288.28
2023-06-06T10:00,36.2,30,4743.68
2023-06-06T11:00,37.5,25,4968.64
2023-06-06T12:00,38.2,22,5114.35
2023-06-06T13:00,38.8,20,5081.17
2023-06-06T14:00,37.8,20,5369.82
2023-06-06T15:00,37.4,21,5495.34
2023-06-06T16:00,37.3,20,5422.83
2023-06-06T17:00,35.2,32,5282.01
2023-06-06T18:00,33.0,38,4963.04
2023-06-06T19:00,32.5,39,4781.48
2023-06-06T20:00,30.5,45,4684.83
2023-06-06T21:00,29.1,52,4765.84
2023-06-06T22:00,28.5,53,5158.96
2023-06-06T23:00,27.7,55,5366.32
2023-06-07T00:00,27.2,57,5185.02
2023-06-07T01:00,26.7,54,4864.1
2023-06-07T02:00,25.9,56,4575.5
2023-06-07T03:00,25.4,57,4315.46
2023-06-07T04:00,25.0,59,4119.49
2023-06-07T05:00,25.7,58,3949.04
2023-06-07T06:00,27.1,52,3851.66
2023-06-07T07:00,29.3,46,3838.64
2023-06-07T08:00,32.0,39,3919.94
2023-06-07T09:00,34.4,33,4346.09
2023-06-07T10:00,36.1,28,4813.63
2023-06-07T11:00,37.4,24,5019.68
2023-06-07T12:00,38.1,21,5130.01
2023-06-07T13:00,38.2,20,5072.97
2023-06-07T14:00,38.4,20,5362.97
2023-06-07T15:00,37.3,22,5554.16
2023-06-07T16:00,36.6,23,5513.1
2023-06-07T17:00,37.5,21,5337.62
2023-06-07T18:00,36.1,24,5022.44
2023-06-07T19:00,33.9,28,4886.24
2023-06-07T20:00,32.4,32,4890.64
2023-06-07T21:00,30.8,36,5017.83
2023-06-07T22:00,29.7,39,5446.63
2023-06-07T23:00,29.1,40,5718.21
2023-06-08T00:00,28.2,42,5529.41
2023-06-08T01:00,26.9,46,5181.62
2023-06-08T02:00,26.3,49,4864.84
2023-06-08T03:00,25.7,50,4564.61
2023-06-08T04:00,25.1,52,4339.18
2023-06-08T05:00,25.8,55,4117.77
2023-06-08T06:00,27.7,51,3982.58
2023-06-08T07:00,29.6,49,3987.5
2023-06-08T08:00,32.3,43,4053.46
2023-06-08T09:00,34.8,35,4476.97
2023-06-08T10:00,36.5,29,4963.62
2023-06-08T11:00,38.0,25,5180.72
2023-06-08T12:00,38.8,23,5368.5
2023-06-08T13:00,39.3,22,5355.18
2023-06-08T14:00,39.3,22,5764.85
2023-06-08T15:00,38.9,22,5957.48
2023-06-08T16:00,38.2,23,5869.37
2023-06-08T17:00,37.4,23,5630.92
2023-06-08T18:00,37.4,21,5229.95
2023-06-08T19:00,34.9,25,5033.9
2023-06-08T20:00,33.6,28,5016.48
2023-06-08T21:00,31.7,31,5136.34
2023-06-08T22:00,29.9,36,5600.17
2023-06-08T23:00,29.4,37,5899.8
2023-06-09T00:00,28.9,37,5747.4
2023-06-09T01:00,28.4,39,5446.07
2023-06-09T02:00,27.8,41,5198.57
2023-06-09T03:00,27.0,45,4818.4
2023-06-09T04:00,26.4,47,4586.24
2023-06-09T05:00,26.0,49,4364.13
2023-06-09T06:00,29.1,51,4202.74
2023-06-09T07:00,31.5,44,4198.76
2023-06-09T08:00,33.7,38,4308.69
2023-06-09T09:00,36.0,33,4780.7
2023-06-09T10:00,37.8,29,5325.04
2023-06-09T11:00,39.1,27,5569.65
2023-06-09T12:00,40.1,24,5732.46
2023-06-09T13:00,40.8,22,5780.85
2023-06-09T14:00,40.4,22,6182.06
2023-06-09T15:00,40.7,22,6424.79
2023-06-09T16:00,40.7,21,6290.19
2023-06-09T17:00,39.7,21,5932.21
2023-06-09T18:00,38.4,27,5476.41
2023-06-09T19:00,36.0,32,5207.7
2023-06-09T20:00,34.5,35,5169.06
2023-06-09T21:00,33.3,38,5280.42
2023-06-09T22:00,32.5,41,5723.84
2023-06-09T23:00,32.1,41,6013.34
2023-06-10T00:00,31.3,42,5862.26
2023-06-10T01:00,30.7,43,5571.73
2023-06-10T02:00,30.0,46,5290.21
2023-06-10T03:00,29.3,48,4965.89
2023-06-10T04:00,28.8,50,4734.18
2023-06-10T05:00,30.7,48,4499.77
2023-06-10T06:00,26.5,65,4300.4
2023-06-10T07:00,30.1,52,4206.68
2023-06-10T08:00,34.7,37,4167.24
2023-06-10T09:00,36.5,34,4463.56
2023-06-10T10:00,37.7,34,4967.92
2023-06-10T11:00,39.5,29,5361.8
2023-06-10T12:00,40.4,26,5648.66
2023-06-10T13:00,39.8,26,5759.27
2023-06-10T14:00,39.1,29,6162.53
2023-06-10T15:00,39.4,26,6235.76
2023-06-10T16:00,38.9,27,6075.63
2023-06-10T17:00,39.1,23,5568.51
2023-06-10T18:00,37.6,28,5161.82
2023-06-10T19:00,36.1,32,4961.28
2023-06-10T20:00,34.6,36,5015.26
2023-06-10T21:00,32.7,42,5244.41
2023-06-10T22:00,31.6,49,5716.86
2023-06-10T23:00,31.0,53,6014.26
2023-06-11T00:00,30.2,56,5886.2
2023-06-11T01:00,29.5,59,5543.08
2023-06-11T02:00,29.1,60,5159.63
2023-06-11T03:00,28.8,61,4926.37
2023-06-11T04:00,28.9,56,4712.19
2023-06-11T05:00,28.2,65,4466.07
2023-06-11T06:00,28.9,63,4193.42
2023-06-11T07:00,30.5,58,4033.72
2023-06-11T08:00,33.1,51,3929.68
2023-06-11T09:00,34.8,43,4066.26
2023-06-11T10:00,36.5,36,4374.34
2023-06-11T11:00,37.8,33,4601.72
2023-06-11T12:00,38.6,32,4842.78
2023-06-11T13:00,39.0,31,4924.13
2023-06-11T14:00,39.2,31,5339.88
2023-06-11T15:00,39.1,31,5573.28
2023-06-11T16:00,38.9,31,5483.22
2023-06-11T17:00,37.2,33,5183.56
2023-06-11T18:00,36.4,34,4843.99
2023-06-11T19:00,35.1,37,4737.8
2023-06-11T20:00,34.2,41,4921.9
2023-06-11T21:00,33.3,45,5269.71
2023-06-11T22:00,32.6,48,5837.82
2023-06-11T23:00,32.0,51,6165.7
2023-06-12T00:00,31.3,54,6056.13
2023-06-12T01:00,30.5,57,5717.55
2023-06-12T02:00,29.9,59,5423.92
2023-06-12T03:00,29.4,62,5139.76
2023-06-12T04:00,29.0,63,4905.84
2023-06-12T05:00,29.0,65,4637.68
2023-06-12T06:00,29.8,63,4407.28
2023-06-12T07:00,31.5,58,4333.29
2023-06-12T08:00,33.8,51,4322.14
2023-06-12T09:00,35.8,44,4766.72
2023-06-12T10:00,37.3,39,5255.95
2023-06-12T11:00,38.4,35,5633.12
2023-06-12T12:00,39.3,33,5950.28
2023-06-12T13:00,40.4,29,6033.65
2023-06-12T14:00,41.0,27,6481.38
2023-06-12T15:00,40.9,26,6652.52
2023-06-12T16:00,40.5,25,6512.33
2023-06-12T17:00,38.1,31,6203.68
2023-06-12T18:00,37.8,31,5719.21
2023-06-12T19:00,36.5,34,5550.81
2023-06-12T20:00,35.4,40,5704.79
2023-06-12T21:00,34.7,44,6072.02
2023-06-12T22:00,34.0,46,6597.44
2023-06-12T23:00,33.3,47,6787.0
2023-06-13T00:00,32.6,48,6589.65
2023-06-13T01:00,31.8,50,6295.54
2023-06-13T02:00,31.2,51,5973.76
2023-06-13T03:00,30.4,53,5682.6
2023-06-13T04:00,30.2,50,5441.58
2023-06-13T05:00,30.6,60,5109.97
2023-06-13T06:00,31.8,54,4833.73
2023-06-13T07:00,33.6,46,4779.5
2023-06-13T08:00,36.0,37,4802.78
2023-06-13T09:00,37.1,34,5176.68
2023-06-13T10:00,38.3,32,5679.22
2023-06-13T11:00,39.8,29,5975.02
2023-06-13T12:00,41.1,25,6279.36
2023-06-13T13:00,41.5,23,6351.6
2023-06-13T14:00,41.9,20,6832.03
2023-06-13T15:00,41.6,18,7015.98
2023-06-13T16:00,41.0,18,6804.56
2023-06-13T17:00,41.1,20,6431.09
2023-06-13T18:00,39.9,22,5912.2
2023-06-13T19:00,37.7,26,5687.06
2023-06-13T20:00,36.2,29,5832.28
2023-06-13T21:00,35.3,29,6170.94
2023-06-13T22:00,35.0,30,6716.32
2023-06-13T23:00,34.5,32,6933.11
2023-06-14T00:00,33.7,36,6739.15
2023-06-14T01:00,33.0,39,6396.69
2023-06-14T02:00,32.0,41,6029.85
2023-06-14T03:00,31.4,41,5692.18
2023-06-14T04:00,31.4,41,5411.57
2023-06-14T05:00,30.7,49,5092.65
2023-06-14T06:00,31.5,46,4806.04
2023-06-14T07:00,33.1,42,4754.75
2023-06-14T08:00,34.8,41,4775.85
2023-06-14T09:00,36.6,40,5222.55
2023-06-14T10:00,38.2,35,5799.54
2023-06-14T11:00,39.2,31,6118.6
2023-06-14T12:00,40.2,27,6422.06
2023-06-14T13:00,40.5,26,6568.35
2023-06-14T14:00,40.4,26,6969.37
2023-06-14T15:00,40.2,25,7138.15
2023-06-14T16:00,39.2,27,6945.99
2023-06-14T17:00,38.0,31,6527.11
2023-06-14T18:00,37.5,32,5971.32
2023-06-14T19:00,37.2,32,5775.2
2023-06-14T20:00,35.8,35,5770.76
2023-06-14T21:00,35.0,37,5865.75
2023-06-14T22:00,33.7,42,6275.26
2023-06-14T23:00,32.9,44,6559.82
2023-06-15T00:00,32.2,46,6448.76
2023-06-15T01:00,31.6,48,6125.72
2023-06-15T02:00,31.3,48,5807.73
2023-06-15T03:00,31.2,47,5524.07
2023-06-15T04:00,31.7,45,5253.22
2023-06-15T05:00,31.0,52,4918.29
2023-06-15T06:00,32.0,48,4654.96
2023-06-15T07:00,33.3,43,4620.34
2023-06-15T08:00,32.3,48,4696.27
2023-06-15T09:00,33.5,45,5039.38
2023-06-15T10:00,35.2,41,5537.72
2023-06-15T11:00,36.3,38,5835.43
2023-06-15T12:00,36.3,38,6063.27
2023-06-15T13:00,37.0,36,6044.72
2023-06-15T14:00,37.2,36,6512.46
2023-06-15T15:00,37.4,36,6783.95
2023-06-15T16:00,37.0,35,6634.59
2023-06-15T17:00,34.3,43,6253.23
2023-06-15T18:00,33.4,51,5763.03
2023-06-15T19:00,32.1,58,5481.2
2023-06-15T20:00,31.1,62,5511.44
2023-06-15T21:00,30.5,64,5720.74
2023-06-15T22:00,30.3,63,6201.75
2023-06-15T23:00,30.3,56,6500.08
2023-06-16T00:00,29.8,55,6310.88
2023-06-16T01:00,29.4,56,5985.51
2023-06-16T02:00,29.0,58,5660.0
2023-06-16T03:00,28.6,60,5351.94
2023-06-16T04:00,28.8,60,5081.56
2023-06-16T05:00,27.4,66,4794.02
2023-06-16T06:00,27.4,70,4518.56
2023-06-16T07:00,30.2,58,4459.99
2023-06-16T08:00,32.4,50,4540.88
2023-06-16T09:00,33.9,45,5057.45
2023-06-16T10:00,35.6,39,5602.15
2023-06-16T11:00,36.8,36,5917.38
2023-06-16T12:00,37.7,34,6131.21
2023-06-16T13:00,38.7,32,6213.84
2023-06-16T14:00,33.4,47,6605.2
2023-06-16T15:00,30.4,64,6298.65
2023-06-16T16:00,32.5,55,6022.38
2023-06-16T17:00,35.5,42,5840.27
2023-06-16T18:00,34.7,44,5673.88
2023-06-16T19:00,33.3,48,5639.03
2023-06-16T20:00,32.6,51,5755.49
2023-06-16T21:00,32.3,52,5958.86
2023-06-16T22:00,32.2,54,6380.81
2023-06-16T23:00,31.5,57,6577.93
2023-06-17T00:00,30.7,60,6366.85
2023-06-17T01:00,30.2,61,6052.09
2023-06-17T02:00,29.6,63,5683.38
2023-06-17T03:00,29.2,65,5376.16
2023-06-17T04:00,29.1,67,5126.04
2023-06-17T05:00,26.3,82,4847.29
2023-06-17T06:00,28.0,78,4608.52
2023-06-17T07:00,29.4,70,4480.47
2023-06-17T08:00,32.2,56,4381.19
2023-06-17T09:00,34.5,45,4653.16
2023-06-17T10:00,36.1,40,5140.27
2023-06-17T11:00,37.3,37,5477.33
2023-06-17T12:00,38.2,35,5692.79
2023-06-17T13:00,38.7,33,5823.52
2023-06-17T14:00,39.1,32,6144.71
2023-06-17T15:00,39.3,31,6291.9
2023-06-17T16:00,38.4,33,6122.32
2023-06-17T17:00,33.8,49,5799.46
2023-06-17T18:00,34.3,46,5411.07
2023-06-17T19:00,33.8,47,5379.48
2023-06-17T20:00,32.7,53,5548.49
2023-06-17T21:00,30.6,65,5783.85
2023-06-17T22:00,30.1,66,6100.28
2023-06-17T23:00,29.2,71,6358.77
2023-06-18T00:00,28.8,72,6166.85
2023-06-18T01:00,28.8,70,5882.7
2023-06-18T02:00,28.8,70,5603.1
2023-06-18T03:00,28.9,70,5336.44
2023-06-18T04:00,28.6,72,5071.26
2023-06-18T05:00,28.4,83,4785.66
2023-06-18T06:00,29.6,76,4548.95
2023-06-18T07:00,30.2,71,4370.27
2023-06-18T08:00,30.5,71,4251.5
2023-06-18T09:00,32.2,62,4355.9
2023-06-18T10:00,33.8,55,4648.25
2023-06-18T11:00,35.2,50,4924.95
2023-06-18T12:00,36.5,45,5175.47
2023-06-18T13:00,37.4,41,5319.06
2023-06-18T14:00,37.9,38,5664.09
2023-06-18T15:00,38.7,35,5821.53
2023-06-18T16:00,34.4,48,5587.83
2023-06-18T17:00,32.6,55,5252.16
2023-06-18T18:00,32.6,55,4999.9
2023-06-18T19:00,32.1,58,5029.3
2023-06-18T20:00,31.6,60,5270.32
2023-06-18T21:00,31.3,60,5581.76
2023-06-18T22:00,30.7,59,6033.01
2023-06-18T23:00,30.1,61,6295.53
2023-06-19T00:00,29.5,64,6115.62
2023-06-19T01:00,29.1,64,5727.17
2023-06-19T02:00,28.8,65,5423.56
2023-06-19T03:00,28.7,66,5148.63
2023-06-19T04:00,28.7,66,4912.59
2023-06-19T05:00,28.4,75,4652.77
2023-06-19T06:00,28.9,73,4413.2
2023-06-19T07:00,27.7,88,4279.68
2023-06-19T08:00,27.6,88,4278.08
2023-06-19T09:00,27.4,89,4545.1
2023-06-19T10:00,27.6,89,4935.39
2023-06-19T11:00,27.6,88,5160.61
2023-06-19T12:00,28.6,78,5332.35
2023-06-19T13:00,29.6,72,5380.97
2023-06-19T14:00,30.5,67,5718.24
2023-06-19T15:00,32.3,60,5545.78
2023-06-19T16:00,32.2,58,5328.56
2023-06-19T17:00,31.7,62,5284.32
2023-06-19T18:00,32.1,61,5129.58
2023-06-19T19:00,31.5,65,5053.14
2023-06-19T20:00,31.1,67,5154.89
2023-06-19T21:00,30.6,69,5329.09
2023-06-19T22:00,30.4,68,5690.77
2023-06-19T23:00,30.4,67,5850.81
2023-06-20T00:00,30.0,67,5591.7
2023-06-20T01:00,29.1,69,5284.11
2023-06-20T02:00,26.2,87,4989.23
2023-06-20T03:00,26.8,85,4750.57
2023-06-20T04:00,27.2,83,4556.59
2023-06-20T05:00,27.0,81,4338.87
2023-06-20T06:00,27.2,83,4225.25
2023-06-20T07:00,26.1,87,4241.68
2023-06-20T08:00,26.4,83,4363.83
2023-06-20T09:00,28.7,73,4798.11
2023-06-20T10:00,31.7,61,5315.18
2023-06-20T11:00,33.6,55,5571.92
2023-06-20T12:00,34.3,53,5754.78
2023-06-20T13:00,34.6,51,5782.26
2023-06-20T14:00,35.7,47,6160.78
2023-06-20T15:00,36.5,43,6315.22
2023-06-20T16:00,36.4,42,6201.93
2023-06-20T17:00,34.1,52,5939.18
2023-06-20T18:00,33.4,57,5550.68
2023-06-20T19:00,31.8,70,5354.33
2023-06-20T20:00,30.8,66,5438.91
2023-06-20T21:00,29.8,68,5670.56
2023-06-20T22:00,29.0,72,6099.03
2023-06-20T23:00,28.6,74,6289.57
2023-06-21T00:00,28.0,76,6025.92
2023-06-21T01:00,27.7,78,5670.86
2023-06-21T02:00,26.8,84,5362.24
2023-06-21T03:00,26.8,85,5066.95
2023-06-21T04:00,26.3,86,4860.03
2023-06-21T05:00,28.1,78,4600.02
2023-06-21T06:00,27.6,79,4333.37
2023-06-21T07:00,25.9,91,4316.66
2023-06-21T08:00,26.1,89,4377.0
2023-06-21T09:00,26.4,89,4782.83
2023-06-21T10:00,25.7,93,5253.41
2023-06-21T11:00,27.1,86,5501.93
2023-06-21T12:00,30.2,75,5726.36
2023-06-21T13:00,31.7,70,5808.5
2023-06-21T14:00,32.9,67,6215.47
2023-06-21T15:00,33.7,64,6403.68
2023-06-21T16:00,34.0,62,6312.08
2023-06-21T17:00,35.6,53,6024.04
2023-06-21T18:00,33.2,61,5775.21
2023-06-21T19:00,30.6,73,5673.18
2023-06-21T20:00,30.1,77,5767.95
2023-06-21T21:00,30.3,73,5896.27
2023-06-21T22:00,30.0,76,6190.01
2023-06-21T23:00,29.9,76,6318.96
2023-06-22T00:00,29.7,77,6090.72
2023-06-22T01:00,29.5,77,5751.19
2023-06-22T02:00,29.3,76,5459.7
2023-06-22T03:00,28.4,81,5209.76
2023-06-22T04:00,28.2,85,4971.85
2023-06-22T05:00,28.9,83,4708.02
2023-06-22T06:00,27.3,88,4586.45
2023-06-22T07:00,27.1,89,4571.64
2023-06-22T08:00,30.1,79,4633.83
2023-06-22T09:00,31.7,72,5054.94
2023-06-22T10:00,32.4,68,5545.23
2023-06-22T11:00,32.5,68,5733.28
2023-06-22T12:00,32.6,68,5966.95
2023-06-22T13:00,33.2,67,6058.71
2023-06-22T14:00,34.0,64,6513.16
2023-06-22T15:00,34.5,61,6692.16
2023-06-22T16:00,33.9,62,6593.73
2023-06-22T17:00,36.1,52,6269.99
2023-06-22T18:00,34.9,60,5941.66
2023-06-22T19:00,33.5,62,5842.74
2023-06-22T20:00,32.3,67,6044.05
2023-06-22T21:00,31.5,72,6331.1
2023-06-22T22:00,31.3,71,6717.9
2023-06-22T23:00,30.8,72,6837.4
2023-06-23T00:00,30.2,74,6582.96
2023-06-23T01:00,29.8,73,6256.8
2023-06-23T02:00,29.7,73,5858.81
2023-06-23T03:00,26.1,94,5392.6
2023-06-23T04:00,27.2,87,5087.98
2023-06-23T05:00,27.8,92,4879.96
2023-06-23T06:00,27.5,91,4713.3
2023-06-23T07:00,27.9,89,4710.07
2023-06-23T08:00,29.0,84,4793.81
2023-06-23T09:00,29.9,80,5230.26
2023-06-23T10:00,30.9,74,5783.1
2023-06-23T11:00,32.7,67,6052.65
2023-06-23T12:00,33.9,63,6292.92
2023-06-23T13:00,34.7,60,6311.06
2023-06-23T14:00,34.9,60,6747.79
2023-06-23T15:00,35.3,58,6864.62
2023-06-23T16:00,35.4,57,6688.55
2023-06-23T17:00,33.6,68,6447.55
2023-06-23T18:00,32.6,78,6087.72
2023-06-23T19:00,30.8,85,6013.33
2023-06-23T20:00,30.7,83,6190.02
2023-06-23T21:00,30.3,80,6434.93
2023-06-23T22:00,29.9,80,6748.88
2023-06-24T00:00,29.1,84,6682.49
2023-06-24T01:00,29.0,84,6388.66
2023-06-24T02:00,28.4,88,6061.08
2023-06-24T03:00,28.2,89,5767.74
2023-06-24T04:00,27.7,90,5528.24
2023-06-24T05:00,28.9,79,5235.53
2023-06-24T06:00,27.9,83,5018.14
2023-06-24T07:00,28.2,85,4821.85
2023-06-24T08:00,29.0,81,4727.74
2023-06-24T09:00,29.4,82,4952.34
2023-06-24T10:00,30.8,75,5430.23
2023-06-24T11:00,32.2,69,5740.47
2023-06-24T12:00,32.7,67,5854.04
2023-06-24T13:00,33.7,63,5778.86
2023-06-24T14:00,34.3,62,6137.26
2023-06-24T15:00,34.5,60,6201.27
2023-06-24T16:00,34.5,61,5987.29
2023-06-24T17:00,34.4,59,5703.28
2023-06-24T18:00,33.5,63,5430.28
2023-06-24T19:00,32.3,69,5366.66
2023-06-24T20:00,31.5,73,5491.32
2023-06-24T21:00,31.0,75,5671.54
2023-06-24T22:00,30.5,77,6033.6
2023-06-25T00:00,29.6,83,6133.35
2023-06-25T01:00,29.0,86,5829.28
2023-06-25T02:00,28.6,89,5413.83
2023-06-25T03:00,26.6,94,4754.08
2023-06-25T04:00,26.7,96,4428.46
2023-06-25T05:00,26.1,94,4271.14
2023-06-25T06:00,26.2,95,4087.27
2023-06-25T07:00,26.1,95,3920.56
2023-06-25T08:00,26.5,93,3789.73
2023-06-25T09:00,27.0,93,3865.1
2023-06-25T10:00,27.7,88,4113.22
2023-06-25T11:00,28.7,83,4238.19
2023-06-25T12:00,29.8,77,4249.06
2023-06-25T13:00,30.6,74,4084.79
2023-06-25T14:00,31.3,69,4162.79
2023-06-25T15:00,32.0,65,4185.79
2023-06-25T16:00,32.3,63,4201.92
2023-06-25T17:00,28.6,81,4242.22
2023-06-25T18:00,27.9,85,4231.71
2023-06-25T19:00,26.8,91,4298.92
2023-06-25T20:00,26.3,94,4410.1
2023-06-25T21:00,26.1,95,4503.96
2023-06-25T22:00,26.0,96,4779.46
2023-06-25T23:00,25.8,96,4918.16
2023-06-26T00:00,25.6,97,4784.21
2023-06-26T01:00,25.7,96,4503.71
2023-06-26T02:00,25.5,97,4288.71
2023-06-26T03:00,25.4,97,4102.27
2023-06-26T04:00,25.1,97,3945.06
2023-06-26T05:00,25.3,95,3835.57
2023-06-26T06:00,25.7,93,3804.42
2023-06-26T07:00,26.3,89,3896.67
2023-06-26T08:00,26.8,86,4043.14
2023-06-26T09:00,28.4,78,4500.27
2023-06-26T10:00,30.2,70,4994.97
2023-06-26T11:00,31.2,66,5116.53
2023-06-26T12:00,32.2,63,5241.55
2023-06-26T13:00,32.4,62,5093.3
2023-06-26T14:00,32.7,61,5327.81
2023-06-26T15:00,32.8,59,5404.85
2023-06-26T16:00,32.8,60,5283.94
2023-06-26T17:00,27.4,89,5156.68
2023-06-26T18:00,27.6,88,4965.94
2023-06-26T19:00,27.1,91,4920.99
2023-06-26T20:00,27.0,92,4964.6
2023-06-26T21:00,27.0,92,5075.76
2023-06-26T22:00,26.5,94,5329.06
2023-06-27T00:00,26.0,94,5242.76
2023-06-27T01:00,25.4,96,4930.35
2023-06-27T02:00,25.3,96,4655.76
2023-06-27T03:00,25.2,97,4377.48
2023-06-27T04:00,25.4,96,4118.5
2023-06-27T05:00,25.6,94,3949.44
2023-06-27T06:00,25.7,94,3875.5
2023-06-27T07:00,26.6,91,3926.08
2023-06-27T08:00,27.7,88,4068.92
2023-06-27T09:00,29.4,79,4511.2
2023-06-27T10:00,30.8,75,5034.92
2023-06-27T11:00,31.9,72,5321.55
2023-06-27T12:00,32.7,68,5467.75
2023-06-27T13:00,33.5,63,5342.49
2023-06-27T14:00,33.6,62,5611.08
2023-06-27T15:00,33.6,62,5613.12
2023-06-27T16:00,32.7,66,5554.85
2023-06-27T17:00,29.5,77,5487.42
2023-06-27T18:00,29.2,77,5278.57
2023-06-27T19:00,28.6,81,5220.36
2023-06-27T20:00,28.0,83,5265.03
2023-06-27T21:00,27.7,84,5343.64
2023-06-27T22:00,27.4,86,5604.4
2023-06-28T00:00,26.9,90,5435.67
2023-06-28T01:00,26.8,91,5101.11
2023-06-28T02:00,26.7,91,4793.22
2023-06-28T03:00,26.6,91,4544.28
2023-06-28T04:00,26.5,92,4350.86
2023-06-28T05:00,26.6,89,4175.17
2023-06-28T06:00,26.1,90,4092.05
2023-06-28T07:00,26.0,88,4156.64
2023-06-28T08:00,27.1,86,4305.16
2023-06-28T09:00,28.7,81,4725.03
2023-06-28T10:00,31.0,71,5234.52
2023-06-28T11:00,32.2,67,5525.26
2023-06-28T12:00,33.0,66,5692.1
2023-06-28T13:00,33.5,64,5700.69
2023-06-28T14:00,34.0,61,5944.4
2023-06-28T15:00,34.0,60,5776.34
2023-06-28T16:00,32.3,67,5374.69
2023-06-28T17:00,29.2,79,5235.69
2023-06-28T18:00,29.5,81,5093.85
2023-06-28T19:00,29.1,84,5050.59
2023-06-28T20:00,28.7,87,5150.89
2023-06-28T21:00,28.5,88,5298.87
2023-06-28T22:00,28.3,88,5567.02
2023-06-29T00:00,27.5,89,5503.6
2023-06-29T01:00,27.3,89,5196.06
2023-06-29T02:00,27.2,89,4930.34
2023-06-29T03:00,27.1,90,4696.32
2023-06-29T04:00,27.0,91,4495.02
2023-06-29T05:00,26.7,91,4322.0
2023-06-29T06:00,25.8,93,4193.45
2023-06-29T07:00,26.6,90,4058.82
2023-06-29T08:00,26.2,90,3788.95
2023-06-29T09:00,26.2,89,4011.65
2023-06-29T10:00,28.8,79,4383.5
2023-06-29T11:00,29.8,76,4626.18
2023-06-29T12:00,30.8,70,4767.87
2023-06-29T13:00,32.0,65,4747.26
2023-06-29T14:00,32.4,64,5016.15
2023-06-29T15:00,32.3,65,5171.45
2023-06-29T16:00,32.1,64,5189.81
2023-06-29T17:00,30.6,74,5087.28
2023-06-29T18:00,29.6,79,4929.26
2023-06-29T19:00,28.8,83,4883.8
2023-06-29T20:00,28.2,88,4975.76
2023-06-29T21:00,27.7,90,5132.36
2023-06-29T22:00,27.4,92,5447.52
2023-06-30T00:00,26.2,93,5379.72
2023-06-30T01:00,26.1,93,5059.53
2023-06-30T02:00,25.8,95,4828.28
2023-06-30T03:00,25.3,96,4509.92
2023-06-30T04:00,25.4,95,4123.42
2023-06-30T05:00,26.8,91,3953.36
2023-06-30T06:00,27.3,89,3938.72
2023-06-30T07:00,27.4,88,3956.17
2023-06-30T08:00,28.5,82,4102.23
2023-06-30T09:00,30.1,73,4587.99
2023-06-30T10:00,31.8,66,5117.82
2023-06-30T11:00,32.8,62,5383.24
2023-06-30T12:00,33.5,60,5510.14
2023-06-30T13:00,33.8,59,5469.62
2023-06-30T14:00,33.9,60,5687.53
2023-06-30T15:00,33.8,60,5722.72
2023-06-30T16:00,31.5,70,5338.37
2023-06-30T17:00,28.3,83,5209.3
2023-06-30T18:00,28.2,84,5087.32
2023-06-30T19:00,27.8,86,4980.14
2023-06-30T20:00,27.5,87,4949.69
2023-06-30T21:00,27.2,89,4996.34
2023-06-30T22:00,27.0,90,5270.02
2023-06-30T23:00,26.8,90,5416.48
2023-07-01T00:00,26.6,90,5224.48
2023-07-01T01:00,26.3,90,4941.31
2023-07-01T02:00,26.0,91,4646.53
2023-07-01T03:00,25.8,92,4417.84
2023-07-01T04:00,25.5,92,4231.4
2023-07-01T05:00,24.8,92,4072.15
2023-07-01T06:00,24.6,92,3993.93
2023-07-01T07:00,26.4,85,3968.84
2023-07-01T08:00,28.8,76,4047.6
2023-07-01T09:00,30.4,69,4279.24
2023-07-01T10:00,31.7,65,4674.27
2023-07-01T11:00,32.7,62,4931.36
2023-07-01T12:00,33.5,59,5091.57
2023-07-01T13:00,33.5,60,5122.36
2023-07-01T14:00,33.7,59,5385.72
2023-07-01T15:00,32.8,61,5527.54
2023-07-01T16:00,32.9,60,5431.39
2023-07-01T17:00,30.7,74,5254.58
2023-07-01T18:00,30.0,76,5023.36
2023-07-01T19:00,29.3,80,4940.51
2023-07-01T20:00,28.6,83,5058.74
2023-07-01T21:00,28.3,85,5221.15
2023-07-01T22:00,27.9,87,5522.28
2023-07-01T23:00,27.7,88,5651.85
2023-07-02T00:00,27.4,89,5387.35
2023-07-02T01:00,27.1,90,5056.22
2023-07-02T02:00,26.8,91,4761.82
2023-07-02T03:00,26.4,93,4530.56
2023-07-02T04:00,25.9,93,4321.52
2023-07-02T05:00,26.5,94,4149.65
2023-07-02T06:00,26.9,90,4006.07
2023-07-02T07:00,27.9,85,3934.97
2023-07-02T08:00,29.3,79,3885.49
2023-07-02T09:00,30.7,73,4062.06
2023-07-02T10:00,32.1,66,4383.68
2023-07-02T11:00,33.1,61,4637.19
2023-07-02T12:00,33.9,57,4823.62
2023-07-02T13:00,34.3,55,4941.17
2023-07-02T14:00,35.0,53,5271.53
2023-07-02T15:00,35.3,51,5379.71
2023-07-02T16:00,35.2,51,5244.57
2023-07-02T17:00,34.2,57,5061.2
2023-07-02T18:00,33.5,62,4893.97
2023-07-02T19:00,31.7,69,4931.18
2023-07-02T20:00,30.9,72,5227.03
2023-07-02T21:00,30.2,73,5590.49
2023-07-02T22:00,29.6,75,6016.23
2023-07-02T23:00,29.1,77,6171.69
2023-07-03T00:00,28.7,79,5854.33
2023-07-03T01:00,28.4,80,5525.36
2023-07-03T02:00,28.1,80,5227.48
2023-07-03T03:00,27.8,82,4981.73
2023-07-03T04:00,27.6,83,4772.54
2023-07-03T05:00,27.1,89,4573.48
2023-07-03T06:00,27.9,86,4478.53
2023-07-03T07:00,29.5,79,4454.65
2023-07-03T08:00,30.2,76,4573.21
2023-07-03T09:00,31.4,71,5046.85
2023-07-03T10:00,32.5,68,5529.28
2023-07-03T11:00,33.8,62,5800.44
2023-07-03T12:00,34.7,58,5873.97
2023-07-03T13:00,35.3,55,6011.99
2023-07-03T14:00,35.8,53,6442.1
2023-07-03T15:00,36.1,51,6737.69
2023-07-03T16:00,36.2,49,6571.36
2023-07-03T17:00,36.6,50,6211.53
2023-07-03T18:00,35.0,60,5862.99
2023-07-03T19:00,30.1,77,5788.0
2023-07-03T20:00,28.6,84,6113.6
2023-07-03T21:00,27.9,85,6437.91
2023-07-03T22:00,28.5,81,6820.07
2023-07-03T23:00,28.3,82,6914.15
2023-07-04T00:00,27.8,83,6506.95
2023-07-04T01:00,26.7,87,6120.19
2023-07-04T02:00,26.8,86,5805.18
2023-07-04T03:00,26.5,88,5566.36
2023-07-04T04:00,26.1,93,5360.77
2023-07-04T05:00,28.9,84,5088.77
2023-07-04T06:00,27.6,88,4923.89
2023-07-04T07:00,27.4,84,4863.21
2023-07-04T08:00,29.6,75,4952.7
2023-07-04T09:00,31.8,67,5390.33
2023-07-04T10:00,33.4,63,5856.49
2023-07-04T11:00,34.7,59,6125.39
2023-07-04T12:00,35.6,56,6345.56
2023-07-04T13:00,36.3,53,6339.9
2023-07-04T14:00,36.7,51,5908.28
2023-07-04T15:00,36.7,50,5805.23
2023-07-04T16:00,36.1,51,5831.5
2023-07-04T17:00,31.5,72,5830.49
2023-07-04T18:00,31.8,70,5699.87
2023-07-04T19:00,30.8,75,5618.26
2023-07-04T20:00,29.8,81,5762.6
2023-07-04T21:00,29.0,83,6099.18
2023-07-04T22:00,28.4,84,6539.25
2023-07-04T23:00,28.1,85,6615.99
2023-07-05T00:00,27.9,86,6188.23
2023-07-05T01:00,27.8,86,5817.65
2023-07-05T02:00,27.7,88,5512.23
2023-07-05T03:00,27.6,89,5253.31
2023-07-05T04:00,27.3,90,5011.37
2023-07-05T05:00,27.5,91,4783.8
2023-07-05T06:00,25.7,96,4677.35
2023-07-05T07:00,24.4,96,4636.33
2023-07-05T08:00,25.4,94,4717.54
2023-07-05T09:00,27.7,85,5175.31
2023-07-05T10:00,29.7,77,5687.12
2023-07-05T11:00,31.4,71,5918.97
2023-07-05T12:00,31.7,70,5985.65
2023-07-05T13:00,32.2,67,5884.28
2023-07-05T14:00,32.9,63,6217.35
2023-07-05T15:00,33.6,60,6562.04
2023-07-05T16:00,33.3,61,6418.91
2023-07-05T17:00,29.8,80,6011.12
2023-07-05T18:00,30.3,76,5332.12
2023-07-05T19:00,29.8,78,5144.12
2023-07-05T20:00,29.2,81,5311.3
2023-07-05T21:00,28.8,82,5579.69
2023-07-05T22:00,28.4,82,6036.37
2023-07-05T23:00,28.1,84,6171.59
2023-07-06T00:00,27.8,85,5820.3
2023-07-06T01:00,27.4,87,5480.34
2023-07-06T02:00,27.0,89,5209.16
2023-07-06T03:00,26.7,91,4983.84
2023-07-06T04:00,26.4,92,4786.15
2023-07-06T05:00,25.6,93,4605.85
2023-07-06T06:00,25.3,90,4544.91
2023-07-06T07:00,26.4,86,4525.63
2023-07-06T08:00,27.2,80,4615.13
2023-07-06T09:00,29.0,74,4831.08
2023-07-06T10:00,29.7,73,4940.51
2023-07-06T11:00,31.0,69,5083.46
2023-07-06T12:00,32.3,62,5239.08
2023-07-06T13:00,33.1,59,5107.13
2023-07-06T14:00,33.0,59,5415.4
2023-07-06T15:00,33.0,58,5514.4
2023-07-06T16:00,33.1,59,5341.5
2023-07-06T17:00,30.1,72,5232.04
2023-07-06T18:00,29.7,73,5118.67
2023-07-06T19:00,29.3,74,5078.31
2023-07-06T20:00,29.0,76,5084.21
2023-07-06T21:00,28.7,77,5203.99
2023-07-06T22:00,28.4,79,5513.21
2023-07-06T23:00,28.4,79,5624.7
2023-07-07T00:00,28.1,81,5343.51
2023-07-07T01:00,27.8,83,5027.67
2023-07-07T02:00,27.6,84,4758.33
2023-07-07T03:00,25.9,93,4524.67
2023-07-07T04:00,26.0,91,4338.36
2023-07-07T05:00,26.0,93,4203.35
2023-07-07T06:00,25.2,95,4217.01
2023-07-07T07:00,24.9,95,4254.17
2023-07-07T08:00,27.1,85,4387.79
2023-07-07T09:00,29.1,79,4834.24
2023-07-07T10:00,29.6,78,5308.93
2023-07-07T11:00,30.9,72,5473.67
2023-07-07T12:00,31.5,70,5501.98
2023-07-07T13:00,31.9,68,5515.5
2023-07-07T14:00,32.8,65,5927.21
2023-07-07T15:00,33.3,60,6126.89
2023-07-07T16:00,32.8,62,5950.93
2023-07-07T17:00,29.1,83,5720.41
2023-07-07T18:00,27.5,89,5471.83
2023-07-07T19:00,27.8,90,5382.31
2023-07-07T20:00,27.7,91,5443.02
2023-07-07T21:00,27.6,92,5530.08
2023-07-07T22:00,27.6,93,5805.49
2023-07-07T23:00,27.5,93,5904.59
2023-07-08T00:00,27.4,95,5627.45
2023-07-08T01:00,27.1,96,5300.6
2023-07-08T02:00,26.9,96,5015.24
2023-07-08T03:00,26.1,97,4601.26
2023-07-08T04:00,26.1,96,4358.96
2023-07-08T05:00,26.2,93,4239.72
2023-07-08T06:00,26.7,94,4152.48
2023-07-08T07:00,27.0,96,4127.98
2023-07-08T08:00,27.9,90,4148.35
2023-07-08T09:00,28.6,84,4344.98
2023-07-08T10:00,29.6,80,4563.73
2023-07-08T11:00,27.1,86,4704.97
2023-07-08T12:00,26.6,93,4816.25
2023-07-08T13:00,27.6,88,4503.85
2023-07-08T14:00,27.9,87,4474.35
2023-07-08T15:00,29.6,79,4578.88
2023-07-08T16:00,29.1,79,4666.64
2023-07-08T17:00,26.9,92,4601.03
2023-07-08T18:00,27.0,93,4586.84
2023-07-08T19:00,26.8,94,4610.14
2023-07-08T20:00,26.6,94,4645.53
2023-07-08T21:00,26.3,95,4706.64
2023-07-08T22:00,26.3,95,4874.94
2023-07-08T23:00,26.1,97,4931.85
2023-07-09T00:00,25.9,96,4727.15
2023-07-09T01:00,25.6,96,4489.97
2023-07-09T02:00,25.6,96,4272.6
2023-07-09T03:00,25.4,96,4064.21
2023-07-09T04:00,25.1,98,3921.0
2023-07-09T05:00,25.6,94,3826.68
2023-07-09T06:00,25.5,97,3753.78
2023-07-09T07:00,25.5,97,3731.61
2023-07-09T08:00,26.1,93,3709.28
2023-07-09T09:00,25.9,95,3842.13
2023-07-09T10:00,26.1,94,4110.16
2023-07-09T11:00,26.5,90,4380.47
2023-07-09T12:00,27.8,85,4592.32
2023-07-09T13:00,28.5,82,4490.98
2023-07-09T14:00,30.8,74,4363.17
2023-07-09T15:00,30.8,76,4157.94
2023-07-09T16:00,29.8,78,4113.0
2023-07-09T17:00,28.5,86,4142.91
2023-07-09T18:00,28.1,92,4194.67
2023-07-09T19:00,27.5,94,4257.87
2023-07-09T20:00,27.2,95,4285.63
2023-07-09T21:00,27.1,95,4367.89
2023-07-09T22:00,27.0,96,4515.05
2023-07-09T23:00,26.9,97,4547.08
2023-07-10T00:00,26.8,97,4345.65
2023-07-10T01:00,26.5,97,4089.46
2023-07-10T02:00,26.3,98,3909.36
2023-07-10T03:00,26.2,97,3788.83
2023-07-10T04:00,25.8,96,3678.03
2023-07-10T05:00,26.0,97,3622.77
2023-07-10T06:00,26.0,97,3694.75
2023-07-10T07:00,26.3,95,3860.68
2023-07-10T08:00,27.1,92,4073.66
2023-07-10T09:00,28.0,88,4544.36
2023-07-10T10:00,29.1,83,4985.68
2023-07-10T11:00,30.9,74,5227.31
2023-07-10T12:00,29.5,77,5302.42
2023-07-10T13:00,30.6,77,5035.28
2023-07-10T14:00,29.6,80,5112.34
2023-07-10T15:00,30.1,80,5137.7
2023-07-10T16:00,31.0,77,5067.66
2023-07-10T17:00,28.1,89,4914.37
2023-07-10T18:00,27.4,93,4639.71
2023-07-10T19:00,26.9,93,4554.17
2023-07-10T20:00,26.5,95,4507.05
2023-07-10T21:00,26.1,97,4491.2
2023-07-10T22:00,26.1,97,4655.55
2023-07-10T23:00,26.0,98,4667.59
2023-07-11T00:00,25.6,99,4422.74
2023-07-11T01:00,26.0,98,4169.9
2023-07-11T02:00,25.9,96,3955.36
2023-07-11T03:00,25.7,97,3778.14
2023-07-11T04:00,25.2,99,3668.86
2023-07-11T05:00,25.6,97,3655.27
2023-07-11T06:00,25.9,95,3789.11
2023-07-11T07:00,26.2,93,3884.99
2023-07-11T08:00,27.1,88,4005.6
2023-07-11T09:00,28.5,82,4378.72
2023-07-11T10:00,30.0,75,4763.72
2023-07-11T11:00,31.2,71,4889.12
2023-07-11T12:00,32.0,67,4938.89
2023-07-11T13:00,32.5,65,4881.94
2023-07-11T14:00,32.9,62,5081.64
2023-07-11T15:00,33.3,60,5217.67
2023-07-11T16:00,33.1,60,5151.47
2023-07-11T17:00,29.5,83,5107.91
2023-07-11T18:00,29.3,83,4972.77
2023-07-11T19:00,28.6,87,4942.14
2023-07-11T20:00,28.1,90,4955.42
2023-07-11T21:00,27.8,92,4986.52
2023-07-11T22:00,27.5,93,5177.69
2023-07-11T23:00,27.2,94,5187.29
2023-07-12T00:00,27.0,95,4890.55
2023-07-12T01:00,26.6,97,4611.87
2023-07-12T02:00,26.4,98,4374.49
2023-07-12T03:00,26.2,99,4164.75
2023-07-12T04:00,26.1,99,4038.98
2023-07-12T05:00,25.7,99,4003.66
2023-07-12T06:00,25.7,99,4105.42
2023-07-12T07:00,26.7,94,4142.1
2023-07-12T08:00,28.0,85,4284.6
2023-07-12T09:00,29.7,79,4709.42
2023-07-12T10:00,30.8,75,5147.97
2023-07-12T11:00,31.6,73,5297.34
2023-07-12T12:00,32.4,70,5295.01
2023-07-12T13:00,33.1,67,5166.45
2023-07-12T14:00,33.5,65,5361.96
2023-07-12T15:00,33.5,63,5621.32
2023-07-12T16:00,29.0,85,5570.72
2023-07-12T17:00,30.7,78,5564.02
2023-07-12T18:00,27.6,90,5564.02
2023-07-12T19:00,26.9,94,5564.02
2023-07-12T20:00,26.9,92,5564.02
2023-07-12T21:00,26.9,93,5564.02
2023-07-12T22:00,26.9,95,5564.02
2023-07-12T23:00,26.7,95,5564.02
2023-07-13T00:00,26.5,95,5564.02
2023-07-13T01:00,26.3,97,5564.02
2023-07-13T02:00,26.1,98,5564.02
2023-07-13T03:00,26.0,98,5564.02
2023-07-13T04:00,26.0,95,5564.02
2023-07-13T05:00,26.7,95,5564.02
2023-07-13T06:00,26.9,91,5564.02
2023-07-13T07:00,27.6,89,5564.02
2023-07-13T08:00,28.8,84,5564.02
2023-07-13T09:00,29.8,79,5564.02
2023-07-13T10:00,30.9,74,5564.02
2023-07-13T11:00,32.1,69,5564.02
2023-07-13T12:00,32.9,65,5564.02
2023-07-13T13:00,32.8,66,5564.02
2023-07-13T14:00,33.0,67,5564.02
2023-07-13T15:00,33.2,66,5564.02
2023-07-13T16:00,32.2,70,5564.02
2023-07-13T17:00,31.1,71,5564.02
2023-07-13T18:00,30.5,74,5564.02
2023-07-13T19:00,29.4,79,5564.02
2023-07-13T20:00,28.6,84,5564.02
2023-07-13T21:00,27.9,88,5564.02
2023-07-13T22:00,27.4,91,5564.02
2023-07-13T23:00,27.1,92,5564.02
2023-07-14T00:00,26.8,92,5308.57
2023-07-14T01:00,26.6,93,4970.26
2023-07-14T02:00,26.4,95,4701.76
2023-07-14T03:00,26.2,96,4464.35
2023-07-14T04:00,25.9,97,4295.65
2023-07-14T05:00,25.7,93,4163.73
2023-07-14T06:00,26.1,93,4124.46
2023-07-14T07:00,27.0,87,4213.51
2023-07-14T08:00,28.1,80,4406.94
2023-07-14T09:00,29.5,76,4818.2
2023-07-14T10:00,31.0,71,5300.26
2023-07-14T11:00,32.0,68,5516.03
2023-07-14T12:00,32.6,65,5572.02
2023-07-14T13:00,33.3,61,5582.25
2023-07-14T14:00,33.8,59,5735.99
2023-07-14T15:00,33.7,59,5825.7
2023-07-14T16:00,33.7,60,5715.94
2023-07-14T17:00,28.0,91,5512.5
2023-07-14T18:00,26.2,95,5320.04
2023-07-14T19:00,26.2,93,5306.51
2023-07-14T20:00,26.5,92,5393.97
2023-07-14T21:00,26.7,91,5459.7
2023-07-14T22:00,26.5,92,5688.4
2023-07-14T23:00,26.4,92,5741.72
2023-07-15T00:00,26.2,95,5440.29
2023-07-15T01:00,26.2,95,5118.68
2023-07-15T02:00,26.0,95,4850.5
2023-07-15T03:00,26.3,94,4603.17
2023-07-15T04:00,26.1,95,4397.66
2023-07-15T05:00,27.0,95,4246.63
2023-07-15T06:00,27.5,93,4132.37
2023-07-15T07:00,27.6,92,4121.39
2023-07-15T08:00,28.6,86,4185.68
2023-07-15T09:00,30.0,80,4486.03
2023-07-15T10:00,31.2,74,4951.33
2023-07-15T11:00,32.3,71,5170.81
2023-07-15T12:00,32.9,69,5239.38
2023-07-15T13:00,33.1,67,5222.88
2023-07-15T14:00,33.3,66,5426.76
2023-07-15T15:00,33.2,66,5479.57
2023-07-15T16:00,28.5,85,5452.44
2023-07-15T17:00,28.2,88,5234.61
2023-07-15T18:00,28.1,90,4851.73
2023-07-15T19:00,27.6,94,4754.74
2023-07-15T20:00,26.8,96,4807.58
2023-07-15T21:00,26.9,97,4948.09
2023-07-15T22:00,26.2,96,5216.97
2023-07-15T23:00,26.1,96,5315.39
2023-07-16T00:00,26.0,96,5066.24
2023-07-16T01:00,25.5,97,4801.97
2023-07-16T02:00,25.4,96,4559.31
2023-07-16T03:00,25.2,97,4365.35
2023-07-16T04:00,25.2,98,4208.11
2023-07-16T05:00,26.2,96,4064.45
2023-07-16T06:00,26.1,97,3946.86
2023-07-16T07:00,25.8,97,3918.94
2023-07-16T08:00,26.6,94,3904.82
2023-07-16T09:00,27.9,86,4099.37
2023-07-16T10:00,29.7,76,4385.02
2023-07-16T11:00,30.8,72,4621.76
2023-07-16T12:00,32.1,66,4793.72
2023-07-16T13:00,32.4,67,4822.53
2023-07-16T14:00,32.7,67,5085.63
2023-07-16T15:00,32.9,66,5194.2
2023-07-16T16:00,32.9,66,5071.73
2023-07-16T17:00,30.3,79,4869.97
2023-07-16T18:00,30.6,78,4754.77
2023-07-16T19:00,29.2,88,4854.96
2023-07-16T20:00,28.9,90,5094.47
2023-07-16T21:00,28.2,92,5352.05
2023-07-16T22:00,27.8,95,5662.99
2023-07-16T23:00,27.9,95,5736.66
2023-07-17T00:00,28.3,91,5434.77
2023-07-17T01:00,28.2,91,5137.29
2023-07-17T02:00,27.3,96,4882.07
2023-07-17T03:00,26.9,93,4653.87
2023-07-17T04:00,26.3,96,4464.8
2023-07-17T05:00,27.3,98,4341.45
2023-07-17T06:00,28.3,91,4319.07
2023-07-17T07:00,29.0,87,4328.59
2023-07-17T08:00,29.7,83,4456.06
2023-07-17T09:00,30.1,80,4885.62
2023-07-17T10:00,29.9,80,5366.68
2023-07-17T11:00,27.4,91,5545.07
2023-07-17T12:00,30.7,74,5587.16
2023-07-17T13:00,32.1,69,5525.6
2023-07-17T14:00,32.8,66,5835.04
2023-07-17T15:00,33.1,65,5994.43
2023-07-17T16:00,33.3,63,5872.28
2023-07-17T17:00,30.1,80,5718.84
2023-07-17T18:00,28.8,85,5517.22
2023-07-17T19:00,28.3,87,5524.04
2023-07-17T20:00,27.7,92,5719.91
2023-07-17T21:00,27.4,92,5875.6
2023-07-17T22:00,27.2,92,6131.91
2023-07-17T23:00,27.1,92,6075.61
2023-07-18T00:00,27.1,92,5710.52
2023-07-18T01:00,27.1,93,5369.9
2023-07-18T02:00,27.0,95,5056.51
2023-07-18T03:00,26.1,98,4835.18
2023-07-18T04:00,26.2,99,4662.49
2023-07-18T05:00,25.4,94,4511.25
2023-07-18T06:00,26.3,92,4470.83
2023-07-18T07:00,27.0,90,4496.03
2023-07-18T08:00,28.4,84,4616.63
2023-07-18T09:00,29.3,80,5013.74
2023-07-18T10:00,29.9,78,5449.04
2023-07-18T11:00,31.5,72,5618.0
2023-07-18T12:00,30.9,71,5753.94
2023-07-18T13:00,31.5,73,5629.33
2023-07-18T14:00,31.7,70,5612.41
2023-07-18T15:00,29.6,80,5689.86
2023-07-18T16:00,30.7,77,5704.64
2023-07-18T17:00,28.3,87,5565.91
2023-07-18T18:00,27.6,88,5369.87
2023-07-18T19:00,27.1,90,5307.95
2023-07-18T20:00,27.0,91,5322.2
2023-07-18T21:00,27.0,92,5432.55
2023-07-18T22:00,26.8,93,5752.26
2023-07-18T23:00,26.8,94,5840.94
2023-07-19T00:00,26.8,95,5479.72
2023-07-19T01:00,26.7,96,5144.89
2023-07-19T02:00,26.6,97,4865.09
2023-07-19T03:00,26.4,97,4647.55
2023-07-19T04:00,26.3,97,4471.03
2023-07-19T05:00,27.1,97,4376.1
2023-07-19T06:00,27.6,95,4371.87
2023-07-19T07:00,28.3,91,4407.03
2023-07-19T08:00,27.4,89,4514.19
2023-07-19T09:00,28.8,82,4984.68
2023-07-19T10:00,29.7,79,5467.85
2023-07-19T11:00,30.6,77,5665.28
2023-07-20T00:00,27.2,94,6035.11
2023-07-20T01:00,27.1,94,5673.47
2023-07-20T02:00,26.9,95,5347.6
2023-07-20T03:00,27.1,94,5100.88
2023-07-20T04:00,27.2,92,4882.51
2023-07-20T05:00,28.4,84,4731.35
2023-07-20T06:00,28.4,85,4685.2
2023-07-20T07:00,28.5,86,4666.98
2023-07-20T08:00,27.7,86,4792.47
2023-07-20T09:00,30.2,78,5245.9
2023-07-20T10:00,32.0,73,5744.9
2023-07-20T11:00,33.0,68,5915.93
2023-07-21T00:00,27.5,90,6537.4
2023-07-21T01:00,27.6,90,6168.07
2023-07-21T02:00,27.7,89,5859.39
2023-07-21T03:00,27.8,88,5614.44
2023-07-21T04:00,27.9,88,5374.51
2023-07-21T05:00,26.5,91,5167.47
2023-07-21T06:00,27.9,86,5009.14
2023-07-21T07:00,28.9,85,5014.13
2023-07-21T08:00,30.6,79,5175.82
2023-07-21T09:00,32.3,73,5655.38
2023-07-21T10:00,33.7,68,6196.01
2023-07-21T11:00,34.6,62,6394.84
2023-07-21T12:00,34.9,59,6510.01
2023-07-21T13:00,35.0,59,6600.94
2023-07-21T14:00,35.3,56,7117.1
2023-07-21T15:00,35.6,54,7295.64
2023-07-21T16:00,35.1,55,7037.85
2023-07-21T17:00,33.9,61,6673.15
2023-07-21T18:00,32.8,70,6285.48
2023-07-21T19:00,29.2,86,6276.7
2023-07-21T20:00,28.9,84,6492.82
2023-07-21T21:00,29.3,83,6759.56
2023-07-21T22:00,29.6,85,7061.59
2023-07-21T23:00,29.5,84,7065.82
2023-07-22T00:00,28.7,87,6741.52
2023-07-22T01:00,28.4,87,6350.98
2023-07-22T02:00,28.5,83,6051.56
2023-07-22T03:00,28.5,83,5768.03
2023-07-22T04:00,28.3,86,5503.32
2023-07-22T05:00,27.5,87,5246.41
2023-07-22T06:00,27.2,92,5044.98
2023-07-22T07:00,28.4,90,4960.1
2023-07-22T08:00,30.7,82,4970.26
2023-07-22T09:00,31.9,75,5261.5
2023-07-22T10:00,29.9,80,5667.59
2023-07-22T11:00,29.9,80,5928.0
2023-07-22T12:00,32.3,74,6096.65
2023-07-22T13:00,33.8,65,6191.9
2023-07-22T14:00,34.2,61,6552.83
2023-07-22T15:00,33.9,61,6722.45
2023-07-22T16:00,33.8,62,6513.24
2023-07-22T17:00,34.3,60,6209.13
2023-07-22T18:00,33.1,64,5900.2
2023-07-22T19:00,31.8,71,5806.15
2023-07-22T20:00,31.1,73,5957.67
2023-07-22T21:00,30.7,73,6190.29
2023-07-22T22:00,30.3,74,6529.83
2023-07-22T23:00,29.9,74,6605.47
2023-07-23T00:00,29.5,75,6394.24
2023-07-23T01:00,29.1,76,6064.63
2023-07-23T02:00,28.8,77,5758.15
2023-07-23T03:00,28.5,79,5464.46
2023-07-23T04:00,28.3,81,5239.42
2023-07-23T05:00,29.1,78,4991.97
2023-07-23T06:00,29.4,78,4750.89
2023-07-23T07:00,30.0,77,4632.16
2023-07-23T08:00,30.8,74,4566.51
2023-07-23T09:00,31.1,73,4746.27
2023-07-23T10:00,31.8,71,5101.21
2023-07-23T11:00,33.1,68,5433.09
2023-07-23T12:00,33.5,65,5704.11
2023-07-23T13:00,34.1,63,5806.69
2023-07-23T14:00,34.2,62,6120.5
2023-07-23T15:00,34.1,62,6188.56
2023-07-23T16:00,33.5,64,5988.67
2023-07-23T17:00,32.3,70,5688.18
2023-07-23T18:00,31.6,72,5482.17
2023-07-23T19:00,30.8,74,5496.62
2023-07-23T20:00,30.1,78,5833.16
2023-07-23T21:00,30.0,79,6251.88
2023-07-23T22:00,29.9,77,6665.93
2023-07-23T23:00,29.5,79,6756.17
2023-07-24T00:00,29.1,81,6460.39
2023-07-24T01:00,28.7,83,6155.37
2023-07-24T02:00,28.4,85,5861.77
2023-07-24T03:00,28.2,86,5549.59
2023-07-24T04:00,27.9,87,5308.05
2023-07-24T05:00,27.9,87,5075.84
2023-07-24T06:00,28.3,88,4925.23
2023-07-24T07:00,28.9,84,4886.14
2023-07-24T08:00,30.2,78,4995.94
2023-07-24T09:00,31.2,75,5417.55
2023-07-24T10:00,32.0,72,5890.57
2023-07-24T11:00,33.1,68,6113.32
2023-07-24T12:00,33.7,65,6266.76
2023-07-24T13:00,33.9,64,6335.86
2023-07-24T14:00,34.1,63,6859.01
2023-07-24T15:00,34.0,63,7135.17
2023-07-24T16:00,33.8,63,6903.92
2023-07-24T17:00,30.2,81,6589.42
2023-07-24T18:00,28.0,90,6174.51
2023-07-24T19:00,27.7,90,6084.19
2023-07-24T20:00,27.7,93,6263.65
2023-07-24T21:00,27.7,90,6543.87
2023-07-24T22:00,27.5,91,6926.63
2023-07-24T23:00,27.4,93,7031.76
2023-07-25T00:00,27.2,94,6661.64
2023-07-25T01:00,26.7,95,6335.67
2023-07-25T02:00,25.6,94,6037.54
2023-07-25T03:00,25.6,94,5780.86
2023-07-25T04:00,25.6,94,5448.78
2023-07-25T05:00,26.4,93,5162.83
2023-07-25T06:00,26.6,91,5013.69
2023-07-25T07:00,27.1,90,4956.99
2023-07-25T08:00,27.7,88,5078.68
2023-07-25T09:00,29.2,83,5493.34
2023-07-25T10:00,30.8,77,5938.43
2023-07-25T11:00,31.5,73,6144.56
2023-07-25T12:00,32.8,70,6331.54
2023-07-25T13:00,33.2,68,6428.13
2023-07-25T14:00,33.8,65,6948.73
2023-07-25T15:00,34.1,63,7170.85
2023-07-25T16:00,34.1,63,6837.13
2023-07-25T17:00,31.4,72,6379.19
2023-07-25T18:00,30.2,78,6046.39
2023-07-25T19:00,29.5,81,6158.8
2023-07-25T20:00,29.2,83,6391.11
2023-07-25T21:00,29.1,84,6643.06
2023-07-25T22:00,28.6,86,6931.46
2023-07-25T23:00,27.3,90,6929.9
2023-07-26T00:00,26.3,94,6448.74
2023-07-26T01:00,25.7,97,6001.5
2023-07-26T02:00,26.1,95,5638.58
2023-07-26T03:00,26.3,95,5349.49
2023-07-26T04:00,26.0,97,5077.78
2023-07-26T05:00,26.5,97,4714.75
2023-07-26T06:00,26.2,95,4482.04
2023-07-26T07:00,25.6,99,4369.39
2023-07-26T08:00,25.6,95,4403.92
2023-07-26T09:00,25.8,94,4769.63
2023-07-26T10:00,26.4,90,5149.25
2023-07-26T11:00,27.4,84,5292.53
2023-07-26T12:00,28.5,80,5294.99
2023-07-26T13:00,29.3,77,5130.72
2023-07-26T14:00,29.3,77,5414.35
2023-07-26T15:00,29.5,76,5626.39
2023-07-26T16:00,29.7,76,5633.69
2023-07-26T17:00,27.4,89,5534.56
2023-07-26T18:00,27.3,91,5347.97
2023-07-26T19:00,27.2,92,5336.85
2023-07-26T20:00,26.8,95,5349.93
2023-07-26T21:00,26.6,96,5439.06
2023-07-26T22:00,26.6,96,5739.94
2023-07-26T23:00,26.3,98,5774.24
2023-07-27T00:00,26.5,97,5500.21
2023-07-27T01:00,26.4,98,5171.01
2023-07-27T02:00,26.4,98,4904.03
2023-07-27T03:00,26.4,98,4670.39
2023-07-27T04:00,26.3,98,4460.09
2023-07-27T05:00,26.8,96,4321.8
2023-07-27T06:00,27.3,95,4308.65
2023-07-27T07:00,28.2,91,4312.76
2023-07-27T08:00,28.8,85,4413.84
2023-07-27T09:00,28.1,87,4891.2
2023-07-27T10:00,28.8,83,5451.21
2023-07-27T11:00,29.9,80,5705.69
2023-07-27T12:00,30.6,78,5855.71
2023-07-27T13:00,31.4,74,5852.98
2023-07-27T14:00,31.6,74,6101.33
2023-07-27T15:00,31.7,72,6115.49
2023-07-27T16:00,31.7,71,5969.15
2023-07-27T17:00,30.4,74,5797.9
2023-07-27T18:00,28.8,89,5524.29
2023-07-27T19:00,28.4,89,5549.84
2023-07-27T20:00,28.0,92,5616.56
2023-07-27T21:00,27.9,93,5724.08
2023-07-27T22:00,27.8,94,6034.15
2023-07-27T23:00,27.5,95,6085.92
2023-07-28T00:00,27.1,97,5715.9
2023-07-28T01:00,27.1,96,5339.32
2023-07-28T02:00,27.0,97,5018.03
2023-07-28T03:00,27.0,97,4768.53
2023-07-28T04:00,26.8,97,4579.05
2023-07-28T05:00,26.9,95,4454.08
2023-07-28T06:00,26.6,94,4428.4
2023-07-28T07:00,26.9,93,4466.94
2023-07-28T08:00,27.3,91,4608.45
2023-07-28T09:00,28.7,84,5052.1
2023-07-28T10:00,29.8,78,5510.29
2023-07-28T11:00,31.1,73,5569.93
2023-07-28T12:00,32.2,69,5485.64
2023-07-28T13:00,32.9,65,5400.92
2023-07-28T14:00,32.7,65,5855.71
2023-07-28T15:00,30.7,74,6070.42
2023-07-28T16:00,29.6,79,6003.41
2023-07-28T17:00,27.0,89,5788.35
2023-07-28T18:00,26.7,92,5437.61
2023-07-28T19:00,26.7,92,5081.04
2023-07-28T20:00,26.7,94,4876.55
2023-07-28T21:00,26.6,95,4863.42
2023-07-28T22:00,26.3,94,5087.49
2023-07-28T23:00,26.3,94,5176.17
2023-07-29T00:00,26.4,95,4993.65
2023-07-29T01:00,25.7,95,4747.85
2023-07-29T02:00,25.9,95,4527.96
2023-07-29T03:00,25.6,93,4310.9
2023-07-29T04:00,25.6,95,4131.08
2023-07-29T05:00,24.7,94,4021.89
2023-07-29T06:00,25.2,94,3978.08
2023-07-29T07:00,26.2,89,3984.35
2023-07-29T08:00,27.3,84,4003.57
2023-07-29T09:00,29.0,77,4285.42
2023-07-29T10:00,29.8,74,4690.15
2023-07-29T11:00,30.9,71,4921.03
2023-07-29T12:00,31.1,69,5028.55
2023-07-29T13:00,31.4,68,4950.74
2023-07-29T14:00,28.5,78,5085.53
2023-07-29T15:00,29.3,77,5166.82
2023-07-29T16:00,30.4,74,5050.83
2023-07-29T17:00,29.1,78,4915.7
2023-07-29T18:00,29.2,78,4814.03
2023-07-29T19:00,28.1,88,4874.18
2023-07-29T20:00,27.8,88,4928.32
2023-07-29T21:00,27.3,90,4980.06
2023-07-29T22:00,27.1,90,5175.21
2023-07-29T23:00,26.8,92,5230.78
2023-07-30T00:00,26.5,93,4969.52
2023-07-30T01:00,26.3,94,4679.1
2023-07-30T02:00,26.1,94,4419.94
2023-07-30T03:00,25.7,94,4189.99
2023-07-30T04:00,25.0,93,4053.42
2023-07-30T05:00,25.3,96,3950.27
2023-07-30T06:00,25.8,94,3843.38
2023-07-30T07:00,26.5,90,3801.03
2023-07-30T08:00,27.9,83,3798.87
2023-07-30T09:00,28.8,79,4021.03
2023-07-30T10:00,30.1,73,4390.98
2023-07-30T11:00,31.3,68,4672.86
2023-07-30T12:00,32.3,64,4872.13
2023-07-30T13:00,32.8,62,4901.37
2023-07-30T14:00,33.0,60,5176.26
2023-07-30T15:00,33.1,60,5299.94
2023-07-30T16:00,32.9,61,5223.91
2023-07-30T17:00,32.0,66,5051.69
2023-07-30T18:00,30.7,75,4848.75
2023-07-30T19:00,29.6,83,4911.47
2023-07-30T20:00,28.8,85,5202.57
2023-07-30T21:00,28.4,87,5489.44
2023-07-30T22:00,28.3,86,5851.4
2023-07-30T23:00,28.2,86,5976.57
2023-07-31T00:00,27.8,86,5622.79
2023-07-31T01:00,27.5,86,5258.75
2023-07-31T02:00,26.5,88,4990.17
2023-07-31T03:00,26.1,90,4728.95
2023-07-31T04:00,26.0,93,4523.01
2023-07-31T05:00,25.1,95,4407.64
2023-07-31T06:00,25.5,95,4400.18
2023-07-31T07:00,26.3,91,4402.34
2023-07-31T08:00,27.6,88,4543.92
2023-07-31T09:00,29.6,81,5017.87
2023-07-31T10:00,31.3,73,5485.08
2023-07-31T11:00,32.3,70,5661.24
2023-07-31T12:00,33.1,66,5778.84
2023-07-31T13:00,33.6,64,5762.64
2023-07-31T14:00,33.5,63,6156.41
2023-07-31T15:00,33.6,62,6341.71
2023-07-31T16:00,33.3,61,6197.25
2023-07-31T17:00,33.3,61,5966.43
2023-07-31T18:00,32.0,66,5657.24
2023-07-31T19:00,30.8,71,5627.03
2023-07-31T20:00,29.6,76,5834.4
2023-07-31T21:00,29.0,78,6098.75
2023-07-31T22:00,28.7,81,6482.3
2023-07-31T23:00,28.3,83,6424.54
2023-08-01T00:00,28.1,84,6034.19
2023-08-01T01:00,27.7,85,5597.31
2023-08-01T02:00,27.3,87,5275.42
2023-08-01T03:00,27.1,87,5009.55
2023-08-01T04:00,26.9,87,4768.64
2023-08-01T05:00,27.3,84,4590.06
2023-08-01T06:00,27.7,83,4515.18
2023-08-01T07:00,28.3,82,4515.6
2023-08-01T08:00,29.6,78,4669.71
2023-08-01T09:00,30.7,75,5101.39
2023-08-01T10:00,32.0,72,5621.37
2023-08-01T11:00,33.1,67,5872.17
2023-08-01T12:00,33.9,62,6008.72
2023-08-01T13:00,34.1,60,6057.81
2023-08-01T14:00,34.6,56,6530.52
2023-08-01T15:00,34.4,57,6761.53
2023-08-01T16:00,33.9,59,6594.03
2023-08-01T17:00,33.0,66,6260.37
2023-08-01T18:00,31.2,75,5957.89
2023-08-01T19:00,30.0,76,5894.53
2023-08-01T20:00,29.7,77,6020.03
2023-08-01T21:00,29.4,79,6224.66
2023-08-01T22:00,29.4,80,6545.36
2023-08-01T23:00,29.5,80,6630.33
2023-08-02T00:00,29.3,78,6218.81
2023-08-02T01:00,29.0,77,5849.44
2023-08-02T02:00,28.5,82,5493.62
2023-08-02T03:00,28.4,83,5219.94
2023-08-02T04:00,28.3,82,5016.42
2023-08-02T05:00,27.8,87,4825.14
2023-08-02T06:00,28.5,84,4704.06
2023-08-02T07:00,29.3,81,4657.32
2023-08-02T08:00,30.4,76,4765.95
2023-08-02T09:00,31.4,73,5217.07
2023-08-02T10:00,32.6,70,5731.6
2023-08-02T11:00,33.7,66,6031.23
2023-08-02T12:00,34.7,62,6226.71
2023-08-02T13:00,34.9,60,6324.27
2023-08-02T14:00,35.1,59,6807.69
2023-08-02T15:00,34.3,62,7017.75
2023-08-02T16:00,31.9,72,6700.49
2023-08-02T17:00,28.5,86,6120.94
2023-08-02T18:00,28.6,86,5744.32
2023-08-02T19:00,28.3,87,5737.86
2023-08-02T20:00,28.2,90,5884.0
2023-08-02T21:00,27.8,92,6069.12
2023-08-02T22:00,27.5,92,6401.19
2023-08-02T23:00,27.3,93,6417.86
2023-08-03T00:00,27.1,92,5957.22
2023-08-03T01:00,26.8,93,5614.6
2023-08-03T02:00,26.8,94,5319.67
2023-08-03T03:00,26.8,96,5053.5
2023-08-03T04:00,26.8,93,4819.94
2023-08-03T05:00,26.5,90,4641.51
2023-08-03T06:00,27.2,86,4592.93
2023-08-03T07:00,28.2,84,4588.38
2023-08-03T08:00,29.3,79,4665.82
2023-08-03T09:00,30.3,75,5090.56
2023-08-03T10:00,31.4,71,5586.6
2023-08-03T11:00,32.3,68,5853.69
2023-08-03T12:00,33.1,66,5991.43
2023-08-03T13:00,33.8,64,6029.4
2023-08-03T14:00,34.1,62,6536.51
2023-08-03T15:00,33.9,62,6866.05
2023-08-03T16:00,33.7,64,6695.95
2023-08-03T17:00,32.1,72,6409.4
2023-08-03T18:00,28.0,90,6048.11
2023-08-03T19:00,27.5,92,5991.42
2023-08-03T20:00,27.7,92,6068.63
2023-08-03T21:00,27.8,92,6205.14
2023-08-03T22:00,27.8,90,6534.58
2023-08-03T23:00,27.5,91,6581.32
2023-08-04T00:00,27.1,92,6184.47
2023-08-04T01:00,27.0,93,5795.31
2023-08-04T02:00,26.8,93,5507.43
2023-08-04T03:00,26.5,95,5200.98
2023-08-04T04:00,26.0,97,4973.88
2023-08-04T05:00,28.0,89,4780.95
2023-08-04T06:00,28.0,90,4670.37
2023-08-04T07:00,27.7,92,4612.0
2023-08-04T08:00,27.8,90,4691.63
2023-08-04T09:00,28.7,88,5062.75
2023-08-04T10:00,29.3,84,5408.5
2023-08-04T11:00,29.5,84,5662.72
2023-08-04T12:00,29.9,83,5747.41
2023-08-04T13:00,30.5,81,5659.35
2023-08-04T14:00,31.0,78,6067.33
2023-08-04T15:00,31.7,75,6436.34
2023-08-04T16:00,31.7,74,6318.55
2023-08-04T17:00,30.3,79,6090.8
2023-08-04T18:00,30.3,79,5822.39
2023-08-04T19:00,26.7,95,5778.69
2023-08-04T20:00,27.2,92,5741.12
2023-08-04T21:00,27.2,93,5860.18
2023-08-04T22:00,27.0,94,6206.07
2023-08-04T23:00,26.7,97,6295.63
2023-08-05T00:00,26.5,98,5969.74
2023-08-05T01:00,26.3,99,5609.11
2023-08-05T02:00,26.4,98,5333.93
2023-08-05T03:00,26.4,98,5093.06
2023-08-05T04:00,26.4,97,4856.54
2023-08-05T05:00,27.3,89,4669.97
2023-08-05T06:00,27.3,92,4428.45
2023-08-05T07:00,27.4,92,4354.71
2023-08-05T08:00,28.0,90,4384.81
2023-08-05T09:00,28.2,88,4633.03
2023-08-05T10:00,29.3,82,5006.64
2023-08-05T11:00,30.9,77,5242.76
2023-08-05T12:00,32.0,74,5383.75
2023-08-05T13:00,32.9,68,5354.45
2023-08-05T14:00,33.6,63,5656.81
2023-08-05T15:00,33.7,64,5834.74
2023-08-05T16:00,33.5,64,5711.62
2023-08-05T17:00,32.3,69,5554.22
2023-08-05T18:00,31.5,77,5394.55
2023-08-05T19:00,30.1,82,5452.36
2023-08-05T20:00,29.8,82,5570.06
2023-08-05T21:00,29.0,88,5697.96
2023-08-05T22:00,29.0,86,5982.11
2023-08-05T23:00,28.9,84,6122.78
2023-08-06T00:00,28.7,83,5836.24
2023-08-06T01:00,28.2,82,5492.27
2023-08-06T02:00,27.9,80,5145.49
2023-08-06T03:00,28.0,79,4918.43
2023-08-06T04:00,27.9,79,4715.56
2023-08-06T05:00,28.3,78,4524.56
2023-08-06T06:00,28.2,76,4330.99
2023-08-06T07:00,28.9,75,4198.84
2023-08-06T08:00,29.8,72,4138.01
2023-08-06T09:00,30.9,70,4301.58
2023-08-06T10:00,32.2,66,4630.39
2023-08-06T11:00,33.4,62,4952.85
2023-08-06T12:00,34.0,59,5191.64
2023-08-06T13:00,34.6,57,5299.67
2023-08-06T14:00,34.8,57,5631.06
2023-08-06T15:00,34.7,56,5733.92
2023-08-06T16:00,33.1,63,5605.93
2023-08-06T17:00,32.4,67,5376.99
2023-08-06T18:00,30.7,75,5141.01
2023-08-06T19:00,26.0,91,5183.17
2023-08-06T20:00,26.7,91,5414.68
2023-08-06T21:00,27.0,92,5668.95
2023-08-06T22:00,27.2,89,6032.66
2023-08-06T23:00,27.9,82,6180.23
2023-08-07T00:00,27.9,77,5826.42
2023-08-07T01:00,27.4,77,5444.47
2023-08-07T02:00,27.2,77,5120.61
2023-08-07T03:00,27.2,76,4841.5
2023-08-07T04:00,27.2,76,4617.22
2023-08-07T05:00,27.5,74,4446.16
2023-08-07T06:00,27.6,75,4388.17
2023-08-07T07:00,28.2,74,4353.01
2023-08-07T08:00,29.1,72,4432.9
2023-08-07T09:00,30.2,69,4855.46
2023-08-07T10:00,31.4,66,5327.38
2023-08-07T11:00,32.4,62,5555.09
2023-08-07T12:00,32.8,60,5583.3
2023-08-07T13:00,33.5,57,5552.89
2023-08-07T14:00,34.0,55,6029.22
2023-08-07T15:00,34.2,54,6269.58
2023-08-07T16:00,34.0,55,6082.62
2023-08-07T17:00,32.4,61,5837.77
2023-08-07T18:00,31.1,66,5485.45
2023-08-07T19:00,29.9,70,5424.65
2023-08-07T20:00,29.3,71,5493.12
2023-08-07T21:00,29.3,68,5632.44
2023-08-07T22:00,28.8,71,5983.44
2023-08-07T23:00,28.7,71,6100.4
2023-08-08T00:00,28.6,70,5756.58
2023-08-08T01:00,28.2,70,5413.92
2023-08-08T02:00,27.6,71,5107.67
2023-08-08T03:00,27.2,73,4834.75
2023-08-08T04:00,26.9,74,4626.64
2023-08-08T05:00,27.5,74,4449.24
2023-08-08T06:00,27.5,76,4377.07
2023-08-08T07:00,28.1,76,4340.08
2023-08-08T08:00,29.0,74,4419.37
2023-08-08T09:00,30.0,72,4806.63
2023-08-08T10:00,31.3,67,5246.88
2023-08-08T11:00,32.5,64,5452.36
2023-08-08T12:00,33.3,60,5576.32
2023-08-08T13:00,33.8,57,5578.98
2023-08-08T14:00,34.4,54,6049.32
2023-08-08T15:00,34.0,56,6322.19
2023-08-08T16:00,33.8,57,6157.71
2023-08-08T17:00,32.6,62,5893.34
2023-08-08T18:00,31.7,66,5605.63
2023-08-08T19:00,30.8,68,5546.58
2023-08-08T20:00,30.3,68,5633.29
2023-08-08T21:00,30.4,66,5815.78
2023-08-08T22:00,30.0,65,6135.68
2023-08-08T23:00,29.4,65,6230.81
2023-08-09T00:00,29.0,66,5852.54
2023-08-09T01:00,28.5,68,5439.82
2023-08-09T02:00,28.1,70,5123.83
2023-08-09T03:00,27.7,71,4852.91
2023-08-09T04:00,27.4,72,4651.45
2023-08-09T05:00,27.7,73,4473.41
2023-08-09T06:00,27.8,74,4415.96
2023-08-09T07:00,28.4,75,4375.91
2023-08-09T08:00,29.2,73,4455.91
2023-08-09T09:00,30.3,70,4883.59
2023-08-09T10:00,31.8,66,5382.86
2023-08-09T11:00,33.1,60,5566.36
2023-08-09T12:00,33.5,57,5677.53
2023-08-09T13:00,34.0,55,5705.25
2023-08-09T14:00,34.4,54,6102.23
2023-08-09T15:00,34.5,53,6213.71
2023-08-09T16:00,34.5,52,6153.6
2023-08-09T17:00,33.2,59,5923.21
2023-08-09T18:00,32.2,62,5632.68
2023-08-09T19:00,31.4,63,5590.97
2023-08-09T20:00,30.6,66,5641.48
2023-08-09T21:00,30.3,67,5779.22
2023-08-09T22:00,29.5,69,6047.01
2023-08-09T23:00,29.2,65,6180.6
2023-08-10T00:00,28.9,65,5814.73
2023-08-10T01:00,28.4,69,5441.3
2023-08-10T02:00,28.0,72,5129.69
2023-08-10T03:00,27.6,74,4860.46
2023-08-10T04:00,27.3,77,4650.96
2023-08-10T05:00,28.0,75,4479.41
2023-08-10T06:00,28.1,76,4421.35
2023-08-10T07:00,28.9,74,4367.86
2023-08-10T08:00,29.9,70,4435.88
2023-08-10T09:00,31.0,67,4876.71
2023-08-10T10:00,32.1,63,5422.69
2023-08-10T11:00,33.2,58,5636.24
2023-08-10T12:00,33.7,56,5775.54
2023-08-10T13:00,34.0,54,5784.59
2023-08-10T14:00,33.9,53,6285.18
2023-08-10T15:00,33.9,53,6556.58
2023-08-10T16:00,33.7,53,6405.8
2023-08-10T17:00,31.5,66,6117.28
2023-08-10T18:00,28.7,78,5780.5
2023-08-10T19:00,27.8,86,5773.41
2023-08-10T20:00,27.5,84,5889.55
2023-08-10T21:00,27.6,83,5983.66
2023-08-10T22:00,27.8,83,6228.52
2023-08-10T23:00,27.8,83,6333.96
2023-08-11T00:00,27.6,84,6010.14
2023-08-11T01:00,27.4,85,5627.04
2023-08-11T02:00,27.2,84,5302.78
2023-08-11T03:00,27.3,82,5020.03
2023-08-11T04:00,27.5,77,4775.15
2023-08-11T05:00,27.9,73,4586.58
2023-08-11T06:00,28.3,68,4521.13
2023-08-11T07:00,29.1,68,4487.52
2023-08-11T08:00,30.4,65,4562.34
2023-08-11T09:00,31.6,62,5007.75
2023-08-11T10:00,32.9,58,5508.52
2023-08-11T11:00,33.9,53,5769.5
2023-08-11T12:00,34.4,50,5889.3
2023-08-11T13:00,34.6,49,5896.31
2023-08-11T14:00,34.6,49,6337.96
2023-08-11T15:00,34.4,50,6571.54
2023-08-11T16:00,34.0,51,6390.69
2023-08-11T17:00,33.5,58,6138.25
2023-08-11T18:00,30.4,78,5804.32
2023-08-11T19:00,29.8,81,5787.31
2023-08-11T20:00,30.3,71,5874.78
2023-08-11T21:00,30.1,69,6077.1
2023-08-11T22:00,29.6,70,6461.01
2023-08-11T23:00,29.4,69,6579.06
2023-08-12T00:00,29.2,68,6190.48
2023-08-12T01:00,28.9,66,5772.12
2023-08-12T02:00,28.7,63,5410.56
2023-08-12T03:00,28.5,62,5129.18
2023-08-12T04:00,28.2,62,4893.99
2023-08-12T05:00,28.3,60,4675.0
2023-08-12T06:00,28.2,62,4505.8
2023-08-12T07:00,28.9,64,4380.33
2023-08-12T08:00,30.1,62,4318.3
2023-08-12T09:00,31.5,59,4602.13
2023-08-12T10:00,32.9,55,5073.73
2023-08-12T11:00,33.9,51,5334.22
2023-08-12T12:00,34.8,48,5546.4
2023-08-12T13:00,35.3,45,5587.14
2023-08-12T14:00,35.3,44,5958.48
2023-08-12T15:00,35.3,43,6097.72
2023-08-12T16:00,34.8,46,5900.66
2023-08-12T17:00,33.5,52,5656.9
2023-08-12T18:00,32.4,54,5354.72
2023-08-12T19:00,31.8,53,5377.01
2023-08-12T20:00,31.3,54,5542.43
2023-08-12T21:00,30.7,56,5694.32
2023-08-12T22:00,30.3,57,6001.86
2023-08-12T23:00,29.9,60,6177.94
2023-08-13T00:00,29.5,63,5944.68
2023-08-13T01:00,29.2,63,5598.83
2023-08-13T02:00,28.8,64,5305.57
2023-08-13T03:00,28.3,66,5028.93
2023-08-13T04:00,27.9,68,4790.86
2023-08-13T05:00,27.7,70,4566.75
2023-08-13T06:00,27.6,72,4348.85
2023-08-13T07:00,28.4,72,4187.15
2023-08-13T08:00,29.7,68,4094.99
2023-08-13T09:00,31.2,64,4280.5
2023-08-13T10:00,32.6,59,4620.87
2023-08-13T11:00,33.9,55,4912.12
2023-08-13T12:00,34.5,51,5155.51
2023-08-13T13:00,35.2,48,5215.46
2023-08-13T14:00,35.6,47,5500.24
2023-08-13T15:00,35.2,47,5397.98
2023-08-13T16:00,34.8,49,5388.84
2023-08-13T17:00,32.6,59,5145.91
2023-08-13T18:00,31.8,62,4962.73
2023-08-13T19:00,31.0,64,5120.6
2023-08-13T20:00,30.4,65,5359.26
2023-08-13T21:00,30.0,64,5575.26
2023-08-13T22:00,29.7,63,5917.0
2023-08-13T23:00,29.6,63,6059.77
2023-08-14T00:00,29.4,63,5810.81
2023-08-14T01:00,28.9,65,5487.58
2023-08-14T02:00,28.3,68,5173.21
2023-08-14T03:00,27.7,71,4917.5
2023-08-14T04:00,27.3,73,4731.11
2023-08-14T05:00,26.8,75,4533.76
2023-08-14T06:00,27.3,75,4448.8
2023-08-14T07:00,28.1,74,4380.12
2023-08-14T08:00,29.2,69,4449.09
2023-08-14T09:00,30.0,65,4863.29
2023-08-14T10:00,30.7,62,5351.47
2023-08-14T11:00,32.0,58,5568.82
2023-08-14T12:00,32.8,54,5667.5
2023-08-14T13:00,33.1,53,5606.54
2023-08-14T14:00,33.3,52,5936.62
2023-08-14T15:00,33.5,51,6140.59
2023-08-14T16:00,33.0,53,6003.57
2023-08-14T17:00,31.5,60,5736.54
2023-08-14T18:00,30.2,67,5376.56
2023-08-14T19:00,28.7,76,5349.62
2023-08-14T20:00,28.2,80,5470.93
2023-08-14T21:00,27.9,82,5638.03
2023-08-14T22:00,27.6,83,6004.08
2023-08-14T23:00,27.2,85,6098.29
2023-08-15T00:00,26.8,87,5862.27
2023-08-15T01:00,26.5,89,5529.46
2023-08-15T02:00,26.3,89,5252.31
2023-08-15T03:00,26.0,90,4986.69
2023-08-15T04:00,25.8,91,4774.0
2023-08-15T05:00,26.2,94,4584.9
2023-08-15T06:00,26.9,91,4389.28
2023-08-15T07:00,27.4,87,4217.81
2023-08-15T08:00,28.8,76,4024.83
2023-08-15T09:00,30.9,67,3907.78
2023-08-15T10:00,32.2,61,4012.07
2023-08-15T11:00,33.2,58,4174.28
2023-08-15T12:00,34.0,55,4281.98
2023-08-15T13:00,34.3,54,4343.4
2023-08-15T14:00,34.6,52,4335.27
2023-08-15T15:00,34.7,52,4299.06
2023-08-15T16:00,34.7,52,4280.7
2023-08-15T17:00,32.2,59,4277.11
2023-08-15T18:00,31.3,67,4174.63
2023-08-15T19:00,30.0,73,4496.89
2023-08-15T20:00,29.6,78,5060.6
2023-08-15T21:00,28.7,82,5417.89
2023-08-15T22:00,28.1,87,5752.09
2023-08-15T23:00,27.6,87,5809.06
2023-08-16T00:00,27.3,87,5518.56
2023-08-16T01:00,27.0,87,5215.05
2023-08-16T02:00,26.9,85,4946.18
2023-08-16T03:00,26.8,84,4707.97
2023-08-16T04:00,26.8,83,4522.91
2023-08-16T05:00,25.6,89,4388.43
2023-08-16T06:00,26.5,89,4336.02
2023-08-16T07:00,28.0,83,4348.19
2023-08-16T08:00,30.0,72,4530.01
2023-08-16T09:00,32.0,63,5106.37
2023-08-16T10:00,33.7,55,5691.55
2023-08-16T11:00,34.4,52,5904.44
2023-08-16T12:00,35.2,51,6024.23
2023-08-16T13:00,35.7,49,6015.88
2023-08-16T14:00,36.0,48,6455.25
2023-08-16T15:00,35.9,47,6682.25
2023-08-16T16:00,35.4,47,6410.43
2023-08-16T17:00,34.4,50,6157.26
2023-08-16T18:00,33.2,55,5880.05
2023-08-16T19:00,31.8,60,5933.23
2023-08-16T20:00,30.3,72,6097.23
2023-08-16T21:00,30.0,69,6304.36
2023-08-16T22:00,29.8,68,6679.25
2023-08-16T23:00,29.2,70,6691.52
2023-08-17T00:00,29.0,71,6282.18
2023-08-17T01:00,28.6,72,5820.78
2023-08-17T02:00,28.1,73,5515.66
2023-08-17T03:00,27.8,73,5238.35
2023-08-17T04:00,27.8,71,4999.53
2023-08-17T05:00,28.6,68,4800.39
2023-08-17T06:00,29.0,67,4681.77
2023-08-17T07:00,29.9,64,4604.88
2023-08-17T08:00,31.3,58,4628.1
2023-08-17T09:00,33.0,54,5041.07
2023-08-17T10:00,34.3,49,5539.88
2023-08-17T11:00,35.1,46,5782.31
2023-08-17T12:00,35.7,44,5946.41
2023-08-17T13:00,36.0,42,6009.55
2023-08-17T14:00,36.0,42,6562.62
2023-08-17T15:00,36.0,42,6832.59
2023-08-18T00:00,29.8,67,6557.91
2023-08-18T01:00,29.3,68,6154.82
2023-08-18T02:00,29.1,67,5798.71
2023-08-18T03:00,29.2,63,5462.51
2023-08-18T04:00,28.6,65,5182.85
2023-08-18T05:00,28.3,65,4936.6
2023-08-18T06:00,28.4,66,4787.82
2023-08-18T07:00,29.3,64,4688.4
2023-08-18T08:00,30.9,60,4744.55
2023-08-18T09:00,32.6,55,5210.58
2023-08-18T10:00,34.0,51,5720.85
2023-08-18T11:00,35.1,48,5894.62
2023-08-18T12:00,35.9,45,6096.86
2023-08-18T13:00,35.8,44,6193.91
2023-08-18T14:00,36.0,44,6799.1
2023-08-18T15:00,36.1,44,7102.81
2023-08-18T16:00,35.8,45,6869.85
2023-08-18T17:00,34.7,50,6585.82
2023-08-18T18:00,33.3,61,6222.21
2023-08-18T19:00,31.5,70,6260.59
2023-08-18T20:00,30.1,75,6393.18
2023-08-18T21:00,29.6,77,6650.49
2023-08-18T22:00,29.2,79,7045.6
2023-08-18T23:00,28.9,80,7092.27
2023-08-19T00:00,28.5,83,6721.7
2023-08-19T01:00,28.2,84,6384.88
2023-08-19T02:00,28.0,86,6065.55
2023-08-19T03:00,27.8,87,5786.23
2023-08-19T04:00,27.6,89,5318.52
2023-08-19T05:00,27.9,87,4864.72
2023-08-19T06:00,27.2,87,4552.55
2023-08-19T07:00,26.2,91,4569.66
2023-08-19T08:00,26.9,89,4620.78
2023-08-19T09:00,28.7,84,4947.16
2023-08-19T10:00,31.1,75,5386.85
2023-08-19T11:00,32.0,73,5597.62
2023-08-19T12:00,33.0,65,5733.98
2023-08-19T13:00,32.7,66,5846.38
2023-08-19T14:00,33.8,61,6279.55
2023-08-19T15:00,34.1,59,6401.94
2023-08-19T16:00,33.7,60,6243.51
2023-08-19T17:00,33.9,55,5995.55
2023-08-19T18:00,32.9,61,5788.97
2023-08-19T19:00,31.8,67,5873.31
2023-08-19T20:00,31.1,70,6031.22
2023-08-19T21:00,30.6,73,6218.1
2023-08-19T22:00,30.3,74,6509.07
2023-08-19T23:00,30.0,76,6567.15
2023-08-20T00:00,29.6,78,6238.24
2023-08-20T01:00,29.2,80,5931.19
2023-08-20T02:00,28.7,81,5632.06
2023-08-20T03:00,28.4,82,5365.93
2023-08-20T04:00,28.2,83,5149.66
2023-08-20T05:00,27.8,91,4962.37
2023-08-20T06:00,28.3,91,4745.24
2023-08-20T07:00,29.6,85,4592.57
2023-08-20T08:00,31.1,76,4512.09
2023-08-20T09:00,32.8,66,4704.91
2023-08-20T10:00,33.9,58,5025.2
2023-08-20T11:00,34.9,53,5315.82
2023-08-20T12:00,35.3,51,5468.66
2023-08-20T13:00,35.5,51,5475.06
2023-08-20T14:00,35.8,50,5885.57
2023-08-20T15:00,35.8,50,6040.44
2023-08-20T16:00,35.5,50,5915.69
2023-08-20T17:00,34.4,54,5669.77
2023-08-20T18:00,33.5,59,5383.32
2023-08-20T19:00,32.4,64,5727.87
2023-08-20T20:00,31.8,67,5888.6
2023-08-20T21:00,31.2,71,6212.89
2023-08-20T22:00,30.5,75,6634.13
2023-08-20T23:00,29.9,78,6741.0
2023-08-21T00:00,29.3,81,6450.67
2023-08-21T01:00,28.9,83,6079.86
2023-08-21T02:00,28.6,85,5787.09
2023-08-21T03:00,28.3,87,5509.51
2023-08-21T04:00,28.0,88,5277.79
2023-08-21T05:00,28.6,86,5071.49
2023-08-21T06:00,29.0,85,4928.64
2023-08-21T07:00,30.3,79,4896.57
2023-08-21T08:00,32.0,71,5001.14
2023-08-21T09:00,33.4,65,5480.89
2023-08-21T10:00,34.3,59,5809.01
2023-08-21T11:00,34.7,57,6137.28
2023-08-21T12:00,34.5,58,6314.85
2023-08-21T13:00,35.1,57,6400.36
2023-08-21T14:00,35.8,56,6926.04
2023-08-21T15:00,36.3,53,7205.53
2023-08-21T16:00,36.1,52,7063.53
2023-08-21T17:00,36.2,49,6710.2
2023-08-21T18:00,34.3,57,6387.7
2023-08-21T19:00,31.7,71,6423.76
2023-08-21T20:00,31.0,73,6614.91
2023-08-21T21:00,30.9,73,6817.24
2023-08-21T22:00,30.3,74,7098.9
2023-08-21T23:00,30.2,74,7107.76
2023-08-22T00:00,29.9,75,6773.53
2023-08-22T01:00,29.5,77,6402.65
2023-08-22T02:00,29.4,77,6090.73
2023-08-22T03:00,27.5,92,5780.29
2023-08-22T04:00,27.4,91,5530.24
2023-08-22T05:00,29.1,86,5329.83
2023-08-22T06:00,28.8,90,5146.94
2023-08-22T07:00,29.3,89,5059.04
2023-08-22T08:00,30.2,83,5074.81
2023-08-22T09:00,31.6,77,5510.1
2023-08-22T10:00,32.9,72,6033.4
2023-08-22T11:00,34.0,68,6315.64
2023-08-22T12:00,34.7,65,6446.2
2023-08-22T13:00,35.4,62,6544.43
2023-08-22T14:00,35.1,62,7056.04
2023-08-22T15:00,34.8,65,7214.47
2023-08-22T16:00,32.0,75,6899.34
2023-08-22T17:00,29.1,83,6612.3
2023-08-22T18:00,29.7,82,6355.99
2023-08-22T19:00,28.5,85,6276.78
2023-08-22T20:00,28.1,84,6102.6
2023-08-22T21:00,28.3,84,6115.46
2023-08-22T22:00,27.9,89,6396.64
2023-08-22T23:00,27.6,89,6481.16
2023-08-23T00:00,26.6,95,6145.28
2023-08-23T01:00,26.8,95,5790.76
2023-08-23T02:00,26.7,95,5497.82
2023-08-23T03:00,26.7,95,5230.97
2023-08-23T04:00,26.8,93,5016.97
2023-08-23T05:00,28.0,86,4861.37
2023-08-23T06:00,28.0,84,4783.22
2023-08-23T07:00,28.0,83,4760.44
2023-08-23T08:00,28.0,87,4788.06
2023-08-23T09:00,28.0,88,5050.06
2023-08-23T10:00,28.6,87,5429.55
2023-08-23T11:00,29.1,87,5551.65
2023-08-23T12:00,29.9,81,5549.53
2023-08-23T13:00,29.6,82,5416.55
2023-08-23T14:00,29.2,84,5618.62
2023-08-23T15:00,28.3,90,5684.81
2023-08-23T16:00,28.1,92,5517.83
2023-08-23T17:00,28.0,86,5352.21
2023-08-23T18:00,27.9,87,5305.56
2023-08-23T19:00,27.4,92,5354.87
2023-08-23T20:00,26.8,96,5292.71
2023-08-23T21:00,26.7,98,5341.99
2023-08-23T22:00,26.1,97,5599.6
2023-08-23T23:00,25.6,97,5646.73
2023-08-24T00:00,25.2,97,5337.52
2023-08-24T01:00,24.9,97,5018.61
2023-08-24T02:00,24.8,97,4763.85
2023-08-24T03:00,24.9,98,4529.15
2023-08-24T04:00,25.0,98,4325.38
2023-08-24T05:00,26.7,78,4210.26
2023-08-24T06:00,26.8,77,4222.36
2023-08-24T07:00,27.6,76,4215.27
2023-08-24T08:00,28.8,71,4287.65
2023-08-24T09:00,30.1,67,4665.01
2023-08-24T10:00,31.1,64,5095.87
2023-08-24T11:00,32.2,59,5323.03
2023-08-24T12:00,32.6,58,5371.56
2023-08-24T13:00,32.9,57,5292.64
2023-08-24T14:00,33.1,55,5649.27
2023-08-24T15:00,33.3,55,5905.31
2023-08-24T16:00,32.7,56,5792.99
2023-08-24T17:00,31.4,62,5609.86
2023-08-24T18:00,30.3,67,5424.06
2023-08-24T19:00,29.2,72,5459.08
2023-08-24T20:00,28.4,75,5408.75
2023-08-24T21:00,28.2,73,5435.73
2023-08-24T22:00,28.1,69,5672.98
2023-08-24T23:00,27.6,69,5699.05
2023-08-25T00:00,27.3,69,5411.92
2023-08-25T01:00,26.7,71,5063.23
2023-08-25T02:00,26.2,73,4782.51
2023-08-25T03:00,25.9,74,4537.07
2023-08-25T04:00,25.7,76,4344.81
2023-08-25T05:00,26.8,74,4235.19
2023-08-25T06:00,27.2,73,4242.98
2023-08-25T07:00,28.2,71,4235.22
2023-08-25T08:00,29.5,65,4340.65
2023-08-25T09:00,30.5,62,4765.07
2023-08-25T10:00,31.5,60,5252.19
2023-08-25T11:00,32.8,55,5487.24
2023-08-25T12:00,33.4,54,5582.12
2023-08-25T13:00,33.4,54,5508.63
2023-08-25T14:00,33.6,53,5947.77
2023-08-25T15:00,33.9,51,6173.72
2023-08-25T16:00,33.6,53,6035.48
2023-08-25T17:00,32.9,57,5819.1
2023-08-25T18:00,31.6,61,5579.82
2023-08-25T19:00,30.6,62,5556.5
2023-08-25T20:00,30.5,62,5512.37
2023-08-25T21:00,30.2,63,5563.04
2023-08-25T22:00,29.6,63,5825.34
2023-08-25T23:00,28.9,62,5923.13
2023-08-26T00:00,28.5,62,5642.73
2023-08-26T01:00,28.0,64,5308.48
2023-08-26T02:00,28.0,64,4961.52
2023-08-26T03:00,27.9,65,4691.84
2023-08-26T04:00,27.3,68,4474.39
2023-08-26T05:00,27.4,69,4311.72
2023-08-26T06:00,27.8,68,4223.54
2023-08-26T07:00,28.6,67,4166.57
2023-08-26T08:00,29.8,64,4182.74
2023-08-26T09:00,31.2,60,4452.66
2023-08-26T10:00,32.4,55,4876.2
2023-08-26T11:00,33.1,52,5121.02
2023-08-26T12:00,33.7,49,5261.29
2023-08-26T13:00,34.0,48,5291.36
2023-08-26T14:00,34.3,47,5632.83
2023-08-26T15:00,34.3,47,5781.9
2023-08-26T16:00,33.8,47,5694.08
2023-08-26T17:00,32.6,54,5545.37
2023-08-26T18:00,31.3,60,5329.95
2023-08-26T19:00,30.2,64,5369.42
2023-08-26T20:00,29.4,67,5409.7
2023-08-26T21:00,29.0,68,5521.55
2023-08-26T22:00,28.8,66,5812.67
2023-08-26T23:00,28.7,64,5955.88
2023-08-27T00:00,28.6,62,5711.19
2023-08-27T01:00,28.3,60,5341.98
2023-08-27T02:00,27.9,61,5029.1
2023-08-27T03:00,27.4,62,4764.13
2023-08-27T04:00,27.1,63,4534.48
2023-08-27T05:00,27.3,62,4344.8
2023-08-27T06:00,27.6,62,4171.35
2023-08-27T07:00,28.3,62,4054.8
2023-08-27T08:00,29.6,59,3986.03
2023-08-27T09:00,31.0,56,4171.69
2023-08-27T10:00,32.3,52,4470.94
2023-08-27T11:00,33.5,48,4740.09
2023-08-27T12:00,34.1,46,4958.93
2023-08-27T13:00,34.5,45,5028.64
2023-08-27T14:00,34.7,45,5323.92
2023-08-27T15:00,34.8,43,5468.97
2023-08-27T16:00,32.7,49,5354.82
2023-08-27T17:00,32.2,53,5177.38
2023-08-27T18:00,31.1,58,5019.2
2023-08-27T19:00,30.2,57,5130.9
2023-08-27T20:00,30.1,56,5214.97
2023-08-27T21:00,29.5,57,5348.43
2023-08-27T22:00,28.9,59,5680.91
2023-08-27T23:00,28.1,63,5846.87
2023-08-28T00:00,28.0,64,5580.91
2023-08-28T01:00,27.7,65,5248.44
2023-08-28T02:00,27.5,63,4983.17
2023-08-28T03:00,27.2,62,4726.22
2023-08-28T04:00,26.9,62,4517.38
2023-08-28T05:00,27.6,62,4377.89
2023-08-28T06:00,27.5,64,4335.92
2023-08-28T07:00,28.2,65,4279.8
2023-08-28T08:00,29.4,61,4374.15
2023-08-28T09:00,30.7,57,4794.11
2023-08-28T10:00,32.3,53,5242.78
2023-08-28T11:00,33.5,50,5418.38
2023-08-28T12:00,34.3,49,5587.56
2023-08-28T13:00,34.8,49,5598.78
2023-08-28T14:00,30.6,62,5975.29
2023-08-28T15:00,31.0,62,6289.34
2023-08-28T16:00,32.3,58,6197.98
2023-08-28T17:00,31.3,59,5894.25
2023-08-28T18:00,29.6,69,5639.08
2023-08-28T19:00,28.5,73,5691.13
2023-08-28T20:00,27.7,77,5768.16
2023-08-28T21:00,27.0,78,5959.36
2023-08-28T22:00,26.5,77,6320.32
2023-08-28T23:00,26.3,77,6430.33
2023-08-29T00:00,26.0,77,6088.93
2023-08-29T01:00,25.8,76,5727.8
2023-08-29T02:00,25.9,75,5402.69
2023-08-29T03:00,26.0,74,5073.84
2023-08-29T04:00,26.0,72,4785.74
2023-08-29T05:00,26.8,69,4567.74
2023-08-29T06:00,27.1,69,4474.29
2023-08-29T07:00,28.2,67,4405.7
2023-08-29T08:00,29.8,62,4458.06
2023-08-29T09:00,31.2,59,4854.97
2023-08-29T10:00,32.6,56,5318.03
2023-08-29T11:00,33.8,51,5548.47
2023-08-29T12:00,34.6,47,5688.58
2023-08-29T13:00,34.9,45,5716.21
2023-08-29T14:00,35.0,45,6188.63
2023-08-29T15:00,34.9,45,6412.36
2023-08-29T16:00,34.8,45,6304.97
2023-08-29T17:00,33.9,47,6006.69
2023-08-29T18:00,32.5,50,5676.16
2023-08-29T19:00,31.8,49,5664.6
2023-08-29T20:00,31.0,49,5680.69
2023-08-29T21:00,29.8,56,5856.93
2023-08-29T22:00,28.7,63,6250.78
2023-08-29T23:00,28.3,62,6420.69
2023-08-30T00:00,28.1,62,6192.54
2023-08-30T01:00,27.4,65,5845.9
2023-08-30T02:00,26.9,68,5551.29
2023-08-30T03:00,26.7,68,5284.17
2023-08-30T04:00,26.6,68,5008.99
2023-08-30T05:00,27.2,69,4815.13
2023-08-30T06:00,27.6,69,4655.03
2023-08-30T07:00,28.8,67,4567.94
2023-08-30T08:00,30.3,62,4546.55
2023-08-30T09:00,31.8,58,4817.76
2023-08-30T10:00,33.3,54,5268.07
2023-08-30T11:00,34.5,48,5532.73
2023-08-30T12:00,35.5,43,5615.47
2023-08-30T13:00,36.1,40,5594.32
2023-08-30T14:00,36.4,39,5859.09
2023-08-30T15:00,36.3,37,6025.55
2023-08-30T16:00,35.9,37,5888.94
2023-08-30T17:00,34.0,44,5621.1
2023-08-30T18:00,32.4,49,5309.18
2023-08-30T19:00,31.0,54,5340.36
2023-08-30T20:00,30.2,58,5416.11
2023-08-30T21:00,29.3,62,5576.32
2023-08-30T22:00,27.9,70,5865.49
2023-08-30T23:00,27.7,72,6049.86
2023-08-31T00:00,27.3,73,5938.81
2023-08-31T01:00,26.6,75,5650.71
2023-08-31T02:00,26.4,75,5364.34
2023-08-31T03:00,26.0,76,5085.44
2023-08-31T04:00,25.7,78,4861.31
2023-08-31T05:00,26.4,79,4702.83
2023-08-31T06:00,27.3,76,4560.65
2023-08-31T07:00,29.0,72,4493.96
2023-08-31T08:00,31.1,64,4572.79
2023-08-31T09:00,33.0,55,4925.81
2023-08-31T10:00,34.6,45,5374.8
2023-08-31T11:00,35.1,43,5613.94
2023-08-31T12:00,35.7,42,5771.5
2023-08-31T13:00,36.3,40,5811.19
2023-08-31T14:00,36.4,41,6090.6
2023-08-31T15:00,36.4,39,6220.31
2023-08-31T16:00,36.1,40,6057.84
2023-08-31T17:00,34.7,44,5727.0
2023-08-31T18:00,33.3,48,5379.66
2023-08-31T19:00,31.5,55,5458.74
2023-08-31T20:00,30.6,59,5649.97
2023-08-31T21:00,30.0,61,5973.96
2023-08-31T22:00,29.0,69,6366.9
2023-08-31T23:00,29.6,68,6486.87
2023-09-01T00:00,28.4,73,6193.19
2023-09-01T01:00,27.6,77,5837.79
2023-09-01T02:00,27.5,73,5533.47
2023-09-01T03:00,26.9,75,5270.48
2023-09-01T04:00,26.7,75,5029.81
2023-09-01T05:00,27.5,74,4834.4
2023-09-01T06:00,28.2,72,4686.25
2023-09-01T07:00,29.4,70,4604.84
2023-09-01T08:00,31.7,61,4691.25
2023-09-01T09:00,33.7,53,5159.5
2023-09-01T10:00,35.3,45,5677.34
2023-09-01T11:00,36.2,40,5888.03
2023-09-01T12:00,36.9,37,6006.33
2023-09-01T13:00,37.3,36,5941.5
2023-09-01T14:00,37.1,37,6377.99
2023-09-01T15:00,36.9,37,6677.4
2023-09-01T16:00,36.4,37,6521.27
2023-09-01T17:00,35.3,39,6172.24
2023-09-01T18:00,34.0,42,5824.25
2023-09-01T19:00,32.9,44,5879.91
2023-09-01T20:00,31.6,47,5937.74
2023-09-01T21:00,30.7,49,6164.46
2023-09-01T22:00,29.9,51,6536.11
2023-09-01T23:00,29.0,55,6691.32
2023-09-02T00:00,28.1,58,6416.49
2023-09-02T01:00,27.7,59,6044.63
2023-09-02T02:00,27.4,59,5751.22
2023-09-02T03:00,27.3,58,5466.56
2023-09-02T04:00,27.3,58,5211.1
2023-09-02T05:00,27.7,60,5019.48
2023-09-02T06:00,27.9,61,4807.01
2023-09-02T07:00,29.2,61,4617.33
2023-09-02T08:00,31.4,54,4612.33
2023-09-02T09:00,33.5,50,4824.18
2023-09-02T10:00,34.9,42,5185.02
2023-09-02T11:00,36.0,38,5413.06
2023-09-02T12:00,36.7,36,5579.08
2023-09-02T13:00,37.1,35,5650.25
2023-09-02T14:00,37.2,34,6094.57
2023-09-02T15:00,37.1,34,6321.03
2023-09-02T16:00,36.8,34,6165.88
2023-09-02T17:00,35.2,42,5917.25
2023-09-02T18:00,33.9,46,5610.79
2023-09-02T19:00,32.5,51,5664.1
2023-09-02T20:00,30.8,60,5756.62
2023-09-02T21:00,29.9,64,5768.88
2023-09-02T22:00,29.3,67,6379.82
2023-09-02T23:00,29.1,65,6524.12
2023-09-03T00:00,28.3,68,6306.24
2023-09-03T01:00,28.0,68,5975.91
2023-09-03T02:00,27.6,69,5676.64
2023-09-03T03:00,27.0,71,5399.02
2023-09-03T04:00,26.4,73,5136.34
2023-09-03T05:00,26.3,74,4893.84
2023-09-03T06:00,26.6,74,4634.89
2023-09-03T07:00,28.0,71,4429.94
2023-09-03T08:00,30.2,61,4286.25
2023-09-03T09:00,32.1,46,4332.97
2023-09-03T10:00,33.5,38,4593.75
2023-09-03T11:00,34.9,36,4839.88
2023-09-03T12:00,35.7,37,5050.62
2023-09-03T13:00,36.3,36,5166.51
2023-09-03T14:00,36.6,34,5572.72
2023-09-03T15:00,36.7,33,5751.03
2023-09-03T16:00,36.5,34,5601.69
2023-09-03T17:00,35.3,37,5295.89
2023-09-03T18:00,33.8,40,5087.62
2023-09-03T19:00,32.4,45,5319.23
2023-09-03T20:00,31.2,49,5532.39
2023-09-03T21:00,29.6,56,5880.65
2023-09-03T22:00,29.4,56,6357.61
2023-09-03T23:00,28.6,59,6536.07
2023-09-04T00:00,27.7,62,6269.72
2023-09-04T01:00,27.1,65,5932.47
2023-09-04T02:00,26.6,67,5610.81
2023-09-04T03:00,26.3,68,5310.36
2023-09-04T04:00,26.0,69,5064.16
2023-09-04T05:00,25.6,71,4844.01
2023-09-04T06:00,26.0,70,4704.85
2023-09-04T07:00,27.8,67,4601.85
2023-09-04T08:00,30.1,57,4623.99
2023-09-04T09:00,32.3,48,4964.25
2023-09-04T10:00,34.1,42,5393.94
2023-09-04T11:00,35.5,37,5607.89
2023-09-04T12:00,36.5,34,5680.97
2023-09-04T13:00,37.2,32,5710.78
2023-09-04T14:00,37.3,32,6178.34
2023-09-04T15:00,37.1,32,6512.73
2023-09-04T16:00,36.7,33,6337.14
2023-09-04T17:00,35.2,37,6042.16
2023-09-04T18:00,33.8,41,5729.16
2023-09-04T19:00,32.6,47,5742.65
2023-09-04T20:00,31.5,51,5763.92
2023-09-04T21:00,30.9,53,5984.4
2023-09-04T22:00,29.9,57,6404.38
2023-09-04T23:00,28.8,63,6611.08
2023-09-05T00:00,28.0,73,6348.61
2023-09-05T01:00,27.5,78,5998.43
2023-09-05T02:00,27.2,81,5676.88
2023-09-05T03:00,26.9,82,5371.52
2023-09-05T04:00,26.5,84,5074.24
2023-09-05T05:00,26.7,86,4820.29
2023-09-05T06:00,27.7,81,4643.9
2023-09-05T07:00,29.0,76,4531.26
2023-09-05T08:00,30.7,70,4629.0
2023-09-05T09:00,32.4,65,5068.4
2023-09-05T10:00,33.7,62,5602.87
2023-09-05T11:00,34.4,58,5895.74
2023-09-05T12:00,35.5,50,6088.35
2023-09-05T13:00,35.8,49,6125.79
2023-09-05T14:00,36.2,47,6588.24
2023-09-05T15:00,33.1,55,6828.96
2023-09-05T16:00,29.3,73,6645.77
2023-09-05T17:00,34.1,48,6352.77
2023-09-05T18:00,32.7,54,6020.92
2023-09-05T19:00,31.4,59,6043.05
2023-09-05T20:00,30.5,64,6189.49
2023-09-05T21:00,29.8,67,6471.92
2023-09-05T22:00,29.4,69,6826.82
2023-09-05T23:00,28.9,73,6944.76
2023-09-06T00:00,28.1,81,6546.18
2023-09-06T01:00,27.7,82,6176.32
2023-09-06T02:00,27.2,83,5862.2
2023-09-06T03:00,27.1,83,5576.85
2023-09-06T04:00,26.7,86,5326.8
2023-09-06T05:00,24.3,96,5086.03
2023-09-06T06:00,25.7,91,4843.39
2023-09-06T07:00,26.1,91,4681.98
2023-09-06T08:00,28.1,81,4685.54
2023-09-06T09:00,30.7,67,5097.93
2023-09-06T10:00,33.0,55,5609.1
2023-09-06T11:00,34.5,47,5874.56
2023-09-06T12:00,35.5,43,6004.96
2023-09-06T13:00,36.2,42,5913.26
2023-09-06T14:00,36.2,43,6270.48
2023-09-06T15:00,35.2,44,6495.46
2023-09-06T16:00,34.9,44,6371.8
2023-09-06T17:00,35.4,40,6072.58
2023-09-06T18:00,34.9,42,5805.61
2023-09-06T19:00,32.9,49,5813.39
2023-09-06T20:00,32.0,54,5745.66
2023-09-06T21:00,30.9,61,5873.34
2023-09-06T22:00,30.1,65,6246.23
2023-09-06T23:00,29.5,68,6443.71
2023-09-07T00:00,29.0,69,6260.03
2023-09-07T01:00,28.6,71,5954.99
2023-09-07T02:00,28.2,73,5624.04
2023-09-07T03:00,27.7,75,5343.66
2023-09-07T04:00,27.2,79,5104.49
2023-09-07T05:00,27.0,78,4864.81
2023-09-07T06:00,28.2,72,4676.37
2023-09-07T07:00,30.2,65,4545.46
2023-09-07T08:00,32.6,54,4482.97
2023-09-07T09:00,34.3,48,4711.37
2023-09-07T10:00,35.4,44,5211.94
2023-09-07T11:00,36.4,40,5512.05
2023-09-07T12:00,37.4,36,5738.52
2023-09-07T13:00,38.0,34,5822.01
2023-09-07T14:00,38.4,32,6154.24
2023-09-07T15:00,37.8,32,6170.9
2023-09-07T16:00,37.1,34,5598.98
2023-09-07T17:00,31.1,66,5187.17
2023-09-07T18:00,31.6,62,5099.08
2023-09-07T19:00,30.7,68,5243.14
2023-09-07T20:00,30.0,75,5328.93
2023-09-07T21:00,29.9,76,5368.72
2023-09-08T00:00,29.0,70,5826.18
2023-09-08T01:00,28.8,71,5816.25
2023-09-08T02:00,28.3,75,5441.31
2023-09-08T03:00,28.0,78,5112.97
2023-09-08T04:00,28.1,78,4859.77
2023-09-08T05:00,25.5,89,4631.85
2023-09-08T06:00,26.4,86,4417.03
2023-09-08T07:00,27.6,83,4300.77
2023-09-08T08:00,29.6,71,4272.56
2023-09-08T09:00,31.8,60,4590.88
2023-09-08T10:00,33.6,51,4998.87
2023-09-08T11:00,34.7,46,5243.44
2023-09-08T12:00,35.4,44,5447.01
2023-09-08T13:00,36.1,42,5436.09
2023-09-08T14:00,36.6,41,5844.52
2023-09-08T15:00,32.6,56,5992.24
2023-09-08T16:00,33.2,54,5862.12
2023-09-08T17:00,31.4,60,5635.66
2023-09-08T18:00,29.9,69,5286.29
2023-09-08T19:00,29.4,74,5337.86
2023-09-08T20:00,28.4,76,5352.22
2023-09-08T21:00,27.9,81,5461.86
2023-09-08T22:00,27.5,84,5805.41
2023-09-08T23:00,26.9,88,5984.67
2023-09-09T00:00,26.8,89,5784.93
2023-09-09T01:00,26.8,90,5492.17
2023-09-09T02:00,26.6,91,5178.68
2023-09-09T03:00,26.5,91,4720.64
2023-09-09T04:00,26.4,91,4483.09
2023-09-09T05:00,25.4,91,4355.96
2023-09-09T06:00,25.9,92,4207.74
2023-09-09T07:00,26.7,88,4094.7
2023-09-09T08:00,27.4,85,4022.58
2023-09-09T09:00,27.7,82,4207.1
2023-09-09T10:00,28.8,76,4549.0
2023-09-09T11:00,29.9,71,4773.93
2023-09-09T12:00,32.0,60,4860.77
2023-09-09T13:00,32.4,57,4789.69
2023-09-09T14:00,32.1,57,4976.5
2023-09-09T15:00,31.0,60,4977.56
2023-09-09T16:00,30.9,62,4848.35
2023-09-09T17:00,26.9,85,4658.5
2023-09-09T18:00,26.6,84,4567.22
2023-09-09T19:00,26.3,85,4618.37
2023-09-09T20:00,26.5,81,4524.27
2023-09-09T21:00,26.2,82,4464.03
2023-09-09T22:00,25.9,82,4522.21
2023-09-09T23:00,25.7,86,4554.96
2023-09-10T00:00,25.4,90,4438.4
2023-09-10T01:00,24.9,95,4254.98
2023-09-10T02:00,24.7,94,4069.67
2023-09-10T03:00,24.8,95,3908.51
2023-09-10T04:00,25.0,94,3783.73
2023-09-10T05:00,24.2,97,3670.92
2023-09-10T06:00,24.2,96,3573.31
2023-09-10T07:00,24.4,95,3546.64
2023-09-10T08:00,24.9,93,3531.52
2023-09-10T09:00,25.4,90,3699.97
2023-09-10T10:00,27.2,82,3919.45
2023-09-10T11:00,28.2,78,4059.8
2023-09-10T12:00,28.8,78,4140.83
2023-09-10T13:00,30.0,72,4050.28
2023-09-10T14:00,26.4,88,4166.83
2023-09-10T15:00,27.6,84,4162.93
2023-09-10T16:00,28.4,79,4101.82
2023-09-10T17:00,27.7,81,3966.5
2023-09-10T18:00,26.9,85,4063.7
2023-09-10T19:00,26.3,89,4159.44
2023-09-10T20:00,25.8,91,4112.67
2023-09-10T21:00,25.4,94,4125.19
2023-09-10T22:00,25.0,96,4263.26
2023-09-10T23:00,24.8,97,4322.32
2023-09-11T00:00,24.6,97,4109.57
2023-09-11T01:00,24.6,97,3898.72
2023-09-11T02:00,24.6,96,3720.63
2023-09-11T03:00,24.4,97,3556.85
2023-09-11T04:00,24.3,98,3449.95
2023-09-11T05:00,23.9,93,3477.58
2023-09-11T06:00,24.2,92,3645.45
2023-09-11T07:00,25.1,89,3707.63
2023-09-11T08:00,26.5,83,3816.49
2023-09-11T09:00,28.6,74,4288.16
2023-09-11T10:00,29.6,72,4726.24
2023-09-11T11:00,30.5,70,4907.34
2023-09-11T12:00,31.6,63,4969.7
2023-09-11T13:00,32.1,60,4869.6
2023-09-11T14:00,30.7,68,5094.37
2023-09-11T15:00,30.5,71,5239.83
2023-09-11T16:00,30.7,68,5202.11
2023-09-11T17:00,30.4,69,5100.79
2023-09-11T18:00,29.5,70,5006.41
2023-09-11T19:00,28.5,75,4984.8
2023-09-11T20:00,27.8,77,4849.29
2023-09-11T21:00,26.8,82,4796.75
2023-09-11T22:00,26.2,87,4967.58
2023-09-11T23:00,25.9,90,5035.61
2023-09-12T00:00,25.6,91,4770.13
2023-09-12T01:00,25.2,93,4440.65
2023-09-12T02:00,24.9,95,4181.6
2023-09-12T03:00,24.6,97,3972.81
2023-09-12T04:00,24.4,98,3825.4
2023-09-12T05:00,25.1,98,3788.07
2023-09-12T06:00,25.8,94,3896.46
2023-09-12T07:00,26.9,89,3970.72
2023-09-12T08:00,28.5,81,4058.69
2023-09-12T09:00,30.2,71,4482.92
2023-09-12T10:00,31.6,62,4931.21
2023-09-12T11:00,32.3,58,5121.53
2023-09-12T12:00,32.7,56,5211.35
2023-09-12T13:00,33.1,55,5170.96
2023-09-12T14:00,33.4,55,5493.3
2023-09-12T15:00,33.4,55,5640.54
2023-09-12T16:00,33.2,55,5545.12
2023-09-12T17:00,29.9,76,5412.4
2023-09-12T18:00,29.1,79,5299.11
2023-09-12T19:00,28.5,83,5322.67
2023-09-12T20:00,28.0,86,5244.48
2023-09-12T21:00,27.7,87,5285.11
2023-09-12T22:00,27.6,87,5543.38
2023-09-12T23:00,27.6,85,5647.34
2023-09-13T00:00,27.3,85,5297.76
2023-09-13T01:00,27.0,85,4953.01
2023-09-13T02:00,26.6,87,4670.1
2023-09-13T03:00,26.5,87,4431.85
2023-09-13T04:00,26.4,88,4244.14
2023-09-13T05:00,26.9,93,4174.3
2023-09-13T06:00,27.6,90,4200.6
2023-09-13T07:00,28.4,88,4253.6
2023-09-13T08:00,29.5,83,4383.02
2023-09-13T09:00,30.6,79,4849.87
2023-09-13T10:00,31.8,72,5323.76
2023-09-13T11:00,32.4,69,5520.23
2023-09-13T12:00,32.9,66,5651.17
2023-09-13T13:00,33.4,63,5656.28
2023-09-13T14:00,33.7,61,5978.34
2023-09-13T15:00,33.6,60,6142.84
2023-09-13T16:00,33.4,60,6037.45
2023-09-13T17:00,33.7,63,5826.17
2023-09-13T18:00,32.1,72,5670.68
2023-09-13T19:00,28.4,86,5742.15
2023-09-13T20:00,27.7,89,5731.24
2023-09-13T21:00,27.7,92,5827.91
2023-09-13T22:00,27.6,92,6109.47
2023-09-13T23:00,27.7,93,6166.3
2023-09-14T00:00,27.5,92,5831.49
2023-09-14T01:00,27.3,93,5472.79
2023-09-14T02:00,27.0,94,5170.48
2023-09-14T03:00,27.1,93,4905.15
2023-09-14T04:00,27.1,92,4702.91
2023-09-14T05:00,26.9,89,4583.6
2023-09-14T06:00,27.1,89,4555.8
2023-09-14T07:00,28.1,86,4554.49
2023-09-14T08:00,29.1,81,4648.86
2023-09-14T09:00,30.9,74,5182.58
2023-09-14T10:00,32.3,69,5695.62
2023-09-14T11:00,33.1,66,5950.96
2023-09-14T12:00,33.7,63,6088.82
2023-09-14T13:00,34.1,59,6089.45
2023-09-14T14:00,33.2,61,6496.09
2023-09-14T15:00,32.7,64,6651.21
2023-09-14T16:00,30.4,78,6508.25
2023-09-14T17:00,29.7,79,6261.87
2023-09-14T18:00,27.4,90,6059.87
2023-09-14T19:00,27.4,91,6163.49
2023-09-14T20:00,27.5,91,6107.42
2023-09-14T21:00,27.2,91,6304.4
2023-09-14T22:00,27.0,86,6643.0
2023-09-14T23:00,26.7,88,6650.2
2023-09-15T00:00,26.5,90,6287.38
2023-09-15T01:00,26.2,92,5918.15
2023-09-15T02:00,26.0,94,5579.23
2023-09-15T03:00,25.6,96,5304.02
2023-09-15T04:00,25.5,97,5084.28
2023-09-15T05:00,26.3,97,4942.56
2023-09-15T06:00,26.6,96,4866.2
2023-09-15T07:00,26.6,95,4410.95
2023-09-15T08:00,26.5,96,4280.7
2023-09-15T09:00,27.2,94,4655.61
2023-09-15T10:00,27.4,91,5125.68
2023-09-15T11:00,28.4,86,5360.05
2023-09-15T12:00,29.7,81,5497.63
2023-09-15T13:00,31.0,76,5453.7
2023-09-15T14:00,31.6,73,5823.37
2023-09-15T15:00,32.0,70,5986.4
2023-09-15T16:00,31.9,70,5940.43
2023-09-15T17:00,31.4,74,5798.73
2023-09-15T18:00,29.8,81,5670.04
2023-09-15T19:00,28.9,86,5712.6
2023-09-15T20:00,28.2,90,5650.31
2023-09-15T21:00,27.8,90,5693.87
2023-09-15T22:00,27.5,91,6000.84
2023-09-15T23:00,27.3,92,6091.65
2023-09-16T00:00,27.2,92,5785.36
2023-09-16T01:00,26.9,93,5446.39
2023-09-16T02:00,26.7,94,5135.24
2023-09-16T03:00,26.6,93,4872.96
2023-09-16T04:00,26.4,93,4639.9
2023-09-16T05:00,27.0,89,4527.42
2023-09-16T06:00,27.4,87,4472.67
2023-09-16T07:00,28.2,85,4407.37
2023-09-16T08:00,29.5,80,4419.47
2023-09-16T09:00,30.8,72,4727.59
2023-09-16T10:00,31.5,70,5123.5
2023-09-16T11:00,31.0,68,5400.97
2023-09-16T12:00,30.9,71,5313.29
2023-09-16T13:00,30.9,70,5220.56
2023-09-16T14:00,31.1,68,5555.41
2023-09-16T15:00,30.2,72,5544.15
2023-09-16T16:00,29.7,74,5190.78
2023-09-16T17:00,26.7,93,5083.69
2023-09-16T18:00,27.3,92,5108.19
2023-09-16T19:00,27.3,93,5033.0
2023-09-16T20:00,27.1,93,4790.34
2023-09-16T21:00,26.9,93,4720.44
2023-09-16T22:00,26.9,92,4896.38
2023-09-16T23:00,26.7,92,4999.94
2023-09-17T00:00,26.5,93,4824.26
2023-09-17T01:00,26.3,93,4596.05
2023-09-17T02:00,26.1,94,4389.1
2023-09-17T03:00,26.0,95,4200.48
2023-09-17T04:00,25.9,95,4070.26
2023-09-17T05:00,25.3,94,3995.49
2023-09-17T06:00,25.2,94,3928.34
2023-09-17T07:00,26.2,90,3889.33
2023-09-17T08:00,27.6,86,3877.37
2023-09-17T09:00,28.3,83,4031.67
2023-09-17T10:00,29.4,77,4340.28
2023-09-17T11:00,30.7,71,4517.57
2023-09-17T12:00,31.7,69,4611.65
2023-09-17T13:00,29.5,75,4581.76
2023-09-17T14:00,27.5,82,4789.56
2023-09-17T15:00,28.2,83,4825.23
2023-09-17T16:00,28.1,80,4718.97
2023-09-17T17:00,26.2,90,4629.75
2023-09-17T18:00,26.7,90,4638.65
2023-09-17T19:00,25.3,93,4769.6
2023-09-17T20:00,26.1,91,4765.28
2023-09-17T21:00,26.3,92,4837.6
2023-09-17T22:00,26.2,93,5078.92
2023-09-17T23:00,26.0,93,5151.95
2023-09-18T00:00,25.8,92,4886.88
2023-09-18T01:00,25.5,91,4564.65
2023-09-18T02:00,25.2,91,4264.31
2023-09-18T03:00,24.9,92,4035.57
2023-09-18T04:00,24.7,90,3895.19
2023-09-18T05:00,25.1,92,3878.14
2023-09-18T06:00,25.3,89,3991.58
2023-09-18T07:00,26.2,86,3998.81
2023-09-18T08:00,27.8,77,4103.17
2023-09-18T09:00,29.1,71,4514.07
2023-09-18T10:00,30.4,65,4975.14
2023-09-18T11:00,30.8,64,5124.28
2023-09-18T12:00,31.5,63,5208.58
2023-09-18T13:00,31.7,63,5152.06
2023-09-18T14:00,31.6,63,5402.03
2023-09-18T15:00,31.5,62,5490.73
2023-09-18T16:00,31.5,61,5414.51
2023-09-18T17:00,30.1,70,5311.7
2023-09-18T18:00,29.0,74,5211.41
2023-09-18T19:00,28.0,80,5216.83
2023-09-18T20:00,27.3,85,5108.8
2023-09-18T21:00,25.8,89,5136.01
2023-09-18T22:00,25.6,92,5393.87
2023-09-18T23:00,25.2,93,5485.24
2023-09-19T00:00,25.1,94,5235.81
2023-09-19T01:00,24.9,94,4932.23
2023-09-19T02:00,24.7,94,4629.3
2023-09-19T03:00,24.6,95,4419.37
2023-09-19T04:00,24.6,95,4254.43
2023-09-19T05:00,25.2,90,4216.55
2023-09-19T06:00,25.8,88,4240.9
2023-09-19T07:00,26.8,88,4265.36
2023-09-19T08:00,28.3,82,4383.28
2023-09-19T09:00,30.0,76,4812.38
2023-09-19T10:00,31.3,66,5293.32
2023-09-19T11:00,32.2,60,5471.67
2023-09-19T12:00,32.8,57,5562.69
2023-09-19T13:00,33.0,57,5471.44
2023-09-19T14:00,33.1,56,5804.09
2023-09-19T15:00,32.7,57,5921.03
2023-09-19T16:00,32.4,58,5732.9
2023-09-19T17:00,31.1,68,5671.18
2023-09-19T18:00,29.5,74,5547.1
2023-09-19T19:00,28.5,78,5550.55
2023-09-19T20:00,28.1,78,5485.27
2023-09-19T21:00,27.9,77,5592.61
2023-09-19T22:00,27.5,81,5895.7
2023-09-19T23:00,26.9,85,5973.79
2023-09-20T00:00,26.3,89,5668.78
2023-09-20T01:00,26.1,91,5320.84
2023-09-20T02:00,26.0,91,5013.66
2023-09-20T03:00,25.8,93,4767.46
2023-09-20T04:00,25.5,94,4569.33
2023-09-20T05:00,27.3,83,4476.96
2023-09-20T06:00,27.7,82,4465.56
2023-09-20T07:00,28.8,80,4455.51
2023-09-20T08:00,30.2,72,4564.18
2023-09-20T09:00,31.5,65,5001.21
2023-09-20T10:00,32.5,62,5456.13
2023-09-20T11:00,32.8,60,5601.72
2023-09-20T12:00,32.9,61,5767.4
2023-09-20T13:00,33.1,61,5710.57
2023-09-20T14:00,31.8,65,6064.71
2023-09-20T15:00,31.4,65,6187.76
2023-09-20T16:00,31.2,67,6108.87
2023-09-20T17:00,31.9,67,5910.4
2023-09-20T18:00,29.9,77,5732.53
2023-09-20T19:00,29.3,78,5738.6
2023-09-20T20:00,28.9,80,5726.76
2023-09-20T21:00,28.8,78,5868.35
2023-09-20T22:00,28.3,79,6222.74
2023-09-20T23:00,28.0,81,6324.11
2023-09-21T00:00,27.5,83,6004.91
2023-09-21T01:00,27.0,88,5646.19
2023-09-21T02:00,26.7,89,5341.51
2023-09-21T03:00,26.3,91,5039.76
2023-09-21T04:00,26.0,92,4828.69
2023-09-21T05:00,27.6,87,4694.62
2023-09-21T06:00,27.8,89,4632.47
2023-09-21T07:00,28.7,86,4600.06
2023-09-21T08:00,30.4,79,4693.93
2023-09-21T09:00,29.9,80,5170.75
2023-09-21T10:00,30.8,76,5664.48
2023-09-21T11:00,31.7,73,5918.45
2023-09-21T12:00,32.6,67,6133.78
2023-09-21T13:00,33.2,62,6128.36
2023-09-21T14:00,33.5,59,6448.27
2023-09-21T15:00,33.2,59,6597.42
2023-09-21T16:00,32.2,60,6432.63
2023-09-21T17:00,28.8,79,6085.61
2023-09-21T18:00,26.9,90,5779.08
2023-09-21T19:00,26.4,92,5783.3
2023-09-21T20:00,26.8,90,5730.23
2023-09-21T21:00,26.8,89,5863.26
2023-09-21T22:00,26.6,91,6225.28
2023-09-21T23:00,26.6,90,6354.4
2023-09-22T00:00,26.6,89,6008.94
2023-09-22T01:00,26.4,90,5624.57
2023-09-22T02:00,25.7,95,5313.27
2023-09-22T03:00,25.7,95,5064.25
2023-09-22T04:00,25.3,96,4836.54
2023-09-22T05:00,26.3,94,4704.51
2023-09-22T06:00,27.1,90,4657.16
2023-09-22T07:00,28.3,84,4612.14
2023-09-22T08:00,29.3,81,4712.07
2023-09-22T09:00,30.6,78,5194.93
2023-09-22T10:00,31.5,74,5656.91
2023-09-22T11:00,32.3,66,5852.89
2023-09-22T12:00,33.1,61,6003.96
2023-09-22T13:00,33.2,61,5957.24
2023-09-22T14:00,33.3,61,6321.04
2023-09-22T15:00,33.0,62,6432.05
2023-09-22T16:00,31.8,65,6306.58
2023-09-22T17:00,32.7,61,6064.26
2023-09-22T18:00,31.1,66,5958.73
2023-09-22T19:00,30.1,71,5956.91
2023-09-22T20:00,29.1,78,5893.62
2023-09-22T21:00,28.5,81,6010.1
2023-09-22T22:00,28.2,81,6372.49
2023-09-22T23:00,27.4,86,6464.89
2023-09-23T00:00,27.0,89,6168.32
2023-09-23T01:00,26.4,93,5808.4
2023-09-23T02:00,26.1,95,5496.28
2023-09-23T03:00,25.9,97,5211.84
2023-09-23T04:00,25.6,97,4983.27
2023-09-23T05:00,25.8,98,4831.82
2023-09-23T06:00,26.2,95,4678.8
2023-09-23T07:00,27.0,92,4586.84
2023-09-23T08:00,28.1,86,4556.76
2023-09-23T09:00,29.5,80,4860.83
2023-09-23T10:00,30.9,72,5338.91
2023-09-23T11:00,31.7,70,5621.25
2023-09-23T12:00,32.3,68,5500.36
2023-09-23T13:00,32.8,64,4780.67
2023-09-23T14:00,32.5,63,4956.91
2023-09-23T15:00,31.8,62,5110.57
2023-09-23T16:00,30.9,70,5152.52
2023-09-23T17:00,30.6,71,5122.64
2023-09-23T18:00,29.2,79,5142.39
2023-09-23T19:00,29.2,76,5188.15
2023-09-23T20:00,27.5,87,5087.51
2023-09-23T21:00,26.9,90,5115.98
2023-09-23T22:00,26.5,91,5355.94
2023-09-23T23:00,26.2,93,5452.26
2023-09-24T00:00,25.9,94,5251.18
2023-09-24T01:00,25.6,95,4967.67
2023-09-24T02:00,25.5,96,4690.23
2023-09-24T03:00,25.3,96,4477.19
2023-09-24T04:00,25.3,96,4310.02
2023-09-24T05:00,25.6,96,4183.1
2023-09-24T06:00,25.6,96,4054.37
2023-09-24T07:00,26.7,93,4001.07
2023-09-24T08:00,26.8,85,3991.82
2023-09-24T09:00,25.9,84,4203.11
2023-09-24T10:00,28.9,74,4569.15
2023-09-24T11:00,30.6,68,4766.89
2023-09-24T12:00,31.9,61,4850.28
2023-09-24T13:00,32.6,57,4820.35
2023-09-24T14:00,32.8,54,4997.49
2023-09-24T15:00,32.6,56,4886.52
2023-09-24T16:00,32.2,57,4655.68
2023-09-24T17:00,29.7,67,4545.21
2023-09-24T18:00,28.4,74,4608.67
2023-09-24T19:00,27.6,79,4719.02
2023-09-24T20:00,26.7,85,4599.77
2023-09-24T21:00,26.2,88,4830.32
2023-09-24T22:00,25.9,88,5085.28
2023-09-24T23:00,26.3,85,5189.74
2023-09-25T00:00,26.4,84,4964.61
2023-09-25T01:00,25.9,87,4687.06
2023-09-25T02:00,25.2,91,4451.92
2023-09-25T03:00,24.8,92,4222.31
2023-09-25T04:00,24.6,93,4070.43
2023-09-25T05:00,24.8,94,4020.54
2023-09-25T06:00,25.3,91,4070.92
2023-09-25T07:00,26.4,87,4079.82
2023-09-25T08:00,28.0,81,4183.96
2023-09-25T09:00,29.7,74,4604.12
2023-09-25T10:00,31.2,66,5058.41
2023-09-25T11:00,32.1,60,5232.35
2023-09-25T12:00,32.6,56,5338.55
2023-09-25T13:00,32.9,54,5198.55
2023-09-25T14:00,32.9,52,5347.0
2023-09-25T15:00,32.8,52,5553.89
2023-09-25T16:00,32.4,54,5562.54
2023-09-25T17:00,31.4,65,5342.36
2023-09-25T18:00,29.6,74,5304.26
2023-09-25T19:00,28.3,83,5305.46
2023-09-25T20:00,27.9,83,5210.39
2023-09-25T21:00,27.4,85,5277.65
2023-09-25T22:00,27.3,83,5542.92
2023-09-25T23:00,26.4,87,5594.1
2023-09-26T00:00,26.2,86,5322.4
2023-09-26T01:00,25.9,88,5011.19
2023-09-26T02:00,25.7,90,4712.57
2023-09-26T03:00,25.4,92,4487.91
2023-09-26T04:00,24.9,94,4310.15
2023-09-26T05:00,25.8,88,4226.89
2023-09-26T06:00,26.0,89,4241.9
2023-09-26T07:00,26.6,87,4240.34
2023-09-26T08:00,28.5,79,4333.88
2023-09-26T09:00,30.2,69,4732.73
2023-09-26T10:00,31.2,63,5184.53
2023-09-26T11:00,32.0,58,5368.89
2023-09-26T12:00,32.6,55,5375.74
2023-09-26T13:00,32.8,53,5353.64
2023-09-26T14:00,32.9,51,5590.71
2023-09-26T15:00,32.9,51,5724.26
2023-09-26T16:00,32.4,52,5645.39
2023-09-27T00:00,25.4,79,5409.45
2023-09-27T01:00,24.9,82,5055.75
2023-09-27T02:00,24.3,85,4762.29
2023-09-27T03:00,23.8,87,4536.48
2023-09-27T04:00,23.3,89,4350.88
2023-09-27T05:00,23.9,89,4262.38
2023-09-27T06:00,24.5,87,4266.79
2023-09-27T07:00,26.0,82,4249.17
2023-09-27T08:00,28.1,74,4305.63
2023-09-27T09:00,29.9,66,4702.69
2023-09-27T10:00,31.1,58,5125.6
2023-09-27T11:00,32.0,53,5254.04
2023-09-27T12:00,32.7,48,5336.23
2023-09-27T13:00,33.3,44,5282.52
2023-09-27T14:00,33.3,42,5540.93
2023-09-27T15:00,33.1,42,5666.95
2023-09-27T16:00,32.4,43,5555.9
2023-09-27T17:00,30.1,50,5374.11
2023-09-27T18:00,27.3,57,5280.93
2023-09-27T19:00,26.6,58,5226.71
2023-09-27T20:00,26.1,59,5022.48
2023-09-27T21:00,25.8,62,5001.89
2023-09-27T22:00,25.4,65,5280.36
2023-09-27T23:00,24.9,66,5382.09
2023-09-28T00:00,24.1,69,5161.61
2023-09-28T01:00,23.0,74,4850.54
2023-09-28T02:00,22.5,77,4578.07
2023-09-28T03:00,21.8,80,4321.21
2023-09-28T04:00,21.6,81,4139.8
2023-09-28T05:00,20.6,87,4032.49
2023-09-28T06:00,21.4,84,3964.1
2023-09-28T07:00,23.3,78,3938.16
2023-09-28T08:00,26.0,70,3959.15
2023-09-28T09:00,28.7,60,4278.43
2023-09-28T10:00,30.6,52,4696.02
2023-09-28T11:00,31.7,47,4890.26
2023-09-28T12:00,32.5,43,4938.53
2023-09-28T13:00,33.0,40,4821.2
2023-09-28T14:00,33.1,39,5044.34
2023-09-28T15:00,32.8,39,5156.73
2023-09-28T16:00,32.2,41,5084.46
2023-09-28T17:00,29.6,53,4968.62
2023-09-28T18:00,26.6,60,4955.91
2023-09-28T19:00,25.6,64,4930.77
2023-09-28T20:00,25.5,65,4787.6
2023-09-28T21:00,25.4,61,4794.64
2023-09-28T22:00,24.6,59,5054.91
2023-09-28T23:00,23.7,62,5176.6
2023-09-29T00:00,22.7,66,4940.09
2023-09-29T01:00,21.6,73,4590.34
2023-09-29T02:00,22.0,70,4384.59
2023-09-29T03:00,21.1,74,4170.43
2023-09-29T04:00,20.4,77,4009.77
2023-09-29T05:00,20.9,81,3956.35
2023-09-29T06:00,21.5,80,4012.4
2023-09-29T07:00,23.3,76,4020.5
2023-09-29T08:00,26.0,68,4107.0
2023-09-29T09:00,28.5,61,4542.04
2023-09-29T10:00,30.5,53,4985.43
2023-09-29T11:00,31.9,43,5128.47
2023-09-29T12:00,32.6,39,5198.28
2023-09-29T13:00,33.0,37,5020.83
2023-09-29T14:00,33.2,36,5283.86
2023-09-29T15:00,33.1,37,5439.74
2023-09-29T16:00,32.5,39,5325.14
2023-09-29T17:00,30.6,57,5106.59
2023-09-29T18:00,28.0,64,5095.09
2023-09-29T19:00,27.3,68,4939.83
2023-09-29T20:00,26.5,71,4915.63
2023-09-29T21:00,26.1,70,4896.95
2023-09-29T22:00,25.5,67,5136.59
2023-09-29T23:00,24.5,68,5237.71
2023-09-30T00:00,23.9,71,5015.28
2023-09-30T01:00,23.5,73,4712.2
2023-09-30T02:00,23.0,75,4458.39
2023-09-30T03:00,23.2,73,4246.54
2023-09-30T04:00,22.8,75,4086.57
2023-09-30T05:00,22.9,80,4012.41
2023-09-30T06:00,23.5,78,3985.03
2023-09-30T07:00,24.6,75,3973.79
2023-09-30T08:00,26.7,70,3978.11
2023-09-30T09:00,29.2,62,4289.32
2023-09-30T10:00,31.2,56,4700.43
2023-09-30T11:00,32.8,48,4867.01
2023-09-30T12:00,33.8,43,4924.87
2023-09-30T13:00,34.5,35,4778.16
2023-09-30T14:00,34.8,31,4936.98
2023-09-30T15:00,34.5,32,4984.29
2023-09-30T16:00,33.5,36,4915.67
2023-09-30T17:00,30.6,40,4867.39
2023-09-30T18:00,28.1,48,4910.76
2023-09-30T19:00,27.6,48,4921.55
2023-09-30T20:00,27.2,49,4808.87
2023-09-30T21:00,26.9,51,4821.42
2023-09-30T22:00,26.5,54,5043.73
2023-09-30T23:00,25.9,57,5162.42
2023-10-01T00:00,25.1,60,4929.77
2023-10-01T01:00,23.8,67,4652.79
2023-10-01T02:00,22.6,73,4403.33
2023-10-01T03:00,21.4,79,4171.58
2023-10-01T04:00,21.3,79,3982.05
2023-10-01T05:00,22.3,86,3872.62
2023-10-01T06:00,22.6,85,3781.98
2023-10-01T07:00,24.3,79,3685.7
2023-10-01T08:00,26.5,72,3652.28
2023-10-01T09:00,28.3,67,3860.8
2023-10-01T10:00,30.2,61,4143.98
2023-10-01T11:00,32.1,51,4293.02
2023-10-01T12:00,33.5,40,4358.52
2023-10-01T13:00,34.4,31,4252.8
2023-10-01T14:00,34.6,27,4387.03
2023-10-01T15:00,34.4,24,4457.26
2023-10-01T16:00,33.3,28,4408.45
2023-10-01T17:00,31.0,33,4355.1
2023-10-01T18:00,28.6,39,4385.49
2023-10-01T19:00,27.5,40,4416.18
2023-10-01T20:00,26.4,40,4368.37
2023-10-01T21:00,25.4,39,4391.91
2023-10-01T22:00,24.5,40,4549.22
2023-10-01T23:00,23.7,43,4655.75
2023-10-02T00:00,23.6,42,4492.64
2023-10-02T01:00,22.5,47,4246.62
2023-10-02T02:00,21.5,52,4028.49
2023-10-02T03:00,20.9,56,3830.95
2023-10-02T04:00,20.3,59,3666.24
2023-10-02T05:00,20.2,75,3585.74
2023-10-02T06:00,21.0,72,3521.75
2023-10-02T07:00,22.8,67,3429.27
2023-10-02T08:00,25.7,60,3290.98
2023-10-02T09:00,28.3,51,3265.72
2023-10-02T10:00,30.8,43,3394.75
2023-10-02T11:00,32.4,34,3488.59
2023-10-02T12:00,33.2,32,3531.36
2023-10-02T13:00,33.7,29,3513.23
2023-10-02T14:00,33.8,26,3587.89
2023-10-02T15:00,33.3,23,3620.03
2023-10-02T16:00,32.4,24,3585.41
2023-10-02T17:00,30.9,28,3595.06
2023-10-02T18:00,28.3,33,3726.61
2023-10-02T19:00,26.6,36,3797.57
2023-10-02T20:00,25.7,36,3809.92
2023-10-02T21:00,24.7,35,3885.07
2023-10-02T22:00,24.5,33,4035.65
2023-10-02T23:00,24.5,30,4093.06
2023-10-03T00:00,23.4,34,3912.15
2023-10-03T01:00,21.9,39,3700.43
2023-10-03T02:00,21.4,43,3521.17
2023-10-03T03:00,20.4,47,3357.25
2023-10-03T04:00,20.0,49,3250.86
2023-10-03T05:00,20.6,53,3252.72
2023-10-03T06:00,20.6,54,3419.36
2023-10-03T07:00,22.2,53,3433.32
2023-10-03T08:00,25.1,50,3505.16
2023-10-03T09:00,28.1,42,3931.58
2023-10-03T10:00,30.5,36,4363.86
2023-10-03T11:00,32.2,32,4543.68
2023-10-03T12:00,33.2,29,4583.0
2023-10-03T13:00,33.8,25,4429.84
2023-10-03T14:00,33.9,22,4619.28
2023-10-03T15:00,33.3,25,4734.71
2023-10-03T16:00,32.4,29,4743.3
2023-10-03T17:00,30.5,31,4660.31
2023-10-03T18:00,27.7,37,4676.75
2023-10-03T19:00,26.3,40,4563.95
2023-10-03T20:00,25.2,43,4306.33
2023-10-03T21:00,24.0,48,4164.86
2023-10-03T22:00,23.3,52,4266.02
2023-10-03T23:00,23.0,54,4283.25
2023-10-04T00:00,21.7,61,4086.09
2023-10-04T01:00,20.7,66,3840.57
2023-10-04T02:00,20.1,69,3652.53
2023-10-04T03:00,19.7,71,3480.27
2023-10-04T04:00,18.9,76,3377.65
2023-10-04T05:00,19.0,80,3407.84
2023-10-04T06:00,19.9,77,3589.57
2023-10-04T07:00,22.0,70,3618.56
2023-10-04T08:00,25.0,62,3679.28
2023-10-04T09:00,27.8,55,4061.11
2023-10-04T10:00,30.4,46,4483.47
2023-10-04T11:00,32.2,35,4653.14
2023-10-04T12:00,33.4,30,4651.07
2023-10-04T13:00,33.9,30,4477.35
2023-10-04T14:00,33.9,32,4700.47
2023-10-04T15:00,33.6,32,4861.51
2023-10-04T16:00,33.0,32,4846.37
2023-10-04T17:00,31.2,38,4801.74
2023-10-04T18:00,28.7,45,4796.3
2023-10-04T19:00,27.9,46,4669.36
2023-10-04T20:00,26.9,48,4411.03
2023-10-04T21:00,25.4,54,4281.36
2023-10-04T22:00,23.9,60,4364.22
2023-10-04T23:00,22.7,66,4383.02
2023-10-05T00:00,22.1,69,4132.07
2023-10-05T01:00,21.8,69,3873.83
2023-10-05T02:00,20.7,73,3668.86
2023-10-05T03:00,20.2,74,3491.93
2023-10-05T04:00,21.3,68,3361.51
2023-10-05T05:00,19.9,76,3412.08
2023-10-05T06:00,20.7,72,3617.08
2023-10-05T07:00,22.4,67,3621.15
2023-10-05T08:00,25.3,59,3639.56
2023-10-05T09:00,28.2,49,4029.27
2023-10-05T10:00,30.5,42,4457.32
2023-10-05T11:00,32.1,38,4622.95
2023-10-05T12:00,33.2,34,4657.29
2023-10-05T13:00,33.9,30,4483.02
2023-10-05T14:00,34.3,27,4728.9
2023-10-05T15:00,34.0,26,4865.6
2023-10-05T16:00,33.2,27,4829.06
2023-10-05T17:00,30.8,34,4784.81
2023-10-05T18:00,28.2,40,4770.83
2023-10-05T19:00,26.8,45,4671.13
2023-10-05T20:00,25.5,49,4400.69
2023-10-05T21:00,24.2,53,4245.82
2023-10-05T22:00,22.9,59,4341.67
2023-10-05T23:00,21.9,66,4366.39
2023-10-06T00:00,24.7,55,4131.94
2023-10-06T01:00,21.6,64,3872.8
2023-10-06T02:00,19.9,69,3673.02
2023-10-06T03:00,20.2,65,3492.18
2023-10-06T04:00,20.0,63,3387.71
2023-10-06T05:00,20.5,69,3444.1
2023-10-06T06:00,21.2,63,3680.09
2023-10-06T07:00,23.1,57,3686.5
2023-10-06T08:00,25.9,52,3723.21
2023-10-06T09:00,28.9,44,4096.37
2023-10-06T10:00,31.2,39,4496.35
2023-10-06T11:00,33.0,34,4656.38
2023-10-06T12:00,34.2,31,4686.75
2023-10-06T13:00,35.0,30,4491.06
2023-10-06T14:00,35.3,28,4754.34
2023-10-06T15:00,35.2,28,4931.76
2023-10-06T16:00,34.5,30,4910.45
2023-10-06T17:00,31.0,45,4845.92
2023-10-06T18:00,28.3,52,4858.62
2023-10-06T19:00,26.6,62,4707.98
2023-10-06T20:00,25.4,66,4455.36
2023-10-06T21:00,25.3,66,4355.94
2023-10-06T22:00,27.5,56,4477.49
2023-10-06T23:00,27.3,55,4512.6
2023-10-07T00:00,26.7,56,4296.3
2023-10-07T01:00,24.1,69,4058.83
2023-10-07T02:00,22.1,76,3837.66
2023-10-07T03:00,21.7,75,3663.81
2023-10-07T04:00,22.1,73,3552.97
2023-10-07T05:00,21.6,80,3582.88
2023-10-07T06:00,22.6,74,3694.46
2023-10-07T07:00,24.6,67,3710.16
2023-10-07T08:00,27.3,58,3691.31
2023-10-07T09:00,29.7,49,3927.09
2023-10-07T10:00,31.7,46,4304.95
2023-10-07T11:00,33.1,44,4445.06
2023-10-07T12:00,34.0,44,4566.55
2023-10-07T13:00,34.6,44,4474.39
2023-10-07T14:00,35.0,44,4706.56
2023-10-07T15:00,35.0,44,4821.21
2023-10-07T16:00,34.7,44,4811.09
2023-10-07T17:00,32.2,48,4791.71
2023-10-07T18:00,29.6,58,4848.75
2023-10-07T19:00,28.6,65,4792.78
2023-10-07T20:00,27.5,71,4641.53
2023-10-07T21:00,26.9,74,4591.2
2023-10-07T22:00,26.8,73,4777.22
2023-10-07T23:00,26.7,73,4835.37
2023-10-08T00:00,28.7,63,4610.08
2023-10-08T01:00,28.0,66,4392.91
2023-10-08T02:00,24.8,81,4166.9
2023-10-08T03:00,24.6,81,3978.43
2023-10-08T04:00,24.1,82,3834.86
2023-10-08T05:00,24.5,85,3768.53
2023-10-08T06:00,24.9,70,3703.04
2023-10-08T07:00,25.7,61,3643.15
2023-10-08T08:00,27.8,54,3600.87
2023-10-08T09:00,30.0,49,3782.71
2023-10-08T10:00,32.1,44,4093.66
2023-10-08T11:00,33.7,41,4281.85
2023-10-08T12:00,34.7,38,4407.64
2023-10-08T13:00,35.2,38,4385.4
2023-10-08T14:00,35.3,39,4628.59
2023-10-08T15:00,35.2,39,4744.88
2023-10-08T16:00,34.7,40,4715.96
2023-10-08T17:00,33.4,47,4644.19
2023-10-08T18:00,31.6,51,4760.34
2023-10-08T19:00,29.5,64,4841.18
2023-10-08T20:00,28.8,68,4849.61
2023-10-08T21:00,27.8,72,4965.47
2023-10-08T22:00,28.7,66,5182.31
2023-10-08T23:00,29.0,64,5286.93
2023-10-09T00:00,28.4,65,4999.85
2023-10-09T01:00,25.7,74,4690.75
2023-10-09T02:00,25.6,68,4442.43
2023-10-09T03:00,25.0,68,4231.42
2023-10-09T04:00,24.6,69,4062.29
2023-10-09T05:00,24.7,76,4027.08
2023-10-09T06:00,24.7,74,4116.07
2023-10-09T07:00,25.9,68,4067.58
2023-10-09T08:00,28.2,58,4050.93
2023-10-09T09:00,30.7,50,4413.31
2023-10-09T10:00,32.8,44,4830.82
2023-10-09T11:00,34.1,42,5019.47
2023-10-09T12:00,35.1,35,5129.97
2023-10-09T13:00,35.1,34,5046.29
2023-10-09T14:00,35.2,33,5335.18
2023-10-09T15:00,35.1,33,5509.2
2023-10-09T16:00,34.8,33,5404.68
2023-10-09T17:00,32.5,50,5258.89
2023-10-09T18:00,29.8,52,5240.95
2023-10-09T19:00,29.2,53,5150.61
2023-10-09T20:00,27.7,54,4998.88
2023-10-09T21:00,26.9,57,5033.88
2023-10-09T22:00,26.5,56,5323.59
2023-10-09T23:00,26.3,56,5361.28
2023-10-10T00:00,25.0,59,5139.2
2023-10-10T01:00,25.4,57,4801.15
2023-10-10T02:00,25.1,59,4527.27
2023-10-10T03:00,24.9,59,4269.07
2023-10-10T04:00,24.6,57,4072.14
2023-10-10T05:00,24.7,60,4062.65
2023-10-10T06:00,24.4,59,4137.41
2023-10-10T07:00,25.5,58,4050.15
2023-10-10T08:00,27.4,54,4067.77
2023-10-10T09:00,29.7,48,4423.99
2023-10-10T10:00,31.3,45,4869.55
2023-10-10T11:00,32.5,43,5001.0
2023-10-10T12:00,33.5,42,5062.09
2023-10-10T13:00,33.4,43,4981.16
2023-10-10T14:00,32.3,46,5300.06
2023-10-10T15:00,32.6,44,5496.77
2023-10-10T16:00,32.7,43,5398.2
2023-10-10T17:00,32.5,38,5227.97
2023-10-10T18:00,30.6,48,5177.88
2023-10-10T19:00,29.5,54,5044.43
2023-10-10T20:00,27.6,63,4863.68
2023-10-10T21:00,25.7,76,4853.36
2023-10-10T22:00,25.5,76,5102.72
2023-10-10T23:00,24.6,80,5174.93
2023-10-11T00:00,24.0,77,4869.98
2023-10-11T01:00,23.3,74,4532.71
2023-10-11T02:00,22.6,76,4257.41
2023-10-11T03:00,21.9,80,4019.15
2023-10-11T04:00,21.2,84,3859.27
2023-10-11T05:00,21.5,88,3848.59
2023-10-11T06:00,21.7,87,3978.65
2023-10-11T07:00,23.2,81,3949.81
2023-10-11T08:00,25.6,72,3961.53
2023-10-11T09:00,28.2,62,4333.86
2023-10-11T10:00,30.3,51,4745.4
2023-10-11T11:00,31.8,44,4902.68
2023-10-11T12:00,32.9,36,4924.72
2023-10-11T13:00,33.5,31,4741.84
2023-10-11T14:00,33.7,29,4945.49
2023-10-11T15:00,33.4,28,5030.26
2023-10-11T16:00,32.6,29,4956.83
2023-10-11T17:00,29.7,32,4880.53
2023-10-11T18:00,27.4,40,4900.99
2023-10-11T19:00,26.3,43,4778.3
2023-10-11T20:00,24.8,48,4532.02
2023-10-11T21:00,23.3,54,4397.88
2023-10-11T22:00,22.1,61,4538.02
2023-10-11T23:00,21.4,63,4591.65
2023-10-12T00:00,20.7,64,4342.51
2023-10-12T01:00,20.3,66,4068.84
2023-10-12T02:00,20.0,66,3847.13
2023-10-12T03:00,19.3,69,3656.5
2023-10-12T04:00,18.9,71,3534.37
2023-10-12T05:00,19.2,78,3556.6
2023-10-12T06:00,19.3,78,3756.46
2023-10-12T07:00,21.3,70,3717.0
2023-10-12T08:00,24.7,60,3729.76
2023-10-12T09:00,27.8,49,4038.72
2023-10-12T10:00,29.9,41,4355.68
2023-10-12T11:00,31.4,36,4499.5
2023-10-12T12:00,32.4,33,4528.97
2023-10-12T13:00,33.0,32,4372.55
2023-10-12T14:00,33.2,32,4591.7
2023-10-12T15:00,33.1,31,4724.5
2023-10-12T16:00,32.4,33,4803.93
2023-10-12T17:00,30.3,39,4829.44
2023-10-12T18:00,28.2,47,4872.8
2023-10-12T19:00,27.1,52,4725.05
2023-10-12T20:00,26.1,55,4451.37
2023-10-12T21:00,25.2,59,4343.75
2023-10-12T22:00,23.9,65,4459.42
2023-10-12T23:00,23.3,68,4479.91
2023-10-13T00:00,22.9,69,4246.01
2023-10-13T01:00,24.4,62,3979.58
2023-10-13T02:00,22.4,70,3776.33
2023-10-13T03:00,21.4,75,3592.15
2023-10-13T04:00,20.3,81,3492.23
2023-10-13T05:00,20.8,81,3539.28
2023-10-13T06:00,20.9,81,3746.98
2023-10-13T07:00,23.0,73,3764.82
2023-10-13T08:00,26.3,62,3815.28
2023-10-13T09:00,29.1,52,4220.69
2023-10-13T10:00,31.6,41,4601.79
2023-10-13T11:00,33.3,34,4742.23
2023-10-13T12:00,34.2,32,4789.22
2023-10-13T13:00,34.5,31,4580.88
2023-10-13T14:00,34.7,31,4822.84
2023-10-13T15:00,34.4,31,4989.7
2023-10-13T16:00,33.9,32,4955.77
2023-10-13T17:00,31.4,41,4908.03
2023-10-13T18:00,29.8,44,4948.05
2023-10-13T19:00,28.5,49,4805.95
2023-10-13T20:00,26.8,57,4556.21
2023-10-13T21:00,25.2,65,4436.36
2023-10-13T22:00,25.1,64,4561.99
2023-10-13T23:00,26.3,57,4609.45
2023-10-14T00:00,26.1,57,4401.71
2023-10-14T01:00,23.1,71,4140.7
2023-10-14T02:00,22.4,74,3927.19
2023-10-14T03:00,22.0,76,3757.42
2023-10-14T04:00,21.6,78,3647.62
2023-10-14T05:00,23.4,77,3675.83
2023-10-14T06:00,22.5,83,3754.79
2023-10-14T07:00,24.4,75,3778.98
2023-10-14T08:00,27.5,64,3763.46
2023-10-14T09:00,30.5,52,4014.96
2023-10-14T10:00,32.8,42,4369.28
2023-10-14T11:00,34.4,33,4537.83
2023-10-14T12:00,34.7,28,4612.96
2023-10-14T13:00,35.0,26,4460.16
2023-10-14T14:00,34.9,25,4612.86
2023-10-14T15:00,34.3,26,4668.23
2023-10-14T16:00,33.6,28,4635.9
2023-10-14T17:00,31.6,33,4640.27
2023-10-14T18:00,28.6,42,4736.67
2023-10-14T19:00,27.8,47,4638.4
2023-10-14T20:00,25.9,59,4429.8
2023-10-14T21:00,28.4,47,4363.84
2023-10-14T22:00,27.0,51,4499.2
2023-10-14T23:00,24.9,58,4574.66
2023-10-15T00:00,25.1,58,4398.3
2023-10-15T01:00,22.9,68,4150.61
2023-10-15T02:00,22.3,68,3936.51
2023-10-15T03:00,24.5,57,3760.41
2023-10-15T04:00,24.4,58,3672.55
2023-10-15T05:00,23.8,67,3635.84
2023-10-15T06:00,22.4,74,3633.48
2023-10-15T07:00,23.6,71,3647.73
2023-10-15T08:00,26.4,63,3605.26
2023-10-15T09:00,29.2,54,3715.26
2023-10-15T10:00,31.1,49,3914.27
2023-10-15T11:00,32.1,43,3991.41
2023-10-15T12:00,33.1,36,4030.73
2023-10-15T13:00,33.7,33,3909.25
2023-10-15T14:00,32.6,35,4068.79
2023-10-15T15:00,33.0,34,4114.22
2023-10-15T16:00,32.1,37,4105.76
2023-10-15T17:00,30.6,48,4157.82
2023-10-15T18:00,27.8,51,4338.9
2023-10-15T19:00,26.7,56,4305.22
2023-10-15T20:00,25.2,59,4192.02
2023-10-15T21:00,24.2,64,4200.49
2023-10-15T22:00,25.0,61,4341.59
2023-10-15T23:00,23.7,67,4395.64
2023-10-16T00:00,22.7,70,4175.59
2023-10-16T01:00,21.6,75,3916.09
2023-10-16T02:00,21.6,74,3706.37
2023-10-16T03:00,21.0,77,3542.11
2023-10-16T04:00,20.8,78,3458.82
2023-10-16T05:00,22.7,74,3531.45
2023-10-16T06:00,22.2,72,3772.18
2023-10-16T07:00,22.6,70,3778.5
2023-10-16T08:00,25.2,63,3835.84
2023-10-16T09:00,28.7,54,4166.47
2023-10-16T10:00,24.0,65,4423.59
2023-10-16T11:00,25.7,61,4479.61
2023-10-16T12:00,27.0,56,4486.03
2023-10-16T13:00,28.5,51,4182.2
2023-10-16T14:00,28.9,51,4266.96
2023-10-16T15:00,29.0,49,4346.24
2023-10-16T16:00,27.8,54,4276.55
2023-10-16T17:00,25.5,54,4289.03
2023-10-16T18:00,24.6,59,4292.63
2023-10-16T19:00,24.0,64,4059.69
2023-10-16T20:00,23.6,67,3730.95
2023-10-16T21:00,23.4,66,3469.03
2023-10-16T22:00,23.0,71,3376.1
2023-10-16T23:00,19.8,87,3119.79
2023-10-17T00:00,20.3,89,2966.15
2023-10-17T01:00,20.5,76,2858.76
2023-10-17T02:00,20.2,75,2752.87
2023-10-17T03:00,20.2,74,2668.1
2023-10-17T04:00,19.6,80,2682.05
2023-10-17T05:00,18.7,84,2875.88
2023-10-17T06:00,19.2,83,3310.39
2023-10-17T07:00,20.0,81,3412.97
2023-10-17T08:00,21.8,74,3421.61
2023-10-17T09:00,23.7,67,3661.85
2023-10-17T10:00,25.1,59,3915.4
2023-10-17T11:00,26.6,54,3949.48
2023-10-17T12:00,28.0,48,3891.82
2023-10-17T13:00,28.7,46,3639.72
2023-10-17T14:00,28.3,47,3789.89
2023-10-17T15:00,26.7,51,3822.55
2023-10-17T16:00,25.4,64,3811.79
2023-10-17T17:00,23.1,70,3902.77
2023-10-17T18:00,22.5,72,4057.31
2023-10-17T19:00,21.4,76,3859.03
2023-10-17T20:00,20.4,83,3537.94
2023-10-17T21:00,19.3,90,3232.48
2023-10-17T22:00,18.7,92,3064.43
2023-10-17T23:00,18.2,92,2919.26
2023-10-18T00:00,17.8,93,2730.89
2023-10-18T01:00,17.6,93,2586.76
2023-10-18T02:00,17.6,93,2483.3
2023-10-18T03:00,17.3,92,2410.0
2023-10-18T04:00,17.1,89,2448.95
2023-10-18T05:00,18.2,88,2698.19
2023-10-18T06:00,18.4,87,3224.4
2023-10-18T07:00,19.6,82,3365.04
2023-10-18T08:00,21.8,73,3373.19
2023-10-18T09:00,24.1,64,3630.68
2023-10-18T10:00,26.1,53,3884.67
2023-10-18T11:00,27.5,45,3912.35
2023-10-18T12:00,28.4,42,3880.79
2023-10-18T13:00,28.8,41,3643.11
2023-10-18T14:00,29.0,41,3801.38
2023-10-18T15:00,28.8,39,3879.74
2023-10-18T16:00,28.1,39,3887.8
2023-10-18T17:00,25.9,44,3982.84
2023-10-18T18:00,24.0,51,4109.83
2023-10-18T19:00,22.9,56,3917.46
2023-10-18T20:00,22.0,59,3576.42
2023-10-18T21:00,21.3,61,3281.13
2023-10-18T22:00,20.6,63,3101.59
2023-10-18T23:00,19.8,66,2976.01
2023-10-19T00:00,19.1,69,2727.23
2023-10-19T01:00,18.4,73,2582.48
2023-10-19T02:00,17.9,75,2473.11
2023-10-19T03:00,17.4,77,2386.92
2023-10-19T04:00,17.0,79,2419.73
2023-10-19T05:00,17.2,83,2680.14
2023-10-19T06:00,17.4,82,3200.73
2023-10-19T07:00,18.5,78,3338.59
2023-10-19T08:00,20.8,70,3318.16
2023-10-19T09:00,23.1,62,3567.86
2023-10-19T10:00,25.0,54,3829.51
2023-10-19T11:00,26.4,48,3873.75
2023-10-19T12:00,27.6,43,3805.0
2023-10-19T13:00,28.3,40,3551.84
2023-10-19T14:00,28.6,39,3713.84
2023-10-19T15:00,28.4,39,3790.67
2023-10-19T16:00,27.7,40,3825.78
2023-10-19T17:00,24.8,53,3939.59
2023-10-19T18:00,22.9,58,4059.37
2023-10-19T19:00,21.6,65,3876.26
2023-10-19T20:00,20.5,70,3521.19
2023-10-19T21:00,19.9,72,3197.08
2023-10-19T22:00,19.3,74,3052.28
2023-10-20T00:00,18.6,77,2676.61
2023-10-20T01:00,17.9,81,2526.89
2023-10-20T02:00,17.4,84,2439.16
2023-10-20T03:00,17.9,81,2372.31
2023-10-20T04:00,17.1,85,2406.61
2023-10-20T05:00,17.0,89,2663.08
2023-10-20T06:00,17.3,89,3136.13
2023-10-20T07:00,19.2,81,3355.78
2023-10-20T08:00,21.9,69,3410.38
2023-10-20T09:00,24.4,59,3703.25
2023-10-20T10:00,26.2,51,3985.47
2023-10-20T11:00,27.3,46,4025.15
2023-10-20T12:00,28.2,42,3994.36
2023-10-20T13:00,28.8,39,3680.43
2023-10-20T14:00,29.1,37,3802.85
2023-10-20T15:00,29.1,36,3867.95
2023-10-20T16:00,28.3,38,3838.72
2023-10-20T17:00,25.7,49,3950.88
2023-10-20T18:00,23.7,57,4095.13
2023-10-20T19:00,22.4,65,3869.18
2023-10-20T20:00,21.3,70,3527.0
2023-10-20T21:00,20.3,75,3218.77
2023-10-20T22:00,19.6,78,3042.18
2023-10-20T23:00,18.9,81,2864.62
2023-10-21T00:00,18.4,83,2688.29
2023-10-21T01:00,17.8,85,2527.82
2023-10-21T02:00,17.5,87,2428.86
2023-10-21T03:00,16.9,90,2366.49
2023-10-21T04:00,16.7,90,2398.08
2023-10-21T05:00,17.5,89,2586.21
2023-10-21T06:00,17.6,90,2923.05
2023-10-21T07:00,19.3,83,3175.06
2023-10-21T08:00,22.3,72,3266.82
2023-10-21T09:00,24.9,62,3482.87
2023-10-21T10:00,26.9,53,3710.87
2023-10-21T11:00,28.2,45,3721.18
2023-10-21T12:00,29.0,40,3693.98
2023-10-21T13:00,29.5,38,3429.44
2023-10-21T14:00,29.7,36,3511.65
2023-10-21T15:00,29.6,36,3518.43
2023-10-21T16:00,29.0,38,3538.15
2023-10-21T17:00,26.2,49,3690.54
2023-10-21T18:00,24.5,47,3824.29
2023-10-21T19:00,23.4,48,3624.72
2023-10-21T20:00,21.7,55,3334.98
2023-10-21T21:00,21.0,61,3051.79
2023-10-21T22:00,19.9,69,2882.73
2023-10-21T23:00,19.5,72,2773.19
2023-10-22T00:00,18.4,77,2567.85
2023-10-22T01:00,18.5,75,2402.85
2023-10-22T02:00,19.2,71,2331.35
2023-10-22T03:00,17.5,79,2283.79
2023-10-22T04:00,17.3,79,2337.09
2023-10-22T05:00,17.2,84,2567.87
2023-10-22T06:00,17.1,86,2901.9
2023-10-22T07:00,19.1,78,3166.15
2023-10-22T08:00,22.3,68,3222.0
2023-10-22T09:00,25.1,58,3324.06
2023-10-22T10:00,27.3,48,3438.61
2023-10-22T11:00,28.7,40,3439.72
2023-10-22T12:00,29.6,37,3409.65
2023-10-22T13:00,30.3,35,3190.34
2023-10-22T14:00,30.4,36,3258.18
2023-10-22T15:00,30.2,36,3262.98
2023-10-22T16:00,29.4,38,3252.76
2023-10-22T17:00,26.5,47,3423.64
2023-10-22T18:00,25.4,50,3603.8
2023-10-22T19:00,24.1,58,3476.57
2023-10-22T20:00,22.9,64,3232.55
2023-10-22T21:00,21.8,70,3021.08
2023-10-22T22:00,21.3,74,2862.19
2023-10-22T23:00,20.4,79,2766.24
2023-10-23T00:00,19.7,83,2549.3
2023-10-23T01:00,19.0,86,2409.48
2023-10-23T02:00,18.5,88,2333.83
2023-10-23T03:00,18.0,90,2301.69
2023-10-23T04:00,17.6,91,2377.77
2023-10-23T05:00,17.9,91,2642.91
2023-10-23T06:00,18.2,90,3005.03
2023-10-23T07:00,19.7,84,3270.43
2023-10-23T08:00,22.3,73,3342.53
2023-10-23T09:00,24.9,63,3558.41
2023-10-23T10:00,27.1,50,3758.77
2023-10-23T11:00,28.2,44,3824.55
2023-10-23T12:00,29.0,41,3792.04
2023-10-23T13:00,29.5,40,3559.24
2023-10-23T14:00,29.7,38,3657.54
2023-10-23T15:00,29.5,37,3702.23
2023-10-23T16:00,28.9,37,3709.81
2023-10-23T17:00,26.1,46,3823.11
2023-10-23T18:00,24.0,54,3948.24
2023-10-23T19:00,23.1,59,3725.76
2023-10-23T20:00,22.4,63,3413.39
2023-10-23T21:00,22.0,65,3121.2
2023-10-23T22:00,21.8,66,2964.97
2023-10-23T23:00,21.0,69,2832.64
2023-10-24T00:00,19.9,76,2645.27
2023-10-24T01:00,19.2,79,2521.38
2023-10-24T02:00,18.2,84,2427.58
2023-10-24T03:00,17.9,85,2361.5
2023-10-24T04:00,17.7,86,2380.04
2023-10-24T05:00,17.7,90,2523.06
2023-10-24T06:00,17.9,89,2743.61
2023-10-24T07:00,19.2,83,2991.69
2023-10-24T08:00,22.0,72,3091.65
2023-10-24T09:00,24.9,61,3229.02
2023-10-24T10:00,27.3,51,3415.27
2023-10-24T11:00,28.8,43,3457.43
2023-10-24T12:00,29.7,40,3403.7
2023-10-24T13:00,30.3,36,3170.92
2023-10-24T14:00,30.5,34,3163.54
2023-10-24T15:00,30.4,32,3093.1
2023-10-24T16:00,29.7,33,2985.75
2023-10-24T17:00,26.6,44,2996.36
2023-10-24T18:00,24.7,44,3084.74
2023-10-24T19:00,23.8,48,2922.83
2023-10-24T20:00,22.7,52,2815.53
2023-10-24T21:00,21.5,58,2779.58
2023-10-24T22:00,20.8,61,2693.55
2023-10-24T23:00,20.2,64,2607.95
2023-10-25T00:00,19.4,69,2396.43
2023-10-25T01:00,19.0,73,2277.86
2023-10-25T02:00,18.6,77,2203.14
2023-10-25T03:00,17.9,80,2163.87
2023-10-25T04:00,17.5,82,2208.31
2023-10-25T05:00,17.1,83,2473.01
2023-10-25T06:00,18.1,85,2986.99
2023-10-25T07:00,19.5,79,3152.15
2023-10-25T08:00,22.1,70,3222.36
2023-10-25T09:00,24.8,61,3551.11
2023-10-25T10:00,27.1,54,3849.51
2023-10-25T11:00,29.0,42,3907.11
2023-10-25T12:00,29.9,37,3882.14
2023-10-25T13:00,30.5,33,3628.34
2023-10-25T14:00,30.6,29,3740.6
2023-10-25T15:00,30.2,29,3776.16
2023-10-25T16:00,29.3,31,3791.29
2023-10-25T17:00,26.5,39,3922.68
2023-10-25T18:00,24.4,50,4023.14
2023-10-25T19:00,23.2,56,3823.9
2023-10-25T20:00,21.7,62,3492.21
2023-10-25T21:00,20.6,67,3212.41
2023-10-25T22:00,20.1,68,3018.09
2023-10-25T23:00,19.8,69,2919.05
2023-10-26T00:00,19.2,72,2636.49
2023-10-26T01:00,18.2,77,2481.7
2023-10-26T02:00,17.9,79,2390.97
2023-10-26T03:00,17.8,79,2332.23
2023-10-26T04:00,17.3,81,2367.1
2023-10-26T05:00,16.9,83,2641.65
2023-10-26T06:00,17.5,83,3199.26
2023-10-26T07:00,18.8,78,3338.8
2023-10-26T08:00,21.5,68,3323.9
2023-10-26T09:00,24.4,59,3571.84
2023-10-26T10:00,26.8,51,3813.19
2023-10-26T11:00,28.6,42,3869.23
2023-10-26T12:00,29.6,36,3844.6
2023-10-26T13:00,30.2,32,3561.17
2023-10-26T14:00,30.5,29,3717.59
2023-10-26T15:00,30.3,27,3800.28
2023-10-26T16:00,29.4,30,3800.32
2023-10-26T17:00,26.3,38,3930.26
2023-10-26T18:00,24.1,46,4031.78
2023-10-26T19:00,22.5,54,3817.09
2023-10-26T20:00,21.3,59,3469.54
2023-10-26T21:00,20.4,61,3163.58
2023-10-26T22:00,20.3,59,2990.81
2023-10-26T23:00,19.7,61,2847.35
2023-10-27T00:00,19.2,61,2609.95
2023-10-27T01:00,18.6,61,2463.71
2023-10-27T02:00,17.8,63,2378.99
2023-10-27T03:00,17.1,66,2315.6
2023-10-27T04:00,16.9,67,2357.34
2023-10-27T05:00,16.6,67,2631.23
2023-10-27T06:00,16.8,76,3199.87
2023-10-27T07:00,18.0,71,3373.3
2023-10-27T08:00,21.3,62,3358.87
2023-10-27T09:00,24.5,52,3632.27
2023-10-27T10:00,27.2,44,3888.16
2023-10-27T11:00,29.2,32,3964.92
2023-10-27T12:00,29.9,29,3927.3
2023-10-27T13:00,30.3,27,3646.4
2023-10-27T14:00,30.4,27,3751.02
2023-10-27T15:00,30.1,27,3793.08
2023-10-27T16:00,29.2,31,3791.59
2023-10-27T17:00,25.4,44,3907.1
2023-10-27T18:00,23.5,51,4030.04
2023-10-27T19:00,22.8,54,3813.9
2023-10-27T20:00,21.9,57,3453.3
2023-10-27T21:00,21.1,58,3150.41
2023-10-27T22:00,20.7,57,2981.19
2023-10-27T23:00,22.3,50,2833.88
2023-10-28T00:00,23.3,45,2614.85
2023-10-28T01:00,22.5,49,2466.43
2023-10-28T02:00,21.5,52,2364.05
2023-10-28T03:00,21.0,54,2309.37
2023-10-28T04:00,20.7,54,2344.07
2023-10-28T05:00,20.3,55,2521.03
2023-10-28T06:00,18.6,67,2810.16
2023-10-28T07:00,19.1,68,3088.49
2023-10-28T08:00,21.8,62,3196.44
2023-10-28T09:00,24.7,52,3441.68
2023-10-28T10:00,27.0,45,3722.91
2023-10-28T11:00,28.6,38,3758.44
2023-10-28T12:00,29.6,34,3544.74
2023-10-28T13:00,29.9,32,3287.36
2023-10-28T14:00,30.0,30,3480.15
2023-10-28T15:00,29.6,31,3487.83
2023-10-28T16:00,28.6,39,3490.95
2023-10-28T17:00,26.5,47,3656.95
2023-10-28T18:00,23.8,51,3775.19
2023-10-28T19:00,25.1,44,3602.26
2023-10-28T20:00,26.0,41,3315.89
2023-10-28T21:00,23.9,49,3044.57
2023-10-28T22:00,22.6,54,2893.96
2023-10-29T00:00,21.6,57,2528.2
2023-10-29T01:00,20.3,62,2389.72
2023-10-29T02:00,18.8,66,2313.44
2023-10-29T03:00,18.3,69,2258.04
2023-10-29T04:00,17.8,73,2299.84
2023-10-29T05:00,18.2,72,2458.55
2023-10-29T06:00,20.1,63,2693.14
2023-10-29T07:00,19.8,68,2973.01
2023-10-29T08:00,22.4,62,3108.92
2023-10-29T09:00,25.8,52,3323.48
2023-10-29T10:00,28.2,43,3570.49
2023-10-29T11:00,29.7,39,3631.62
2023-10-29T12:00,30.6,36,3595.94
2023-10-29T13:00,31.2,33,3350.36
2023-10-29T14:00,31.4,32,3373.57
2023-10-29T15:00,31.2,32,3344.94
2023-10-29T16:00,30.0,41,3354.68
2023-10-29T17:00,27.4,48,3484.99
2023-10-29T18:00,25.0,55,3638.73
2023-10-29T19:00,23.8,60,3511.02
2023-10-29T20:00,22.5,67,3299.58
2023-10-29T21:00,21.9,70,3086.25
2023-10-29T22:00,20.6,77,2914.09
2023-10-29T23:00,20.0,79,2783.77
2023-10-30T00:00,19.4,81,2545.27
2023-10-30T01:00,18.9,84,2398.41
2023-10-30T02:00,18.5,87,2316.69
2023-10-30T03:00,17.9,90,2279.11
2023-10-30T04:00,17.7,90,2346.22
2023-10-30T05:00,17.6,90,2644.35
2023-10-30T06:00,18.4,93,3195.42
2023-10-30T07:00,20.2,86,3371.89
2023-10-30T08:00,23.1,74,3387.99
2023-10-30T09:00,26.0,63,3647.02
2023-10-30T10:00,28.4,53,3916.22
2023-10-30T11:00,29.9,47,3964.79
2023-10-30T12:00,30.9,43,3905.49
2023-10-30T13:00,31.5,38,3658.75
2023-10-30T14:00,31.7,35,3795.53
2023-10-30T15:00,31.3,36,3826.47
2023-10-30T16:00,30.3,41,3823.01
2023-10-30T17:00,27.2,53,3960.76
2023-10-30T18:00,24.6,59,4043.17
2023-10-30T19:00,23.3,64,3831.59
2023-10-30T20:00,22.6,64,3521.55
2023-10-30T21:00,22.0,68,3255.53
2023-10-30T22:00,20.9,78,3095.31
2023-10-30T23:00,20.8,80,2962.96
2023-10-31T00:00,19.8,86,2702.41
2023-10-31T01:00,19.9,85,2554.69
2023-10-31T02:00,19.0,90,2455.94
2023-10-31T03:00,18.6,91,2404.78
2023-10-31T04:00,18.5,90,2464.15
2023-10-31T05:00,18.7,90,2742.33
2023-10-31T06:00,19.2,90,3274.68
2023-10-31T07:00,20.7,84,3448.43
2023-10-31T08:00,23.5,74,3485.88
2023-10-31T09:00,26.0,65,3737.75
2023-10-31T10:00,28.1,56,4009.43
2023-10-31T11:00,29.5,49,4070.91
2023-10-31T12:00,30.3,45,4028.83
2023-10-31T13:00,30.8,41,3760.22
2023-10-31T14:00,31.1,37,3877.6
2023-10-31T15:00,30.9,36,3920.49
2023-10-31T16:00,30.0,40,3915.86
2023-10-31T17:00,26.5,56,4058.98
2023-10-31T18:00,25.2,62,4104.98
2023-10-31T19:00,24.2,69,3900.98
2023-10-31T20:00,23.3,73,3579.2
2023-10-31T21:00,22.3,77,3288.61
2023-10-31T22:00,21.4,80,3122.53
2023-10-31T23:00,20.9,81,2994.59
2023-11-01T00:00,20.5,83,2738.85
2023-11-01T01:00,20.3,84,2575.08
2023-11-01T02:00,20.1,83,2478.59
2023-11-01T03:00,19.5,85,2438.09
2023-11-01T04:00,18.8,89,2563.44
2023-11-01T05:00,19.1,86,2716.1
2023-11-01T06:00,20.2,81,3004.67
2023-11-01T07:00,20.2,82,3286.62
2023-11-01T08:00,22.6,74,3452.55
2023-11-01T09:00,25.3,63,3778.56
2023-11-01T10:00,27.4,54,4099.48
2023-11-01T11:00,28.9,48,4189.81
2023-11-01T12:00,29.8,44,4150.67
2023-11-01T13:00,30.3,41,3872.64
2023-11-01T14:00,30.5,39,3934.2
2023-11-01T15:00,30.2,39,3949.22
2023-11-01T16:00,29.4,42,3904.54
2023-11-01T17:00,26.5,52,3973.72
2023-11-01T18:00,25.8,55,4010.03
2023-11-01T19:00,24.0,64,3770.03
2023-11-01T20:00,23.0,69,3401.98
2023-11-01T21:00,22.0,74,3143.28
2023-11-01T22:00,21.1,78,3048.17
2023-11-02T00:00,20.0,84,2654.64
2023-11-02T01:00,20.0,83,2509.31
2023-11-02T02:00,21.7,74,2418.49
2023-11-02T03:00,21.3,75,2373.9
2023-11-02T04:00,21.7,72,2423.9
2023-11-02T05:00,19.0,84,2687.28
2023-11-02T06:00,19.1,85,3211.28
2023-11-02T07:00,19.8,82,3393.8
2023-11-02T08:00,22.6,73,3385.74
2023-11-02T09:00,25.5,61,3648.47
2023-11-02T10:00,27.7,53,3921.16
2023-11-02T11:00,29.0,47,3987.23
2023-11-02T12:00,29.7,44,3960.38
2023-11-02T13:00,30.1,42,3623.86
2023-11-02T14:00,30.3,40,3839.39
2023-11-02T15:00,30.2,38,3884.56
2023-11-02T16:00,29.6,39,3875.41
2023-11-02T17:00,26.3,51,3986.13
2023-11-02T18:00,24.6,64,4102.26
2023-11-02T19:00,23.4,71,3911.76
2023-11-02T20:00,22.6,75,3570.77
2023-11-02T21:00,21.6,78,3258.31
2023-11-02T22:00,21.3,78,3061.1
2023-11-02T23:00,21.2,77,2880.11
2023-11-03T00:00,19.8,84,2660.97
2023-11-03T01:00,19.5,86,2510.16
2023-11-03T02:00,18.6,90,2424.78
2023-11-03T03:00,18.6,90,2375.0
2023-11-03T04:00,18.2,92,2420.72
2023-11-03T05:00,17.8,93,2691.96
2023-11-03T06:00,17.9,97,3189.04
2023-11-03T07:00,18.9,93,3453.96
2023-11-03T08:00,21.6,80,3540.37
2023-11-03T09:00,24.4,68,3813.56
2023-11-03T10:00,26.8,57,4074.68
2023-11-03T11:00,28.3,49,4152.41
2023-11-03T12:00,27.1,52,4122.27
2023-11-03T13:00,27.8,45,3804.16
2023-11-03T14:00,28.5,44,3853.91
2023-11-03T15:00,28.4,44,3839.42
2023-11-03T16:00,27.7,48,3817.8
2023-11-03T17:00,25.1,59,3979.55
2023-11-03T18:00,22.7,66,4078.59
2023-11-03T19:00,22.2,66,3862.56
2023-11-03T20:00,21.3,70,3505.56
2023-11-03T21:00,20.8,70,3200.97
2023-11-03T22:00,20.2,70,3018.31
2023-11-03T23:00,18.7,77,2890.91
2023-11-04T00:00,17.6,81,2627.78
2023-11-04T01:00,17.0,83,2480.14
2023-11-04T02:00,16.7,83,2387.13
2023-11-04T03:00,17.2,79,2336.17
2023-11-04T04:00,16.6,82,2397.13
2023-11-04T05:00,15.9,85,2609.41
2023-11-04T06:00,17.6,91,3001.47
2023-11-04T07:00,18.8,86,3258.52
2023-11-04T08:00,21.4,75,3347.28
2023-11-04T09:00,23.8,66,3549.65
2023-11-04T10:00,25.9,59,3719.52
2023-11-04T11:00,27.6,51,3693.22
2023-11-04T12:00,28.7,46,3650.4
2023-11-04T13:00,29.4,42,3395.34
2023-11-04T14:00,29.6,41,3411.96
2023-11-04T15:00,29.4,37,3412.31
2023-11-04T16:00,28.5,37,3424.22
2023-11-04T17:00,25.9,45,3722.45
2023-11-04T18:00,23.6,65,3843.32
2023-11-04T19:00,22.6,70,3655.9
2023-11-04T20:00,21.8,75,3354.34
2023-11-04T21:00,23.9,62,3095.37
2023-11-04T22:00,21.1,72,2904.55
2023-11-04T23:00,19.6,77,2761.19
2023-11-05T00:00,19.2,78,2540.63
2023-11-05T01:00,20.0,73,2391.25
2023-11-05T02:00,17.5,84,2306.31
2023-11-05T03:00,17.3,86,2256.74
2023-11-05T04:00,16.9,88,2313.67
2023-11-05T05:00,16.8,89,2462.09
2023-11-05T06:00,17.8,96,2677.28
2023-11-05T07:00,18.8,94,2968.88
2023-11-05T08:00,21.3,84,3151.49
2023-11-05T09:00,24.7,69,3405.71
2023-11-05T10:00,27.4,45,3700.09
2023-11-05T11:00,28.7,34,3787.07
2023-11-05T12:00,29.3,32,3726.46
2023-11-05T13:00,29.6,32,3434.31
2023-11-05T14:00,29.6,32,3389.43
2023-11-05T15:00,29.4,32,3331.36
2023-11-05T16:00,28.0,39,3317.9
2023-11-05T17:00,24.4,52,3482.11
2023-11-05T18:00,22.0,62,3610.29
2023-11-05T19:00,21.2,64,3454.49
2023-11-05T20:00,21.3,59,3217.55
2023-11-05T21:00,21.0,57,2992.16
2023-11-05T22:00,22.1,51,2793.19
2023-11-05T23:00,22.1,50,2668.92
2023-11-06T00:00,18.3,64,2422.08
2023-11-06T01:00,16.8,72,2279.68
2023-11-06T02:00,19.6,59,2197.28
2023-11-06T03:00,19.3,60,2165.47
2023-11-06T04:00,19.1,61,2232.49
2023-11-06T05:00,15.2,81,2495.89
2023-11-06T06:00,15.8,90,3005.94
2023-11-06T07:00,17.7,84,3303.97
2023-11-06T08:00,21.2,72,3407.53
2023-11-06T09:00,24.4,60,3623.05
2023-11-06T10:00,26.8,48,3866.73
2023-11-06T11:00,28.1,40,3917.74
2023-11-06T12:00,28.8,37,4000.33
2023-11-06T13:00,29.3,34,3719.08
2023-11-06T14:00,29.5,32,3685.19
2023-11-06T15:00,29.3,30,3652.95
2023-11-06T16:00,27.7,43,3654.58
2023-11-06T17:00,23.6,54,3813.68
2023-11-06T18:00,23.3,60,3907.01
2023-11-06T19:00,22.8,61,3701.6
2023-11-06T20:00,20.3,70,3385.42
2023-11-06T21:00,19.6,73,3084.07
2023-11-06T22:00,18.2,79,2893.53
2023-11-06T23:00,18.3,78,2702.53
2023-11-07T00:00,17.4,82,2491.86
2023-11-07T01:00,17.6,81,2341.89
2023-11-07T02:00,17.4,81,2251.55
2023-11-07T03:00,18.0,77,2208.18
2023-11-07T04:00,16.4,84,2269.6
2023-11-07T05:00,18.3,74,2494.37
2023-11-07T06:00,16.3,89,2940.6
2023-11-07T07:00,18.6,81,3350.94
2023-11-07T08:00,21.9,72,3474.41
2023-11-07T09:00,25.0,60,3673.0
2023-11-07T10:00,27.2,50,3900.37
2023-11-07T11:00,28.6,41,3968.42
2023-11-07T12:00,29.5,35,3924.83
2023-11-07T13:00,30.1,32,3645.21
2023-11-07T14:00,30.1,32,3710.68
2023-11-07T15:00,29.7,33,3707.81
2023-11-07T16:00,28.1,45,3697.96
2023-11-07T17:00,24.3,57,3864.11
2023-11-07T18:00,22.8,66,3955.06
2023-11-07T19:00,22.0,67,3714.51
2023-11-07T20:00,20.9,69,3386.43
2023-11-07T21:00,20.4,70,3081.98
2023-11-07T22:00,19.9,73,2881.37
2023-11-07T23:00,19.0,78,2686.56
2023-11-08T00:00,20.5,70,2466.45
2023-11-08T01:00,19.9,72,2316.33
2023-11-08T02:00,19.1,76,2230.9
2023-11-08T03:00,17.2,86,2188.2
2023-11-08T04:00,16.8,89,2256.38
2023-11-08T05:00,18.1,80,2489.86
2023-11-08T06:00,18.4,82,2915.81
2023-11-08T07:00,18.2,90,3346.08
2023-11-08T08:00,20.9,76,3504.01
2023-11-08T09:00,23.7,66,3708.23
2023-11-08T10:00,25.8,58,3967.15
2023-11-08T11:00,27.3,51,4010.22
2023-11-08T12:00,28.5,45,3963.64
2023-11-08T13:00,29.2,40,3686.33
2023-11-08T14:00,29.5,38,3727.02
2023-11-08T15:00,29.2,37,3741.79
2023-11-08T16:00,27.6,48,3719.25
2023-11-08T17:00,24.3,58,3878.78
2023-11-08T18:00,24.2,59,3959.57
2023-11-08T19:00,22.8,58,3736.83
2023-11-08T20:00,22.6,60,3401.2
2023-11-08T21:00,21.7,66,3103.08
2023-11-08T22:00,20.3,73,2909.57
2023-11-08T23:00,19.7,77,2765.39
2023-11-09T00:00,22.6,61,2494.6
2023-11-09T01:00,20.4,70,2333.03
2023-11-09T02:00,17.6,85,2238.71
2023-11-09T03:00,17.1,87,2196.74
2023-11-09T04:00,17.4,86,2260.23
2023-11-09T05:00,17.2,85,2480.27
2023-11-09T06:00,16.9,90,2841.87
2023-11-09T07:00,18.0,85,3268.19
2023-11-09T08:00,20.8,74,3449.76
2023-11-09T09:00,23.8,66,3672.75
2023-11-09T10:00,26.2,55,3909.78
2023-11-09T11:00,27.6,50,3993.21
2023-11-09T12:00,28.6,47,3925.51
2023-11-09T13:00,29.1,43,3665.25
2023-11-09T14:00,29.2,40,3715.81
2023-11-09T15:00,29.0,38,3708.43
2023-11-09T16:00,27.5,47,3723.0
2023-11-09T17:00,24.2,55,3866.64
2023-11-09T18:00,24.0,59,3976.39
2023-11-09T19:00,23.0,64,3751.15
2023-11-09T20:00,24.7,52,3394.57
2023-11-09T21:00,20.9,69,3120.09
2023-11-09T22:00,20.0,73,2931.84
2023-11-09T23:00,19.4,76,2745.83
2023-11-10T00:00,18.6,79,2509.7
2023-11-10T01:00,18.5,78,2336.39
2023-11-10T02:00,19.0,76,2234.31
2023-11-10T03:00,19.7,71,2179.24
2023-11-10T04:00,17.7,80,2233.14
2023-11-10T05:00,17.4,81,2439.78
2023-11-10T06:00,18.3,88,2819.58
2023-11-10T07:00,19.3,83,3278.02
2023-11-10T08:00,20.6,79,3526.73
2023-11-10T09:00,22.9,71,3745.59
2023-11-10T10:00,24.2,62,3989.04
2023-11-10T11:00,26.4,52,4032.39
2023-11-10T12:00,24.2,60,4049.52
2023-11-10T13:00,23.6,63,3630.71
2023-11-10T14:00,24.8,61,3554.39
2023-11-10T15:00,24.2,62,3519.66
2023-11-10T16:00,23.6,64,3438.83
2023-11-10T17:00,22.2,71,3569.32
2023-11-10T18:00,19.4,88,3642.91
2023-11-10T19:00,18.7,88,3443.9
2023-11-10T20:00,17.8,90,3153.9
2023-11-10T21:00,17.8,88,2893.8
2023-11-10T22:00,16.8,93,2716.55
2023-11-10T23:00,16.1,94,2573.14
2023-11-11T00:00,15.7,96,2271.91
2023-11-11T01:00,16.6,92,2092.37
2023-11-11T02:00,15.3,97,2003.19
2023-11-11T03:00,15.2,97,1966.71
2023-11-11T04:00,14.9,97,2035.45
2023-11-11T05:00,14.9,96,2236.84
2023-11-11T06:00,15.8,94,2562.66
2023-11-11T07:00,16.3,93,2950.84
2023-11-11T08:00,17.8,88,3130.06
2023-11-11T09:00,19.9,78,3320.68
2023-11-11T10:00,22.0,67,3510.31
2023-11-11T11:00,23.6,57,3505.17
2023-11-11T12:00,24.6,52,3399.53
2023-11-11T13:00,25.1,48,3122.84
2023-11-11T14:00,25.3,47,3099.91
2023-11-11T15:00,25.0,48,3043.84
2023-11-11T16:00,24.2,52,2997.99
2023-11-11T17:00,20.9,67,3183.05
2023-11-11T18:00,20.3,71,3333.8
2023-11-11T19:00,19.4,73,3211.96
2023-11-11T20:00,18.5,74,3055.16
2023-11-11T21:00,17.7,76,2927.05
2023-11-11T22:00,17.0,79,2754.2
2023-11-11T23:00,16.4,82,2363.43
2023-11-12T00:00,15.9,85,2066.58
2023-11-12T01:00,15.2,88,1916.04
2023-11-12T02:00,14.7,90,1834.59
2023-11-12T03:00,14.4,91,1789.82
2023-11-12T04:00,14.2,92,1862.21
2023-11-12T05:00,13.9,92,2055.95
2023-11-12T06:00,14.2,93,2366.46
2023-11-12T07:00,14.9,90,2682.74
2023-11-12T08:00,17.1,81,2857.92
2023-11-12T09:00,19.5,72,2940.13
2023-11-12T10:00,21.7,64,3004.26
2023-11-12T11:00,23.4,55,2974.08
2023-11-12T12:00,24.4,50,2873.41
2023-11-12T13:00,25.0,48,2687.65
2023-11-12T14:00,25.1,48,2495.53
2023-11-12T15:00,25.0,47,2387.41
2023-11-12T16:00,24.0,53,2394.21
2023-11-12T17:00,20.9,66,2716.44
2023-11-12T18:00,20.5,67,2998.57
2023-11-12T19:00,19.2,72,2761.95
2023-11-12T20:00,17.9,78,2570.05
2023-11-12T21:00,17.3,80,2488.54
2023-11-12T22:00,16.9,81,2358.02
2023-11-12T23:00,16.4,83,2228.17
2023-11-13T00:00,15.9,84,1981.74
2023-11-13T01:00,15.3,86,1840.41
2023-11-13T02:00,14.5,89,1759.12
2023-11-13T03:00,13.7,92,1740.36
2023-11-13T04:00,13.4,92,1809.64
2023-11-13T05:00,13.2,92,1988.9
2023-11-13T06:00,13.5,94,2223.83
2023-11-13T07:00,14.6,90,2518.57
2023-11-13T08:00,17.2,81,2663.74
2023-11-13T09:00,20.0,71,2793.52
2023-11-13T10:00,22.5,62,2857.01
2023-11-13T11:00,24.1,52,2825.64
2023-11-13T12:00,25.0,48,2728.72
2023-11-13T13:00,25.5,46,2592.13
2023-11-13T14:00,25.6,45,2455.7
2023-11-13T15:00,25.2,46,2355.59
2023-11-13T16:00,24.2,52,2341.17
2023-11-13T17:00,22.5,57,2597.69
2023-11-13T18:00,20.4,72,2779.28
2023-11-13T19:00,19.5,77,2708.89
2023-11-13T20:00,18.5,80,2574.03
2023-11-13T21:00,18.0,81,2431.62
2023-11-13T22:00,16.9,85,2224.39
2023-11-13T23:00,16.2,87,2045.85
2023-11-14T00:00,15.9,87,1811.13
2023-11-14T01:00,16.0,85,1696.53
2023-11-14T02:00,15.6,86,1640.46
2023-11-14T03:00,15.7,83,1627.5
2023-11-14T04:00,15.3,84,1713.53
2023-11-14T05:00,14.1,89,1926.53
2023-11-14T06:00,14.3,91,2253.99
2023-11-14T07:00,15.8,84,2660.94
2023-11-14T08:00,18.0,76,2885.88
2023-11-14T09:00,20.3,68,3058.0
2023-11-14T10:00,22.5,62,3199.55
2023-11-14T11:00,24.0,52,3167.42
2023-11-14T12:00,24.8,45,3057.55
2023-11-14T13:00,25.1,43,2818.96
2023-11-14T14:00,25.2,43,2762.62
2023-11-14T15:00,25.0,44,2737.63
2023-11-14T16:00,23.9,50,2659.08
2023-11-14T17:00,20.4,64,2876.87
2023-11-14T18:00,19.0,71,3028.27
2023-11-14T19:00,18.2,76,2882.24
2023-11-14T20:00,17.5,76,2701.67
2023-11-14T21:00,16.6,78,2521.48
2023-11-14T22:00,16.0,79,2297.61
2023-11-14T23:00,15.8,79,2130.95
2023-11-15T00:00,15.1,82,1856.12
2023-11-15T01:00,14.3,87,1729.27
2023-11-15T02:00,14.0,87,1668.52
2023-11-15T03:00,13.7,88,1661.14
2023-11-15T04:00,13.5,89,1748.63
2023-11-15T05:00,13.1,91,1996.19
2023-11-15T06:00,13.4,91,2389.47
2023-11-15T07:00,14.1,88,2870.26
2023-11-15T08:00,16.7,79,3171.77
2023-11-15T09:00,19.5,70,3434.36
2023-11-15T10:00,22.0,62,3538.4
2023-11-15T11:00,23.9,54,3432.72
2023-11-15T12:00,24.9,48,3253.55
2023-11-15T13:00,25.5,44,2951.09
2023-11-15T14:00,25.7,42,2889.6
2023-11-15T15:00,25.4,42,2860.64
2023-11-15T16:00,24.2,49,2842.47
2023-11-15T17:00,20.1,65,3043.92
2023-11-15T18:00,19.7,71,3202.94
2023-11-15T19:00,18.5,76,3055.46
2023-11-15T20:00,17.6,77,2818.61
2023-11-15T21:00,17.1,78,2589.73
2023-11-15T22:00,16.1,82,2371.62
2023-11-15T23:00,15.4,84,2238.74
2023-11-16T00:00,15.2,84,1934.5
2023-11-16T01:00,14.6,86,1795.74
2023-11-16T02:00,14.2,88,1730.04
2023-11-16T03:00,13.8,89,1720.17
2023-11-16T04:00,13.2,92,1789.58
2023-11-16T05:00,13.0,91,2018.76
2023-11-16T06:00,13.1,91,2439.91
2023-11-16T07:00,14.5,86,2903.22
2023-11-16T08:00,17.1,76,3149.81
2023-11-16T09:00,20.2,66,3357.21
2023-11-16T10:00,22.7,57,3512.9
2023-11-16T11:00,24.4,53,3512.73
2023-11-16T12:00,25.4,48,3433.42
2023-11-16T13:00,26.0,44,3154.82
2023-11-16T14:00,26.2,42,3151.8
2023-11-16T15:00,26.0,42,3108.92
2023-11-16T16:00,24.9,49,3116.41
2023-11-16T17:00,21.9,60,3327.27
2023-11-16T18:00,23.1,58,3430.38
2023-11-16T19:00,21.7,66,3247.93
2023-11-16T20:00,21.6,67,2962.93
2023-11-16T21:00,21.7,65,2677.51
2023-11-16T22:00,21.1,66,2484.97
2023-11-17T00:00,16.0,89,1992.81
2023-11-17T01:00,17.2,83,1849.1
2023-11-17T02:00,17.4,82,1772.96
2023-11-17T03:00,16.1,87,1748.36
2023-11-17T04:00,15.0,91,1844.26
2023-11-17T05:00,14.5,93,2098.72
2023-11-17T06:00,14.3,94,2551.57
2023-11-17T07:00,15.4,94,3085.41
2023-11-17T08:00,18.4,82,3352.17
2023-11-17T09:00,21.5,72,3595.42
2023-11-17T10:00,24.0,63,3768.82
2023-11-17T11:00,25.5,54,3723.47
2023-11-17T12:00,26.3,47,3707.2
2023-11-17T13:00,26.8,44,3283.74
2023-11-17T14:00,26.8,44,3156.89
2023-11-17T15:00,26.6,44,3126.88
2023-11-17T16:00,25.5,50,3185.78
2023-11-17T17:00,22.5,62,3404.71
2023-11-17T18:00,24.0,55,3506.12
2023-11-17T19:00,21.2,68,3318.67
2023-11-17T20:00,19.7,72,2999.86
2023-11-17T21:00,19.7,70,2713.62
2023-11-17T22:00,18.3,78,2488.3
2023-11-17T23:00,18.2,79,2311.92
2023-11-18T00:00,16.8,85,2037.05
2023-11-18T01:00,16.9,82,1887.86
2023-11-18T02:00,16.3,85,1815.79
2023-11-18T03:00,15.7,88,1786.71
2023-11-18T04:00,15.5,89,1874.63
2023-11-18T05:00,14.8,93,2095.94
2023-11-18T06:00,14.6,94,2484.61
2023-11-18T07:00,15.1,93,2917.86
2023-11-18T08:00,17.7,83,3146.23
2023-11-18T09:00,21.0,72,3340.78
2023-11-18T10:00,23.6,60,3540.74
2023-11-18T11:00,25.1,51,3499.99
2023-11-18T12:00,25.9,47,3390.53
2023-11-18T13:00,26.2,44,3103.29
2023-11-18T14:00,26.2,44,3058.96
2023-11-18T15:00,25.8,43,3001.51
2023-11-18T16:00,24.8,48,3018.18
2023-11-18T17:00,21.5,60,3238.29
2023-11-18T18:00,20.6,67,3332.84
2023-11-18T19:00,21.2,62,3156.81
2023-11-18T20:00,19.3,70,2888.05
2023-11-18T21:00,18.9,72,2630.91
2023-11-18T22:00,18.2,75,2452.97
2023-11-19T00:00,16.5,80,1988.92
2023-11-19T01:00,16.0,81,1844.0
2023-11-19T02:00,15.8,82,1774.2
2023-11-19T03:00,15.4,84,1738.44
2023-11-19T04:00,14.6,88,1820.25
2023-11-19T05:00,13.9,91,2027.09
2023-11-19T06:00,14.1,92,2321.06
2023-11-19T07:00,15.4,90,2740.08
2023-11-19T08:00,18.6,78,2984.19
2023-11-19T09:00,21.8,64,3203.01
2023-11-19T10:00,23.8,55,3389.29
2023-11-19T11:00,25.1,50,3426.52
2023-11-19T12:00,25.5,47,3334.37
2023-11-19T13:00,25.7,46,3076.91
2023-11-19T14:00,25.6,45,2925.95
2023-11-19T15:00,25.4,46,2774.64
2023-11-19T16:00,24.6,50,2691.88
2023-11-19T17:00,21.4,63,2854.66
2023-11-19T18:00,20.9,58,3050.07
2023-11-19T19:00,22.0,51,2908.81
2023-11-19T20:00,20.7,57,2708.11
2023-11-19T21:00,20.3,60,2484.57
2023-11-19T22:00,19.8,61,2278.94
2023-11-19T23:00,19.7,59,2080.17
2023-11-20T00:00,19.9,56,1860.34
2023-11-20T01:00,20.1,54,1725.06
2023-11-20T02:00,19.7,55,1675.32
2023-11-20T03:00,16.7,67,1707.63
2023-11-20T04:00,14.5,80,1879.92
2023-11-20T05:00,13.4,89,2237.48
2023-11-20T06:00,13.6,92,2833.79
2023-11-20T07:00,14.7,90,3099.68
2023-11-20T08:00,17.4,78,3145.24
2023-11-20T09:00,20.5,67,3313.1
2023-11-20T10:00,22.9,56,3466.39
2023-11-20T11:00,24.4,47,3439.97
2023-11-20T12:00,25.2,43,3339.79
2023-11-20T13:00,25.5,42,3077.07
2023-11-20T14:00,25.5,42,3098.08
2023-11-20T15:00,25.2,43,3066.54
2023-11-20T16:00,24.2,47,3069.34
2023-11-20T17:00,20.3,64,3270.25
2023-11-20T18:00,19.3,71,3390.78
2023-11-20T19:00,18.4,75,3210.56
2023-11-20T20:00,18.3,75,2988.81
2023-11-20T21:00,18.0,75,2763.37
2023-11-20T22:00,17.0,78,2529.79
2023-11-20T23:00,16.4,81,2337.06
2023-11-21T00:00,15.6,85,2208.45
2023-11-21T01:00,14.8,89,2132.01
2023-11-21T02:00,13.9,91,2084.04
2023-11-21T03:00,14.0,90,2080.21
2023-11-21T04:00,13.8,91,2163.37
2023-11-21T05:00,13.5,92,2413.43
2023-11-21T06:00,13.6,92,2894.24
2023-11-21T07:00,14.2,90,3103.25
2023-11-21T08:00,16.7,80,3139.22
2023-11-21T09:00,19.4,68,3197.91
2023-11-21T10:00,21.9,60,3411.79
2023-11-21T11:00,23.9,52,3560.91
2023-11-21T12:00,24.9,45,3493.33
2023-11-21T13:00,25.2,43,3233.05
2023-11-21T14:00,25.2,42,3268.09
2023-11-21T15:00,24.8,43,3264.69
2023-11-21T16:00,23.8,48,3276.12
2023-11-21T17:00,21.3,57,3449.84
2023-11-21T18:00,20.4,66,3532.69
2023-11-21T19:00,19.5,69,3373.45
2023-11-21T20:00,18.8,68,3030.64
2023-11-21T21:00,18.2,67,2794.05
2023-11-21T22:00,17.4,69,2556.97
2023-11-21T23:00,16.7,71,2370.99
2023-11-22T00:00,16.2,71,2110.51
2023-11-22T01:00,15.6,71,1988.33
2023-11-22T02:00,15.0,72,1927.73
2023-11-22T03:00,14.5,73,1908.68
2023-11-22T04:00,14.0,74,2018.7
2023-11-22T05:00,13.6,76,2382.87
2023-11-22T06:00,13.1,80,3068.49
2023-11-22T07:00,13.4,79,3396.5
2023-11-22T08:00,15.7,71,3422.8
2023-11-22T09:00,18.3,62,3535.91
2023-11-22T10:00,20.8,55,3646.3
2023-11-22T11:00,22.8,49,3662.03
2023-11-22T12:00,24.0,44,3514.85
2023-11-22T13:00,24.6,43,3261.67
2023-11-22T14:00,24.8,42,3284.85
2023-11-22T15:00,24.4,43,3250.37
2023-11-22T16:00,23.2,48,3248.17
2023-11-22T17:00,20.4,58,3384.14
2023-11-22T18:00,19.3,63,3544.37
2023-11-22T19:00,17.8,70,3388.06
2023-11-22T20:00,16.4,77,3105.22
2023-11-22T21:00,15.6,81,2843.97
2023-11-22T22:00,15.7,78,2617.84
2023-11-22T23:00,15.6,77,2436.39
2023-11-23T00:00,15.5,76,2159.87
2023-11-23T01:00,15.6,75,2021.09
2023-11-23T02:00,14.9,77,1954.65
2023-11-23T03:00,13.2,85,1938.72
2023-11-23T04:00,12.8,86,2056.95
2023-11-23T05:00,11.7,91,2414.2
2023-11-23T06:00,11.3,95,3094.69
2023-11-23T07:00,11.9,95,3429.68
2023-11-23T08:00,15.0,83,3445.89
2023-11-23T09:00,18.6,69,3529.18
2023-11-23T10:00,21.3,58,3600.83
2023-11-23T11:00,23.0,50,3600.49
2023-11-23T12:00,24.0,46,3482.0
2023-11-23T13:00,24.5,44,3237.23
2023-11-23T14:00,24.8,43,3273.56
2023-11-23T15:00,24.6,43,3219.04
2023-11-23T16:00,23.9,45,3236.25
2023-11-23T17:00,22.7,50,3494.38
2023-11-23T18:00,19.1,68,3620.51
2023-11-23T19:00,19.5,65,3450.05
2023-11-23T20:00,17.8,71,3147.6
2023-11-23T21:00,17.2,71,2880.51
2023-11-23T22:00,15.5,78,2698.53
2023-11-24T00:00,14.8,80,2152.43
2023-11-24T01:00,14.2,84,2021.73
2023-11-24T02:00,13.4,87,1957.08
2023-11-24T03:00,13.4,87,1933.32
2023-11-24T04:00,15.1,78,2115.8
2023-11-24T05:00,15.6,76,2374.55
2023-11-24T06:00,15.2,77,2858.78
2023-11-24T07:00,14.9,78,3365.97
2023-11-24T08:00,16.3,75,3453.36
2023-11-24T09:00,19.7,64,3661.33
2023-11-24T10:00,22.3,55,3880.91
2023-11-24T11:00,23.8,49,3878.29
2023-11-24T12:00,24.6,46,3765.63
2023-11-24T13:00,25.1,45,3337.03
2023-11-24T14:00,25.1,44,3291.34
2023-11-24T15:00,24.8,44,3251.39
2023-11-24T16:00,23.5,53,3243.7
2023-11-24T17:00,20.0,66,3461.54
2023-11-24T18:00,20.0,67,3541.94
2023-11-24T19:00,18.3,75,3374.54
2023-11-24T20:00,17.0,82,3085.47
2023-11-24T21:00,16.5,82,2821.7
2023-11-24T22:00,15.9,81,2588.11
2023-11-24T23:00,15.0,83,2422.89
2023-11-25T00:00,14.0,86,2138.62
2023-11-25T01:00,13.5,86,2002.68
2023-11-25T02:00,13.4,87,1933.36
2023-11-25T03:00,13.3,89,1925.76
2023-11-25T04:00,12.9,91,2031.59
2023-11-25T05:00,12.6,92,2315.51
2023-11-25T06:00,12.4,94,2828.1
2023-11-25T07:00,12.6,94,3122.78
2023-11-25T08:00,15.2,83,3184.42
2023-11-25T09:00,18.5,71,3482.41
2023-11-25T10:00,21.5,60,3665.8
2023-11-25T11:00,23.5,51,3637.72
2023-11-25T12:00,24.7,44,3496.53
2023-11-25T13:00,25.2,41,3224.48
2023-11-25T14:00,25.3,40,3182.94
2023-11-25T15:00,24.9,40,3098.29
2023-11-25T16:00,23.4,52,3087.84
2023-11-25T17:00,20.6,58,3323.43
2023-11-25T18:00,21.2,59,3410.16
2023-11-25T19:00,20.4,62,3187.21
2023-11-25T20:00,20.5,60,2953.11
2023-11-25T21:00,19.9,62,2730.28
2023-11-25T22:00,19.4,64,2509.49
2023-11-25T23:00,16.3,77,2280.8
2023-11-26T00:00,15.4,82,2082.28
2023-11-26T01:00,16.0,80,1939.33
2023-11-26T02:00,16.3,78,1868.69
2023-11-26T03:00,15.2,84,1850.44
2023-11-26T04:00,14.3,90,1950.75
2023-11-26T05:00,14.2,90,2151.52
2023-11-26T06:00,14.3,89,2452.89
2023-11-26T07:00,14.9,85,2881.68
2023-11-26T08:00,17.3,74,3187.3
2023-11-26T09:00,20.1,65,3436.96
2023-11-26T10:00,22.2,58,3684.39
2023-11-26T11:00,23.8,50,3750.67
2023-11-26T12:00,24.8,45,3595.41
2023-11-26T13:00,25.2,41,3304.62
2023-11-26T14:00,25.5,40,3179.08
2023-11-26T15:00,25.1,41,3035.69
2023-11-26T16:00,23.8,47,3001.96
2023-11-26T17:00,21.2,57,3137.33
2023-11-26T18:00,20.3,66,3195.49
2023-11-26T19:00,19.2,72,3076.22
2023-11-26T20:00,18.7,73,2864.44
2023-11-26T21:00,18.4,73,2646.46
2023-11-26T22:00,18.1,74,2455.12
2023-11-26T23:00,17.3,77,2240.77
2023-11-27T00:00,17.1,77,2054.37
2023-11-27T01:00,16.3,81,1912.81
2023-11-27T02:00,16.2,82,1847.7
2023-11-27T03:00,16.1,82,1844.46
2023-11-27T04:00,15.9,85,1944.99
2023-11-27T05:00,17.0,79,2188.1
2023-11-27T06:00,16.5,83,2579.12
2023-11-27T07:00,16.7,83,3025.64
2023-11-27T08:00,17.7,79,3364.47
2023-11-27T09:00,18.8,76,3628.33
2023-11-27T10:00,19.7,72,3832.24
2023-11-27T11:00,20.0,73,3748.35
2023-11-27T12:00,22.4,64,3554.57
2023-11-27T13:00,23.9,47,3236.39
2023-11-27T14:00,24.0,43,3160.89
2023-11-27T15:00,23.4,46,3075.86
2023-11-27T16:00,22.0,54,3085.45
2023-11-27T17:00,19.4,70,3288.4
2023-11-27T18:00,18.1,82,3332.79
2023-11-27T19:00,17.4,90,3182.16
2023-11-27T20:00,17.1,92,2919.7
2023-11-27T21:00,16.7,90,2701.95
2023-11-27T22:00,17.0,86,2482.46
2023-11-27T23:00,15.7,93,2261.9
2023-11-28T00:00,15.8,93,2070.43
2023-11-28T01:00,15.8,93,1942.11
2023-11-28T02:00,15.4,95,1884.0
2023-11-28T03:00,15.1,96,1864.49
2023-11-28T04:00,15.1,96,1956.64
2023-11-28T05:00,15.9,95,2308.67
2023-11-28T06:00,15.6,94,3034.11
2023-11-28T07:00,15.3,97,3400.75
2023-11-28T08:00,17.1,88,3463.67
2023-11-28T09:00,18.6,80,3607.97
2023-11-28T10:00,20.2,67,3751.23
2023-11-28T11:00,19.6,72,3683.38
2023-11-28T12:00,18.4,86,3521.14
2023-11-28T13:00,18.8,83,3150.3
2023-11-28T14:00,19.7,78,3176.48
2023-11-28T15:00,20.6,72,3119.14
2023-11-28T16:00,20.2,74,3116.23
2023-11-28T17:00,17.9,88,3345.16
2023-11-28T18:00,18.1,90,3470.67
2023-11-28T19:00,17.8,92,3296.61
2023-11-28T20:00,17.7,94,2993.92
2023-11-28T21:00,17.2,96,2687.89
2023-11-28T22:00,16.7,96,2451.07
2023-11-28T23:00,15.9,97,2279.43
2023-11-29T00:00,15.2,98,1930.13
2023-11-29T01:00,14.7,98,1771.06
2023-11-29T02:00,14.3,98,1688.15
2023-11-29T03:00,13.9,98,1641.96
2023-11-29T04:00,13.7,98,1736.39
2023-11-29T05:00,13.4,98,2142.18
2023-11-29T06:00,13.9,97,3002.97
2023-11-29T07:00,14.1,98,3425.64
2023-11-29T08:00,16.5,90,3528.97
2023-11-29T09:00,19.0,80,3677.36
2023-11-29T10:00,21.6,68,3816.41
2023-11-29T11:00,23.3,58,3727.37
2023-11-29T12:00,24.2,53,3534.92
2023-11-29T13:00,24.4,52,3274.99
2023-11-29T14:00,24.3,52,3296.95
2023-11-29T15:00,24.1,52,3224.97
2023-11-29T16:00,23.3,57,3209.97
2023-11-29T17:00,22.4,58,3431.27
2023-11-29T18:00,19.0,82,3535.28
2023-11-29T19:00,18.1,87,3340.13
2023-11-29T20:00,17.7,88,3024.21
2023-11-29T21:00,18.3,84,2719.86
2023-11-29T22:00,18.3,83,2463.48
2023-11-29T23:00,16.1,91,2252.65
2023-11-30T00:00,17.7,84,1951.81
2023-11-30T01:00,17.5,85,1784.69
2023-11-30T02:00,16.4,90,1710.33
2023-11-30T03:00,15.0,94,1679.08
2023-11-30T04:00,14.2,96,1764.56
2023-11-30T05:00,14.1,96,2152.7
2023-11-30T06:00,15.9,94,2955.25
2023-11-30T07:00,15.6,90,3379.29
2023-11-30T08:00,17.0,89,3472.83
2023-11-30T09:00,18.2,84,3616.23
2023-11-30T10:00,19.2,74,3758.82
2023-11-30T11:00,20.9,69,3710.22
2023-11-30T12:00,21.3,68,3576.11
2023-11-30T13:00,21.7,66,3239.8
2023-11-30T14:00,21.6,66,3287.43
2023-11-30T15:00,21.4,66,3236.5
2023-11-30T16:00,20.9,68,3240.45
2023-11-30T17:00,19.2,77,3444.08
2023-11-30T18:00,18.6,84,3522.84
2023-11-30T19:00,17.5,91,3347.57
2023-11-30T20:00,16.4,95,3032.62
2023-11-30T21:00,16.3,95,2730.83
2023-11-30T22:00,15.9,95,2477.02
2023-11-30T23:00,15.0,97,2300.76
2023-12-01T00:00,14.9,97,1954.99
2023-12-01T01:00,14.8,97,1796.78
2023-12-01T02:00,14.4,97,1730.82
2023-12-01T03:00,14.5,97,1687.52
2023-12-01T04:00,14.0,97,1773.81
2023-12-01T05:00,13.8,97,2195.69
2023-12-01T06:00,15.8,96,3039.81
2023-12-01T07:00,15.9,94,3524.13
2023-12-01T08:00,17.3,89,3635.36
2023-12-01T09:00,18.7,82,3776.78
2023-12-01T10:00,20.6,74,3938.86
2023-12-01T11:00,22.2,68,3910.9
2023-12-01T12:00,23.3,63,3763.17
2023-12-01T13:00,24.0,58,3380.67
2023-12-01T14:00,24.2,55,3344.55
2023-12-01T15:00,23.9,54,3274.26
2023-12-01T16:00,23.1,58,3255.33
2023-12-01T17:00,20.2,71,3476.91
2023-12-01T18:00,19.3,82,3560.78
2023-12-01T19:00,18.8,82,3356.31
2023-12-01T20:00,18.1,85,3048.7
2023-12-01T21:00,17.7,86,2739.86
2023-12-01T22:00,16.9,88,2526.69
2023-12-02T00:00,15.6,92,1976.06
2023-12-02T01:00,14.8,94,1826.45
2023-12-02T02:00,14.3,95,1732.9
2023-12-02T03:00,13.9,96,1697.95
2023-12-02T04:00,13.6,96,1781.42
2023-12-02T05:00,13.2,96,2126.65
2023-12-02T06:00,14.2,97,2788.12
2023-12-02T07:00,14.6,97,3247.09
2023-12-02T08:00,16.4,91,3380.79
2023-12-02T09:00,18.9,81,3538.95
2023-12-02T10:00,21.4,70,3658.97
2023-12-02T11:00,23.0,61,3595.22
2023-12-02T12:00,23.8,55,3401.87
2023-12-02T13:00,24.2,51,3054.07
2023-12-02T14:00,24.2,50,3078.64
2023-12-02T15:00,24.0,50,3031.93
2023-12-02T16:00,23.0,56,3024.06
2023-12-02T17:00,20.0,68,3237.05
2023-12-02T18:00,19.0,74,3324.32
2023-12-02T19:00,18.1,78,3188.55
2023-12-02T20:00,16.9,83,2925.59
2023-12-02T21:00,16.2,85,2687.64
2023-12-02T22:00,15.4,88,2478.88
2023-12-02T23:00,14.8,89,2291.07
2023-12-03T00:00,14.0,91,2016.12
2023-12-03T01:00,13.4,92,1856.86
2023-12-03T02:00,13.1,92,1784.05
2023-12-03T03:00,12.5,93,1743.53
2023-12-03T04:00,12.2,94,1802.4
2023-12-03T05:00,12.5,93,2011.94
2023-12-03T06:00,13.1,95,2400.38
2023-12-03T07:00,12.8,97,2898.39
2023-12-03T08:00,15.5,89,3258.11
2023-12-03T09:00,18.3,79,3531.01
2023-12-03T10:00,20.9,68,3763.0
2023-12-03T11:00,22.6,58,3771.28
2023-12-03T12:00,23.8,49,3601.19
2023-12-03T13:00,24.4,45,3303.85
2023-12-03T14:00,24.5,42,3131.59
2023-12-03T15:00,24.2,43,3008.85
2023-12-03T16:00,22.9,52,2967.2
2023-12-03T17:00,19.9,63,3179.39
2023-12-03T18:00,20.2,68,3235.56
2023-12-03T19:00,20.5,63,3091.38
2023-12-03T20:00,19.0,72,2874.33
2023-12-03T21:00,18.1,80,2645.2
2023-12-03T22:00,17.7,84,2437.24
2023-12-03T23:00,17.1,85,2226.44
2023-12-04T00:00,16.6,85,1981.88
2023-12-04T01:00,15.9,85,1845.85
2023-12-04T02:00,15.5,84,1777.84
2023-12-04T03:00,14.4,88,1748.44
2023-12-04T04:00,13.7,89,1846.69
2023-12-04T05:00,14.2,85,2231.76
2023-12-04T06:00,14.7,94,3043.05
2023-12-04T07:00,14.8,94,3431.48
2023-12-04T08:00,16.4,87,3523.89
2023-12-04T09:00,18.2,75,3649.31
2023-12-04T10:00,19.8,65,3757.73
2023-12-04T11:00,21.4,53,3710.42
2023-12-04T12:00,22.3,47,3543.54
2023-12-04T13:00,22.8,46,3191.94
2023-12-04T14:00,22.9,45,3228.6
2023-12-04T15:00,22.6,46,3172.97
2023-12-04T16:00,21.8,50,3151.56
2023-12-04T17:00,19.5,59,3383.43
2023-12-04T18:00,19.4,64,3465.4
2023-12-04T19:00,20.0,58,3306.36
2023-12-04T20:00,16.6,74,3036.07
2023-12-04T21:00,15.0,86,2750.52
2023-12-04T22:00,14.3,90,2522.16
2023-12-04T23:00,13.7,91,2374.99
2023-12-05T00:00,13.0,92,2037.04
2023-12-05T01:00,12.8,90,1897.4
2023-12-05T02:00,12.5,90,1825.88
2023-12-05T03:00,12.3,91,1802.04
2023-12-05T04:00,11.5,92,1884.65
2023-12-05T05:00,11.9,90,2277.4
2023-12-05T06:00,11.9,95,3088.57
2023-12-05T07:00,12.7,93,3515.04
2023-12-05T08:00,14.8,85,3574.32
2023-12-05T09:00,17.2,77,3668.52
2023-12-05T10:00,19.5,68,3772.07
2023-12-05T11:00,21.4,57,3698.01
2023-12-05T12:00,22.5,48,3514.47
2023-12-05T13:00,23.1,44,3222.98
2023-12-05T14:00,23.2,42,3234.33
2023-12-05T15:00,22.9,43,3173.36
2023-12-05T16:00,21.6,49,3142.93
2023-12-05T17:00,18.4,61,3360.94
2023-12-05T18:00,17.8,66,3502.65
2023-12-05T19:00,16.8,69,3312.68
2023-12-05T20:00,15.9,73,3018.53
2023-12-05T21:00,15.1,76,2715.87
2023-12-05T22:00,14.7,77,2445.12
2023-12-05T23:00,14.3,79,2196.13
2023-12-06T00:00,13.8,81,1913.96
2023-12-06T01:00,13.3,83,1748.35
2023-12-06T02:00,12.8,85,1669.15
2023-12-06T03:00,12.4,87,1645.58
2023-12-06T04:00,12.1,88,1741.49
2023-12-06T05:00,11.9,90,2165.75
2023-12-06T06:00,11.7,94,3051.5
2023-12-06T07:00,11.7,95,3520.61
2023-12-06T08:00,14.0,88,3561.88
2023-12-06T09:00,16.5,80,3680.16
2023-12-06T10:00,18.8,72,3815.29
2023-12-06T11:00,20.9,64,3696.31
2023-12-06T12:00,22.4,56,3518.38
2023-12-06T13:00,23.3,47,3226.22
2023-12-06T14:00,23.6,45,3197.47
2023-12-06T15:00,23.3,45,3206.48
2023-12-06T16:00,21.8,57,3229.0
2023-12-06T17:00,17.9,69,3444.18
2023-12-06T18:00,17.4,74,3545.84
2023-12-06T19:00,16.6,77,3368.99
2023-12-06T20:00,15.4,82,3042.24
2023-12-06T21:00,14.6,86,2744.44
2023-12-06T22:00,14.2,87,2488.47
2023-12-06T23:00,13.9,88,2199.87
2023-12-07T00:00,13.1,90,1934.53
2023-12-07T01:00,12.5,91,1777.4
2023-12-07T02:00,12.2,92,1688.79
2023-12-07T03:00,11.9,93,1653.39
2023-12-07T04:00,11.6,94,1749.78
2023-12-07T05:00,11.6,94,2168.83
2023-12-07T06:00,11.6,97,3027.12
2023-12-07T07:00,12.0,97,3459.36
2023-12-07T08:00,14.2,91,3545.0
2023-12-07T09:00,17.1,82,3673.48
2023-12-07T10:00,19.7,72,3762.17
2023-12-07T11:00,21.7,63,3682.91
2023-12-07T12:00,23.2,55,3506.94
2023-12-07T13:00,23.9,49,3200.79
2023-12-07T14:00,24.1,46,3247.97
2023-12-07T15:00,23.7,46,3228.31
2023-12-07T16:00,22.3,53,3221.47
2023-12-07T17:00,19.1,65,3474.45
2023-12-07T18:00,18.7,67,3571.71
2023-12-07T19:00,17.6,70,3379.21
2023-12-07T20:00,16.3,75,3053.91
2023-12-07T21:00,15.1,81,2733.36
2023-12-07T22:00,14.1,86,2470.28
2023-12-07T23:00,13.5,88,2256.84
2023-12-08T00:00,13.2,88,1960.83
2023-12-08T01:00,12.8,89,1793.73
2023-12-08T02:00,12.3,91,1703.1
2023-12-08T03:00,11.9,91,1662.77
2023-12-08T04:00,11.7,92,1753.81
2023-12-08T05:00,11.4,92,2184.05
2023-12-08T06:00,11.7,94,3043.18
2023-12-08T07:00,11.9,94,3543.93
2023-12-08T08:00,14.0,85,3693.72
2023-12-08T09:00,16.8,76,3836.75
2023-12-08T10:00,19.3,69,3986.6
2023-12-08T11:00,21.4,61,3919.96
2023-12-08T12:00,22.7,53,3758.54
2023-12-08T13:00,23.5,47,3374.46
2023-12-08T14:00,23.8,43,3312.5
2023-12-08T15:00,23.5,43,3248.96
2023-12-08T16:00,22.2,49,3234.39
2023-12-08T17:00,18.9,61,3476.7
2023-12-08T18:00,18.3,65,3560.29
2023-12-08T19:00,16.7,72,3392.84
2023-12-08T20:00,15.3,78,3044.55
2023-12-08T21:00,14.8,80,2733.97
2023-12-08T22:00,14.1,82,2529.71
2023-12-09T00:00,12.6,87,1953.78
2023-12-09T01:00,11.5,90,1798.11
2023-12-09T02:00,11.3,89,1707.63
2023-12-09T03:00,11.1,90,1661.13
2023-12-09T04:00,10.9,90,1738.88
2023-12-09T05:00,10.7,90,2020.56
2023-12-09T06:00,10.8,91,2589.0
2023-12-09T07:00,10.8,91,3148.29
2023-12-09T08:00,13.3,81,3424.84
2023-12-09T09:00,16.2,72,3679.44
2023-12-09T10:00,19.0,61,3816.35
2023-12-09T11:00,21.0,53,3741.06
2023-12-09T12:00,22.4,47,3551.9
2023-12-09T13:00,23.2,43,3186.45
2023-12-09T14:00,23.4,40,3086.37
2023-12-09T15:00,23.1,40,2985.93
2023-12-09T16:00,21.6,46,2990.84
2023-12-09T17:00,18.1,59,3236.51
2023-12-09T18:00,17.5,62,3339.07
2023-12-09T19:00,16.5,65,3192.13
2023-12-09T20:00,15.4,70,2898.5
2023-12-09T21:00,14.5,73,2627.22
2023-12-09T22:00,13.8,76,2375.82
2023-12-09T23:00,13.0,80,2175.52
2023-12-10T00:00,12.6,82,1877.87
2023-12-10T01:00,12.2,84,1720.69
2023-12-10T02:00,11.9,84,1626.92
2023-12-10T03:00,11.6,83,1589.72
2023-12-10T04:00,11.4,82,1652.68
2023-12-10T05:00,11.2,82,1879.73
2023-12-10T06:00,10.8,86,2308.26
2023-12-10T07:00,10.8,86,2869.61
2023-12-10T08:00,12.8,78,3299.01
2023-12-10T09:00,15.6,68,3615.38
2023-12-10T10:00,18.2,60,3857.75
2023-12-10T11:00,20.3,53,3846.06
2023-12-10T12:00,21.6,45,3657.33
2023-12-10T13:00,22.3,41,3267.39
2023-12-10T14:00,22.5,39,3095.12
2023-12-10T15:00,22.1,40,2921.06
2023-12-10T16:00,20.8,46,2897.26
2023-12-10T17:00,17.8,58,3103.05
2023-12-10T18:00,16.8,64,3212.87
2023-12-10T19:00,15.7,69,3116.0
2023-12-10T20:00,14.9,72,2974.51
2023-12-10T21:00,14.0,76,2798.07
2023-12-10T22:00,13.2,79,2626.04
2023-12-11T00:00,11.4,86,2126.18
2023-12-11T01:00,10.4,89,1997.88
2023-12-11T02:00,10.1,89,1924.55
2023-12-11T03:00,9.8,89,1908.29
2023-12-11T04:00,10.0,89,1993.06
2023-12-11T05:00,9.9,90,2373.69
2023-12-11T06:00,9.1,95,3134.45
2023-12-11T07:00,9.1,95,3517.85
2023-12-11T08:00,11.9,86,3607.54
2023-12-11T09:00,15.6,74,3692.73
2023-12-11T10:00,18.4,63,3804.2
2023-12-11T11:00,20.3,53,3784.54
2023-12-11T12:00,21.4,47,3562.41
2023-12-11T13:00,22.1,43,3235.32
2023-12-11T14:00,22.3,40,3210.42
2023-12-11T15:00,21.9,40,3179.12
2023-12-11T16:00,20.4,56,3169.83
2023-12-11T17:00,20.0,47,3405.34
2023-12-11T18:00,19.5,48,3526.84
2023-12-11T19:00,18.4,53,3359.48
2023-12-11T20:00,16.7,61,3083.75
2023-12-11T21:00,13.6,74,2786.3
2023-12-11T22:00,12.3,78,2571.92
2023-12-12T00:00,10.8,83,1890.95
2023-12-12T01:00,10.4,85,1720.12
2023-12-12T02:00,10.3,86,1646.01
2023-12-12T03:00,10.0,87,1618.02
2023-12-12T04:00,9.9,87,1725.48
2023-12-12T05:00,9.6,89,2194.81
2023-12-12T06:00,9.3,91,3152.99
2023-12-12T07:00,9.4,92,3626.2
2023-12-12T08:00,12.7,81,3733.97
2023-12-12T09:00,15.8,71,3845.88
2023-12-12T10:00,18.5,62,3912.65
2023-12-12T11:00,20.5,56,3811.5
2023-12-12T12:00,21.7,52,3618.59
2023-12-12T13:00,22.3,49,3255.74
2023-12-12T14:00,22.8,44,3254.48
2023-12-12T15:00,22.8,42,3204.1
2023-12-12T16:00,21.4,68,3198.92
2023-12-12T17:00,20.7,51,3457.89
2023-12-12T18:00,19.4,52,3587.79
2023-12-12T19:00,18.5,55,3421.91
2023-12-12T20:00,17.7,59,3112.22
2023-12-12T21:00,13.5,79,2798.8
2023-12-12T22:00,12.7,84,2515.26
2023-12-12T23:00,13.9,76,2316.11
2023-12-13T00:00,13.3,77,1897.1
2023-12-13T01:00,13.0,77,1734.14
2023-12-13T02:00,12.1,81,1650.24
2023-12-13T03:00,11.5,83,1620.46
2023-12-13T04:00,11.4,82,1732.17
2023-12-13T05:00,12.5,77,2183.2
2023-12-13T06:00,12.3,84,3127.74
2023-12-13T07:00,10.4,90,3661.39
2023-12-13T08:00,13.1,83,3803.34
2023-12-13T09:00,16.3,73,3947.79
2023-12-13T10:00,18.9,64,3976.75
2023-12-13T11:00,20.8,55,3775.3
2023-12-13T12:00,21.9,49,3546.42
2023-12-13T13:00,22.6,44,3208.77
2023-12-13T14:00,22.8,41,3198.86
2023-12-13T15:00,22.5,41,3136.72
2023-12-13T16:00,21.3,46,3237.84
2023-12-13T17:00,17.4,61,3509.96
2023-12-13T18:00,17.3,55,3579.12
2023-12-13T19:00,16.2,58,3299.85
2023-12-13T20:00,14.9,64,3028.64
2023-12-13T21:00,14.0,67,2715.44
2023-12-13T22:00,13.1,71,2434.3
2023-12-13T23:00,12.4,75,2219.07
2023-12-14T00:00,11.6,80,1878.31
2023-12-14T01:00,10.6,85,1678.97
2023-12-14T02:00,10.4,86,1605.49
2023-12-14T03:00,10.1,87,1612.09
2023-12-14T04:00,9.9,88,1664.53
2023-12-14T05:00,9.7,89,2092.5
2023-12-14T06:00,9.9,90,2969.79
2023-12-14T07:00,9.9,90,3471.35
2023-12-14T08:00,12.1,82,3573.77
2023-12-14T09:00,14.9,72,3671.98
2023-12-14T10:00,17.6,62,3755.18
2023-12-14T11:00,19.7,53,3654.83
2023-12-14T12:00,21.1,45,3459.63
2023-12-14T13:00,21.9,41,3125.59
2023-12-14T14:00,22.1,40,3143.83
2023-12-14T15:00,21.8,41,3105.97
2023-12-14T16:00,20.5,48,3095.15
2023-12-14T17:00,17.4,60,3328.63
2023-12-14T18:00,16.0,67,3466.73
2023-12-14T19:00,14.5,74,3304.09
2023-12-14T20:00,13.6,77,3033.64
2023-12-14T21:00,12.9,80,2735.44
2023-12-14T22:00,12.4,81,2524.45
2023-12-15T00:00,10.8,88,1855.19
2023-12-15T01:00,9.6,91,1682.95
2023-12-15T02:00,9.3,91,1606.79
2023-12-15T03:00,9.1,92,1578.52
2023-12-15T04:00,8.9,92,1671.59
2023-12-15T05:00,8.6,93,2122.99
2023-12-15T06:00,7.5,93,3038.77
2023-12-15T07:00,7.7,94,3587.38
2023-12-15T08:00,10.5,85,3701.5
2023-12-15T09:00,14.2,71,3872.69
2023-12-15T10:00,17.3,60,3977.52
2023-12-15T11:00,19.5,49,3879.94
2023-12-15T12:00,21.0,42,3707.69
2023-12-15T13:00,21.8,39,3293.76
2023-12-15T14:00,22.1,39,3178.56
2023-12-15T15:00,21.8,40,3140.19
2023-12-15T16:00,20.3,49,2999.78
2023-12-15T17:00,17.2,59,3361.31
2023-12-15T18:00,17.7,58,3638.33
2023-12-15T19:00,14.9,70,3462.59
2023-12-15T20:00,13.4,76,3190.47
2023-12-15T21:00,12.5,80,2930.32
2023-12-15T22:00,12.8,75,2732.32
2023-12-16T00:00,10.9,79,2096.01
2023-12-16T01:00,10.4,80,1922.93
2023-12-16T02:00,9.9,82,1840.95
2023-12-16T03:00,9.9,82,1814.03
2023-12-16T04:00,9.2,85,1797.92
2023-12-16T05:00,8.2,89,2104.86
2023-12-16T06:00,7.7,92,2833.18
2023-12-16T07:00,7.9,93,3367.22
2023-12-16T08:00,10.9,83,3613.95
2023-12-16T09:00,14.8,71,3856.19
2023-12-16T10:00,18.1,58,3960.19
2023-12-16T11:00,20.4,46,3839.12
2023-12-16T12:00,21.5,42,3603.86
2023-12-16T13:00,22.2,41,3263.98
2023-12-16T14:00,22.3,39,3196.72
2023-12-16T15:00,22.0,38,3105.04
2023-12-16T16:00,20.7,43,3103.92
2023-12-16T17:00,16.3,60,3327.2
2023-12-16T18:00,17.4,53,3473.7
2023-12-16T19:00,15.1,63,3334.96
2023-12-16T20:00,15.1,63,3076.96
2023-12-16T21:00,14.1,66,2834.02
2023-12-16T22:00,12.0,75,2611.8
2023-12-17T00:00,10.3,80,1987.83
2023-12-17T01:00,10.3,79,1816.79
2023-12-17T02:00,12.1,70,1732.07
2023-12-17T03:00,12.2,70,1686.02
2023-12-17T04:00,12.0,71,1750.79
2023-12-17T05:00,11.8,72,1996.16
2023-12-17T06:00,9.5,86,2440.84
2023-12-17T07:00,9.5,87,2997.99
2023-12-17T08:00,12.1,77,3482.9
2023-12-17T09:00,16.1,64,3820.24
2023-12-17T10:00,19.0,55,4067.86
2023-12-17T11:00,20.9,46,4044.42
2023-12-17T12:00,22.0,42,3848.11
2023-12-17T13:00,22.5,40,3441.26
2023-12-17T14:00,22.6,39,3222.67
2023-12-17T15:00,22.3,39,3033.62
2023-12-17T16:00,21.1,44,2995.1
2023-12-17T17:00,17.3,60,3190.35
2023-12-17T18:00,16.8,59,3320.06
2023-12-17T19:00,15.7,63,3217.37
2023-12-17T20:00,14.5,67,3002.66
2023-12-17T21:00,13.9,69,2781.38
2023-12-17T22:00,13.0,73,2547.95
2023-12-18T00:00,11.1,84,1928.18
2023-12-18T01:00,11.0,84,1767.88
2023-12-18T02:00,10.5,86,1693.46
2023-12-18T03:00,9.9,89,1663.74
2023-12-18T04:00,9.5,90,1768.45
2023-12-18T05:00,9.3,91,2226.43
2023-12-18T06:00,9.1,93,3136.82
2023-12-18T07:00,9.1,93,3662.47
2023-12-18T08:00,11.1,84,3813.43
2023-12-18T09:00,13.7,74,3983.16
2023-12-18T10:00,16.4,64,4086.12
2023-12-18T11:00,18.7,55,3939.11
2023-12-18T12:00,20.3,47,3738.39
2023-12-18T13:00,21.2,40,3383.52
2023-12-18T14:00,21.5,36,3404.98
2023-12-18T15:00,21.2,34,3297.07
2023-12-18T16:00,20.2,38,3337.52
2023-12-18T17:00,17.5,48,3521.46
2023-12-18T18:00,15.9,56,3620.37
2023-12-18T19:00,14.9,60,3459.18
2023-12-18T20:00,14.1,61,3185.87
2023-12-18T21:00,13.4,63,2922.02
2023-12-18T22:00,12.6,65,2680.13
2023-12-19T00:00,11.6,69,1924.08
2023-12-19T01:00,11.2,71,1742.51
2023-12-19T02:00,10.8,72,1652.66
2023-12-19T03:00,10.4,73,1619.58
2023-12-19T04:00,9.9,75,1724.35
2023-12-19T05:00,9.5,77,2197.01
2023-12-19T06:00,8.7,87,3190.95
2023-12-19T07:00,8.6,87,3752.98
2023-12-19T08:00,10.4,79,3913.06
2023-12-19T09:00,13.2,69,4076.82
2023-12-19T10:00,15.9,60,4152.8
2023-12-19T11:00,18.3,54,4004.54
2023-12-19T12:00,20.0,48,3786.3
2023-12-19T13:00,21.0,43,3370.07
2023-12-19T14:00,21.5,40,3361.56
2023-12-19T15:00,21.2,41,3309.16
2023-12-19T16:00,20.0,46,3304.33
2023-12-19T17:00,17.1,57,3574.78
2023-12-19T18:00,15.8,61,3702.45
2023-12-19T19:00,14.7,64,3540.92
2023-12-19T20:00,14.0,66,3257.4
2023-12-19T21:00,13.4,67,2963.52
2023-12-19T22:00,12.7,69,2638.07
2023-12-19T23:00,12.0,71,2407.57
2023-12-20T00:00,11.4,74,1936.07
2023-12-20T01:00,10.8,76,1743.35
2023-12-20T02:00,10.2,78,1667.13
2023-12-20T03:00,10.0,79,1629.77
2023-12-20T04:00,9.7,80,1745.17
2023-12-20T05:00,9.1,84,2237.39
2023-12-20T06:00,7.9,90,3247.42
2023-12-20T07:00,7.9,89,3852.04
2023-12-20T08:00,10.0,80,4013.83
2023-12-20T09:00,12.8,70,4187.19
2023-12-20T10:00,15.5,61,4287.81
2023-12-20T11:00,17.7,54,4147.08
2023-12-20T12:00,19.2,49,3903.87
2023-12-20T13:00,20.1,46,3496.98
2023-12-20T14:00,20.4,45,3489.36
2023-12-20T15:00,20.2,46,3445.78
2023-12-20T16:00,19.2,50,3397.24
2023-12-20T17:00,16.1,63,3621.35
2023-12-20T18:00,15.5,67,3764.93
2023-12-20T19:00,14.2,74,3588.7
2023-12-20T20:00,13.3,78,3305.03
2023-12-20T21:00,12.9,80,3002.34
2023-12-20T22:00,11.9,85,2745.16
2023-12-21T00:00,11.2,86,1957.56
2023-12-21T01:00,10.7,87,1764.77
2023-12-21T02:00,9.7,91,1674.08
2023-12-21T03:00,9.3,91,1642.11
2023-12-21T04:00,9.1,92,1743.56
2023-12-21T05:00,9.0,92,2214.25
2023-12-21T06:00,8.1,95,3212.23
2023-12-21T07:00,8.5,94,3803.29
2023-12-21T08:00,10.6,86,3968.11
2023-12-21T09:00,13.2,76,4134.35
2023-12-21T10:00,15.9,67,4261.43
2023-12-21T11:00,18.6,57,4096.12
2023-12-21T12:00,20.3,50,3839.07
2023-12-21T13:00,21.2,47,3418.96
2023-12-21T14:00,21.6,45,3406.84
2023-12-21T15:00,21.3,44,3334.34
2023-12-21T16:00,20.2,49,3393.52
2023-12-21T17:00,17.0,60,3638.56
2023-12-21T18:00,16.3,65,3800.1
2023-12-21T19:00,15.1,70,3631.46
2023-12-21T20:00,13.9,76,3338.03
2023-12-21T21:00,12.4,83,3027.16
2023-12-21T22:00,11.4,88,2767.03
2023-12-22T00:00,10.2,91,1988.8
2023-12-22T01:00,9.6,92,1789.09
2023-12-22T02:00,8.9,93,1688.02
2023-12-22T03:00,8.6,94,1654.11
2023-12-22T04:00,8.0,95,1762.07
2023-12-22T05:00,8.1,95,2248.46
2023-12-22T06:00,7.5,96,3260.26
2023-12-22T07:00,7.1,97,3887.59
2023-12-22T08:00,9.8,90,4128.62
2023-12-22T09:00,13.0,79,4336.74
2023-12-22T10:00,16.0,69,4498.47
2023-12-22T11:00,18.3,59,4376.62
2023-12-22T12:00,19.9,50,4180.19
2023-12-22T13:00,20.9,45,3671.95
2023-12-22T14:00,21.4,44,3616.58
2023-12-22T15:00,21.5,44,3475.04
2023-12-22T16:00,20.4,52,3400.74
2023-12-22T17:00,16.7,66,3638.94
2023-12-22T18:00,16.6,69,3758.67
2023-12-22T19:00,15.2,75,3609.57
2023-12-22T20:00,13.8,83,3318.23
2023-12-22T21:00,14.3,80,3009.11
2023-12-22T22:00,15.1,76,2729.04
2023-12-22T23:00,12.3,87,2368.9
2023-12-23T00:00,11.4,90,2025.1
2023-12-23T01:00,11.1,91,1821.37
2023-12-23T02:00,11.1,92,1720.61
2023-12-23T03:00,11.3,91,1683.98
2023-12-23T04:00,12.6,85,1768.17
2023-12-23T05:00,11.9,91,2165.63
2023-12-23T06:00,12.3,88,2924.57
2023-12-23T07:00,11.5,88,3533.3
2023-12-23T08:00,13.2,84,3816.3
2023-12-23T09:00,15.9,75,4041.3
2023-12-23T10:00,18.3,67,4176.63
2023-12-23T11:00,19.9,59,4034.94
2023-12-23T12:00,21.0,53,3788.14
2023-12-23T13:00,21.7,48,3399.58
2023-12-23T14:00,22.1,46,3298.73
2023-12-23T15:00,21.9,45,3181.06
2023-12-23T16:00,21.0,50,3132.81
2023-12-23T17:00,16.8,68,3383.61
2023-12-23T18:00,17.3,68,3543.94
2023-12-23T19:00,19.1,60,3384.33
2023-12-23T20:00,18.2,64,3117.52
2023-12-23T21:00,16.0,74,2870.53
2023-12-23T22:00,15.5,77,2654.39
2023-12-24T00:00,15.1,78,1934.84
2023-12-24T01:00,11.0,94,1742.84
2023-12-24T02:00,10.6,95,1646.1
2023-12-24T03:00,12.6,89,1597.85
2023-12-24T04:00,12.7,88,1662.03
2023-12-24T05:00,12.5,88,1923.04
2023-12-24T06:00,11.1,92,2430.89
2023-12-24T07:00,9.7,95,3048.85
2023-12-24T08:00,12.0,92,3547.93
2023-12-24T09:00,15.2,81,3925.35
2023-12-24T10:00,18.5,68,4200.61
2023-12-24T11:00,20.6,58,4156.06
2023-12-24T12:00,21.9,52,3917.84
2023-12-24T13:00,22.6,48,3488.79
2023-12-24T14:00,22.9,46,3268.52
2023-12-24T15:00,22.7,46,3063.62
2023-12-24T16:00,21.7,51,2980.11
2023-12-24T17:00,17.5,69,3186.7
2023-12-24T18:00,17.3,74,3339.75
2023-12-24T19:00,16.5,78,3207.03
2023-12-24T20:00,15.6,82,2986.88
2023-12-24T21:00,14.7,86,2780.15
2023-12-24T22:00,13.3,90,2544.64
2023-12-25T00:00,12.2,91,1891.43
2023-12-25T01:00,11.9,92,1707.99
2023-12-25T02:00,11.5,93,1618.56
2023-12-25T03:00,11.2,94,1576.89
2023-12-25T04:00,11.0,94,1648.04
2023-12-25T05:00,10.9,94,1940.08
2023-12-25T06:00,10.7,95,2468.67
2023-12-25T07:00,10.7,95,3151.2
2023-12-25T08:00,12.4,90,3656.54
2023-12-25T09:00,15.0,81,4088.57
2023-12-25T10:00,17.7,71,4324.49
2023-12-25T11:00,19.9,61,4264.6
2023-12-25T12:00,21.5,54,3990.6
2023-12-25T13:00,22.4,50,3530.34
2023-12-25T14:00,22.9,48,3370.48
2023-12-25T15:00,22.8,47,3211.06
2023-12-25T16:00,21.9,51,3174.6
2023-12-25T17:00,17.6,70,3389.0
2023-12-25T18:00,16.9,75,3572.6
2023-12-25T19:00,15.8,79,3422.15
2023-12-25T20:00,14.9,84,3153.61
2023-12-25T21:00,14.0,87,2884.61
2023-12-25T22:00,13.2,89,2652.92
2023-12-26T00:00,11.8,92,1952.91
2023-12-26T01:00,11.3,93,1763.31
2023-12-26T02:00,10.8,94,1679.27
2023-12-26T03:00,10.1,94,1637.8
2023-12-26T04:00,9.5,95,1732.09
2023-12-26T05:00,9.6,95,2175.24
2023-12-26T06:00,10.0,94,3119.49
2023-12-26T07:00,9.7,95,3748.52
2023-12-26T08:00,11.8,89,3977.0
2023-12-26T09:00,15.0,78,4151.64
2023-12-26T10:00,17.7,67,4312.12
2023-12-26T11:00,19.9,58,4160.42
2023-12-26T12:00,21.4,52,3947.73
2023-12-26T13:00,22.3,47,3688.04
2023-12-26T14:00,22.7,44,3555.82
2023-12-26T15:00,22.5,45,3515.77
2023-12-26T16:00,21.5,52,3480.0
2023-12-26T17:00,18.4,64,3647.53
2023-12-26T18:00,16.6,73,3758.5
2023-12-26T19:00,17.0,71,3575.89
2023-12-26T20:00,16.4,73,3294.22
2023-12-26T21:00,15.4,77,3004.81
2023-12-26T22:00,14.3,80,2679.07
2023-12-26T23:00,13.2,83,2419.83
2023-12-27T00:00,11.2,90,1962.59
2023-12-27T01:00,10.9,90,1771.38
2023-12-27T02:00,12.4,84,1679.4
2023-12-27T03:00,10.4,90,1649.03
2023-12-27T04:00,9.6,93,1722.71
2023-12-27T05:00,9.2,93,2173.13
2023-12-27T06:00,8.5,95,3155.6
2023-12-27T07:00,8.7,96,3785.64
2023-12-27T08:00,10.9,92,4050.19
2023-12-27T09:00,14.2,80,4301.66
2023-12-27T10:00,17.0,69,4464.59
2023-12-27T11:00,19.0,61,4361.51
2023-12-27T12:00,20.4,56,4090.77
2023-12-27T13:00,21.2,53,3658.4
2023-12-27T14:00,21.7,51,3641.74
2023-12-27T15:00,21.6,52,3559.07
2023-12-27T16:00,20.8,55,3454.34
2023-12-27T17:00,16.6,74,3740.82
2023-12-27T18:00,14.6,86,3893.53
2023-12-27T19:00,13.9,88,3730.25
2023-12-27T20:00,13.6,89,3449.8
2023-12-27T21:00,12.9,91,3146.83
2023-12-27T22:00,12.5,92,2793.35
2023-12-27T23:00,12.2,92,2505.82
2023-12-28T00:00,11.9,93,2017.75
2023-12-28T01:00,11.6,94,1813.81
2023-12-28T02:00,11.3,95,1705.19
2023-12-28T03:00,10.8,96,1663.72
2023-12-28T04:00,10.3,97,1742.74
2023-12-28T05:00,9.8,98,2167.36
2023-12-28T06:00,9.9,99,3123.69
2023-12-28T07:00,9.7,99,3788.21
2023-12-28T08:00,10.7,98,4042.72
2023-12-28T09:00,11.8,96,4315.19
2023-12-28T10:00,14.5,85,4502.46
2023-12-28T11:00,17.1,74,4359.59
2023-12-28T12:00,19.1,64,4078.08
2023-12-28T13:00,20.3,57,3654.99
2023-12-28T14:00,20.9,55,3596.55
2023-12-28T15:00,20.8,55,3551.08
2023-12-28T16:00,20.0,61,3513.32
2023-12-28T17:00,16.2,81,3668.32
2023-12-28T18:00,13.4,89,3685.39
2023-12-28T19:00,12.4,92,3556.25
2023-12-28T20:00,12.9,89,3314.19
2023-12-28T21:00,14.3,85,3076.34
2023-12-28T22:00,13.5,88,2838.67
2023-12-28T23:00,12.5,92,2472.81
2023-12-29T00:00,11.9,95,2035.15
2023-12-29T01:00,11.5,99,1821.45
2023-12-29T02:00,10.7,100,1709.31
2023-12-29T03:00,9.0,100,1665.65
2023-12-29T04:00,8.3,100,1746.95
2023-12-29T05:00,8.3,99,2184.55
2023-12-29T06:00,9.0,97,3156.3
2023-12-29T07:00,9.3,99,3877.71
2023-12-29T08:00,10.3,98,4233.35
2023-12-29T09:00,11.5,95,4513.97
2023-12-29T10:00,13.4,95,4795.88
2023-12-29T11:00,16.2,82,4734.35
2023-12-29T12:00,18.2,73,4496.92
2023-12-29T13:00,19.4,66,3970.94
2023-12-29T14:00,20.1,62,3806.83
2023-12-29T15:00,20.2,61,3658.94
2023-12-29T16:00,19.7,63,3631.36
2023-12-29T17:00,17.3,75,3840.08
2023-12-29T18:00,15.5,79,3965.37
2023-12-29T19:00,15.4,79,3774.16
2023-12-29T20:00,13.9,85,3510.26
2023-12-29T21:00,11.7,94,3223.3
2023-12-29T22:00,10.7,98,2884.65
2023-12-29T23:00,9.3,100,2513.18
2023-12-30T00:00,9.0,100,2079.89
2023-12-30T01:00,9.0,100,1848.07
2023-12-30T02:00,9.0,100,1735.42
2023-12-30T03:00,9.2,100,1684.69
2023-12-30T04:00,9.2,100,1753.41
2023-12-30T05:00,9.5,100,2098.96
2023-12-30T06:00,9.5,99,2839.09
2023-12-30T07:00,9.7,99,3518.07
2023-12-30T08:00,10.4,98,3952.24
2023-12-30T09:00,11.4,97,4255.37
2023-12-30T10:00,13.1,92,4451.37
2023-12-30T11:00,16.1,80,4345.57
2023-12-30T12:00,17.7,72,4074.57
2023-12-30T13:00,18.5,69,3627.69
2023-12-30T14:00,19.0,67,3531.38
2023-12-30T15:00,18.7,68,3410.71
2023-12-30T16:00,18.1,70,3353.67
2023-12-30T17:00,15.9,82,3587.33
2023-12-30T18:00,13.1,92,3692.99
2023-12-30T19:00,12.2,95,3552.18
2023-12-30T20:00,11.7,95,3327.53
2023-12-30T21:00,11.1,96,3098.93
2023-12-30T22:00,10.1,98,2781.44
2023-12-30T23:00,10.1,98,2667.26
2023-12-31T00:00,9.4,100,2018.39
2023-12-31T01:00,9.0,100,1782.97
2023-12-31T02:00,9.0,100,1662.22
2023-12-31T03:00,9.9,99,1613.06
2023-12-31T04:00,9.7,100,1669.36
2023-12-31T05:00,9.5,100,1914.79
2023-12-31T06:00,11.7,92,2404.84
2023-12-31T07:00,12.0,91,3029.4
2023-12-31T08:00,12.9,88,3626.56
2023-12-31T09:00,14.0,77,4103.43
2023-12-31T10:00,15.1,72,4487.49
2023-12-31T11:00,16.3,68,4545.42
2023-12-31T12:00,17.5,63,4374.41
2023-12-31T13:00,18.3,60,3940.34
2023-12-31T14:00,18.7,59,3698.07
2023-12-31T15:00,18.7,58,3464.51
2023-12-31T16:00,18.2,60,3337.69
2023-12-31T17:00,14.8,80,3551.02
2023-12-31T18:00,13.7,76,3683.45
2023-12-31T19:00,11.1,88,3576.78
2023-12-31T20:00,10.2,91,3370.91
2023-12-31T21:00,9.3,94,3069.89
2023-12-31T22:00,8.4,96,2828.11
2024-01-03T00:00,6.0,96,2148.01
2024-01-03T01:00,5.1,99,1888.63
2024-01-03T02:00,4.8,100,1747.83
2024-01-03T03:00,5.2,100,1703.43
2024-01-03T04:00,5.7,100,1776.57
2024-01-03T05:00,5.2,100,2121.26
2024-01-03T06:00,6.2,99,2850.17
2024-01-03T07:00,6.7,100,3747.63
2024-01-03T08:00,7.7,98,4420.72
2024-01-03T09:00,8.9,98,4839.08
2024-01-03T10:00,10.2,92,5139.69
2024-01-03T11:00,12.7,81,5067.27
2024-01-03T12:00,14.7,69,4763.45
2024-01-03T13:00,15.5,66,4310.98
2024-01-03T14:00,15.9,65,4213.28
2024-01-03T15:00,15.8,66,4047.95
2024-01-03T16:00,15.2,68,3999.76
2024-01-03T17:00,12.4,83,4153.49
2024-01-03T18:00,11.6,81,4270.74
2024-01-03T19:00,10.2,87,4149.82
2024-01-03T20:00,9.1,93,3922.15
2024-01-03T21:00,8.3,94,3694.22
2024-01-03T22:00,7.6,96,3328.02
2024-01-03T23:00,7.6,96,2766.08
2024-01-04T00:00,7.3,96,2275.7
2024-01-04T01:00,6.6,97,1965.94
2024-01-04T02:00,6.2,97,1816.91
2024-01-04T03:00,5.8,99,1756.67
2024-01-04T04:00,5.4,100,1834.25
2024-01-04T05:00,5.2,100,2171.96
2024-01-04T06:00,8.8,90,2935.26
2024-01-04T07:00,9.0,89,3808.56
2024-01-04T08:00,9.8,86,4440.97
2024-01-04T09:00,11.6,80,4853.76
2024-01-04T10:00,13.7,73,5148.86
2024-01-04T11:00,15.4,68,5103.72
2024-01-04T12:00,16.7,64,4913.52
2024-01-04T13:00,17.6,60,4552.58
2024-01-04T14:00,17.8,58,4467.41
2024-01-04T15:00,17.9,57,4317.93
2024-01-04T16:00,17.6,58,4208.8
2024-01-04T17:00,15.8,67,4362.12
2024-01-04T18:00,13.7,80,4434.8
2024-01-04T19:00,13.1,82,4272.98
2024-01-04T20:00,12.5,85,4052.29
2024-01-04T21:00,10.8,93,3830.92
2024-01-04T22:00,9.8,95,3420.46
2024-01-04T23:00,8.9,97,2995.09
2024-01-05T00:00,8.6,97,2310.84
2024-01-05T01:00,8.4,98,2012.89
2024-01-05T02:00,8.5,98,1859.9
2024-01-05T03:00,9.2,97,1802.32
2024-01-05T04:00,9.7,95,1882.15
2024-01-05T05:00,9.2,97,2224.04
2024-01-05T06:00,10.5,92,2990.17
2024-01-05T07:00,10.5,93,3936.88
2024-01-05T08:00,11.0,90,4670.61
2024-01-05T09:00,11.8,87,5117.26
2024-01-05T10:00,12.9,82,5345.99
2024-01-05T11:00,14.9,75,5390.29
2024-01-05T12:00,16.6,67,5300.16
2024-01-05T13:00,16.8,65,4852.61
2024-01-05T14:00,17.0,63,4626.26
2024-01-05T15:00,17.3,61,4439.47
2024-01-05T16:00,17.1,60,4286.85
2024-01-05T17:00,16.1,65,4380.03
2024-01-05T18:00,11.2,90,4465.8
2024-01-05T19:00,10.5,92,4290.98
2024-01-05T20:00,9.7,94,4065.13
2024-01-05T21:00,9.1,95,3799.91
2024-01-05T22:00,8.4,96,3408.09
2024-01-05T23:00,7.3,97,2967.43
2024-01-06T00:00,7.3,97,2356.4
2024-01-06T01:00,7.6,98,2039.95
2024-01-06T02:00,6.6,99,1883.04
2024-01-06T03:00,6.3,100,1817.42
2024-01-06T04:00,6.6,100,1895.89
2024-01-06T05:00,7.2,100,2182.74
2024-01-06T06:00,9.2,96,2841.91
2024-01-06T07:00,9.6,95,3658.69
2024-01-06T08:00,10.8,90,4289.57
2024-01-06T09:00,12.3,84,4708.89
2024-01-06T10:00,13.6,77,5040.78
2024-01-06T11:00,14.9,67,5005.47
2024-01-06T12:00,15.7,62,4774.0
2024-01-06T13:00,16.3,59,4366.6
2024-01-06T14:00,16.8,58,4177.73
2024-01-06T15:00,16.9,58,3965.18
2024-01-06T16:00,16.6,59,3849.16
2024-01-06T17:00,13.7,75,4029.82
2024-01-06T18:00,12.5,79,4185.07
2024-01-06T19:00,12.8,79,4084.04
2024-01-06T20:00,12.7,78,3891.33
2024-01-06T21:00,12.2,79,3690.33
2024-01-06T22:00,11.0,84,3327.66
2024-01-06T23:00,11.0,84,2872.49
2024-01-07T00:00,10.7,85,2311.13
2024-01-07T01:00,10.2,86,1990.96
2024-01-07T02:00,9.8,88,1823.22
2024-01-07T03:00,9.1,93,1746.93
2024-01-07T04:00,9.0,93,1796.88
2024-01-07T05:00,9.4,93,2041.36
2024-01-07T06:00,6.2,96,2555.13
2024-01-07T07:00,6.1,95,3258.8
2024-01-07T08:00,8.6,89,3937.92
2024-01-07T09:00,11.5,80,4526.15
2024-01-07T10:00,13.7,72,5001.14
2024-01-07T11:00,15.2,66,5026.01
2024-01-07T12:00,16.2,62,4781.34
2024-01-07T13:00,16.9,60,4279.89
2024-01-07T14:00,17.4,58,3970.32
2024-01-07T15:00,17.5,58,3721.98
2024-01-07T16:00,17.1,59,3615.05
2024-01-07T17:00,16.4,61,3785.86
2024-01-07T18:00,11.1,82,3989.49
2024-01-07T19:00,9.7,89,3939.79
2024-01-07T20:00,9.1,91,3794.24
2024-01-07T21:00,8.6,92,3584.08
2024-01-07T22:00,8.1,93,3204.68
2024-01-07T23:00,7.6,93,2801.45
2024-01-08T00:00,6.8,95,2211.35
2024-01-08T01:00,6.6,95,1931.86
2024-01-08T02:00,6.8,95,1785.22
2024-01-08T03:00,6.3,96,1729.94
2024-01-08T04:00,6.0,97,1828.16
2024-01-08T05:00,5.5,98,2254.04
2024-01-08T06:00,6.0,98,3187.74
2024-01-08T07:00,6.4,98,4034.83
2024-01-08T08:00,8.4,98,4576.3
2024-01-08T09:00,10.8,94,4934.5
2024-01-08T10:00,13.5,85,5199.46
2024-01-08T11:00,15.8,72,5162.18
2024-01-08T12:00,17.0,67,4978.03
2024-01-08T13:00,17.9,64,4594.23
2024-01-08T14:00,18.4,63,4426.32
2024-01-08T15:00,18.4,63,4202.86
2024-01-08T16:00,18.0,64,4081.81
2024-01-08T17:00,16.5,71,4238.52
2024-01-08T18:00,11.5,88,4387.24
2024-01-08T19:00,10.7,91,4311.59
2024-01-08T20:00,9.5,94,4108.83
2024-01-08T21:00,8.8,96,3916.97
2024-01-08T22:00,8.2,97,3528.08
2024-01-08T23:00,7.8,98,3063.85
2024-01-09T00:00,7.3,99,2377.59
2024-01-09T01:00,6.9,100,2054.32
2024-01-09T02:00,6.9,100,1906.37
2024-01-09T03:00,7.2,98,1839.72
2024-01-09T04:00,6.7,98,1923.16
2024-01-09T05:00,6.2,98,2327.56
2024-01-09T06:00,7.2,98,3234.35
2024-01-09T07:00,6.8,99,4101.77
2024-01-09T08:00,8.5,93,4659.74
2024-01-09T09:00,10.9,86,5013.88
2024-01-09T10:00,13.8,76,5315.24
2024-01-09T11:00,15.9,71,5248.03
2024-01-09T12:00,17.0,68,5059.71
2024-01-09T13:00,17.7,65,4645.0
2024-01-09T14:00,18.0,63,4547.3
2024-01-09T15:00,18.0,62,4437.1
2024-01-09T16:00,17.4,66,4280.59
2024-01-09T17:00,15.3,77,4384.57
2024-01-09T18:00,10.7,88,4529.31
2024-01-09T19:00,9.6,92,4429.76
2024-01-09T20:00,8.8,93,4211.94
2024-01-09T21:00,8.0,94,4025.95
2024-01-09T22:00,7.3,95,3595.98
2024-01-09T23:00,6.7,95,3070.14
2024-01-10T00:00,6.2,95,2404.03
2024-01-10T01:00,5.8,95,2079.88
2024-01-10T02:00,5.3,95,1926.38
2024-01-10T03:00,4.9,95,1864.87
2024-01-10T04:00,4.7,95,1948.01
2024-01-10T05:00,4.6,95,2363.15
2024-01-10T06:00,5.3,97,3309.56
2024-01-10T07:00,5.4,96,4211.0
2024-01-10T08:00,6.6,90,4820.37
2024-01-10T09:00,8.5,83,5231.6
2024-01-10T10:00,10.4,78,5506.29
2024-01-10T11:00,12.2,73,5449.06
2024-01-10T12:00,13.8,69,5175.15
2024-01-10T13:00,15.0,64,4725.68
2024-01-10T14:00,15.7,62,4534.86
2024-01-10T15:00,15.8,62,4371.85
2024-01-10T16:00,15.2,65,4218.55
2024-01-10T17:00,13.3,75,4399.67
2024-01-10T18:00,10.1,87,4598.05
2024-01-10T19:00,9.6,89,4492.43
2024-01-10T20:00,9.1,91,4283.74
2024-01-10T21:00,8.5,92,4113.82
2024-01-10T22:00,7.9,92,3837.83
2024-01-11T00:00,6.8,94,2471.48
2024-01-11T01:00,6.5,94,2126.77
2024-01-11T02:00,6.2,94,1954.1
2024-01-11T03:00,6.0,95,1892.24
2024-01-11T04:00,5.8,95,1977.26
2024-01-11T05:00,5.6,95,2395.67
2024-01-11T06:00,6.2,100,3326.58
2024-01-11T07:00,6.5,99,4245.83
2024-01-11T08:00,6.9,99,4787.66
2024-01-11T09:00,7.5,97,5155.21
2024-01-11T10:00,9.2,88,5337.28
2024-01-11T11:00,11.3,79,5212.43
2024-01-11T12:00,13.2,74,4933.28
2024-01-11T13:00,14.5,70,4450.96
2024-01-11T14:00,15.3,68,4347.09
2024-01-11T15:00,15.5,67,4258.71
2024-01-11T16:00,14.9,69,4222.97
2024-01-11T17:00,12.7,81,4377.23
2024-01-11T18:00,11.0,85,4596.18
2024-01-11T19:00,10.0,89,4534.39
2024-01-11T20:00,9.2,91,4359.01
2024-01-11T21:00,8.3,93,4179.56
2024-01-11T22:00,7.7,94,3919.02
2024-01-12T00:00,7.5,94,2690.88
2024-01-12T01:00,7.2,94,2360.72
2024-01-12T02:00,6.8,95,2203.03
2024-01-12T03:00,6.5,96,2148.85
2024-01-12T04:00,6.3,96,2213.34
2024-01-12T05:00,6.1,96,2616.03
2024-01-12T06:00,5.9,98,3507.18
2024-01-12T07:00,5.6,99,4405.47
2024-01-12T08:00,6.6,98,4999.64
2024-01-12T09:00,7.9,97,5400.07
2024-01-12T10:00,9.8,91,5625.39
2024-01-12T11:00,12.7,79,5558.73
2024-01-12T12:00,14.8,69,5286.8
2024-01-12T13:00,16.4,60,4706.11
2024-01-12T14:00,17.3,57,4440.95
2024-01-12T15:00,17.4,58,4244.6
2024-01-12T16:00,16.8,61,4155.23
2024-01-12T17:00,13.6,79,4318.6
2024-01-12T18:00,11.6,85,4535.28
2024-01-12T19:00,10.6,88,4436.16
2024-01-12T20:00,9.4,91,4243.23
2024-01-12T21:00,8.4,94,4004.55
2024-01-12T22:00,7.5,95,3738.98
2024-01-13T00:00,8.9,95,2514.35
2024-01-13T01:00,6.1,99,2023.8
2024-01-13T02:00,6.0,99,1843.06
2024-01-13T03:00,5.9,100,1776.02
2024-01-13T04:00,6.1,100,1835.03
2024-01-13T05:00,6.2,99,2143.22
2024-01-13T06:00,5.9,99,2770.68
2024-01-13T07:00,6.1,96,3760.1
2024-01-13T08:00,7.0,95,4495.4
2024-01-13T09:00,7.9,96,4907.53
2024-01-13T10:00,9.9,93,5256.06
2024-01-13T11:00,12.6,80,5196.76
2024-01-13T12:00,15.3,65,4991.16
2024-01-13T13:00,17.0,55,4520.14
2024-01-13T14:00,17.9,51,4323.63
2024-01-13T15:00,18.1,50,4092.28
2024-01-13T16:00,17.6,59,3958.09
2024-01-13T17:00,14.8,68,4063.59
2024-01-13T18:00,11.6,87,4304.74
2024-01-13T19:00,9.9,89,4174.9
2024-01-13T20:00,8.7,91,3964.02
2024-01-13T21:00,9.4,88,3769.31
2024-01-13T22:00,10.1,86,3520.46
2024-01-14T00:00,9.2,91,2463.44
2024-01-14T01:00,8.6,93,2108.04
2024-01-14T02:00,5.6,100,1920.84
2024-01-14T03:00,4.8,99,1840.79
2024-01-14T04:00,5.3,100,1896.61
2024-01-14T05:00,5.1,100,2182.39
2024-01-14T06:00,5.2,100,2731.36
2024-01-14T07:00,5.1,99,3481.44
2024-01-14T08:00,5.4,98,4234.87
2024-01-14T09:00,6.9,94,4839.97
2024-01-14T10:00,8.9,92,5359.35
2024-01-14T11:00,12.0,79,5350.03
2024-01-14T12:00,14.9,67,5047.57
2024-01-14T13:00,16.7,58,4477.39
2024-01-14T14:00,17.7,54,4067.11
2024-01-14T15:00,18.0,52,3746.67
2024-01-14T16:00,17.3,56,3641.55
2024-01-14T17:00,13.6,75,3817.03
2024-01-14T18:00,10.8,86,4104.53
2024-01-14T19:00,9.6,89,4068.14
2024-01-14T20:00,8.8,91,3993.04
2024-01-14T21:00,8.3,93,3843.54
2024-01-14T22:00,7.7,94,3545.7
2024-01-15T00:00,6.7,96,2334.97
2024-01-15T01:00,5.9,97,2014.89
2024-01-15T02:00,5.2,98,1852.04
2024-01-15T03:00,5.1,99,1790.35
2024-01-15T04:00,5.0,99,1897.41
2024-01-15T05:00,5.0,100,2332.25
2024-01-15T06:00,5.4,100,3308.92
2024-01-15T07:00,5.7,99,4509.32
2024-01-15T08:00,6.0,98,5075.89
2024-01-15T09:00,7.0,97,5255.53
2024-01-15T10:00,8.9,88,5362.07
2024-01-15T11:00,11.3,78,5179.74
2024-01-15T12:00,13.4,70,4770.58
2024-01-15T13:00,15.0,61,4255.2
2024-01-15T14:00,15.9,57,4139.39
2024-01-15T15:00,16.1,56,4035.54
2024-01-15T16:00,15.5,59,3996.72
2024-01-15T17:00,12.1,79,4215.26
2024-01-15T18:00,11.4,75,4443.76
2024-01-15T19:00,9.8,82,4384.9
2024-01-15T20:00,7.9,90,4207.01
2024-01-15T21:00,7.3,91,4017.48
2024-01-15T22:00,7.1,91,3709.49
2024-01-16T00:00,5.2,97,2432.51
2024-01-16T01:00,4.6,99,2108.48
2024-01-16T02:00,6.2,98,1942.76
2024-01-16T03:00,5.8,99,1874.43
2024-01-16T04:00,3.9,100,1965.61
2024-01-16T05:00,4.3,98,2350.18
2024-01-16T06:00,4.6,99,3260.84
2024-01-16T07:00,4.8,99,4463.28
2024-01-16T08:00,5.4,98,4983.29
2024-01-16T09:00,6.7,96,5161.13
2024-01-16T10:00,8.5,91,5362.69
2024-01-16T11:00,11.6,82,5197.8
2024-01-16T12:00,14.4,67,4876.02
2024-01-16T13:00,16.3,60,4332.38
2024-01-16T14:00,17.2,55,4279.08
2024-01-16T15:00,17.5,53,4191.54
2024-01-16T16:00,17.0,55,4178.55
2024-01-16T17:00,13.2,74,4426.58
2024-01-16T18:00,10.5,84,4656.18
2024-01-16T19:00,9.1,87,4602.01
2024-01-16T20:00,8.1,88,4407.52
2024-01-16T21:00,7.3,90,4185.12
2024-01-16T22:00,6.7,91,3836.72
2024-01-17T00:00,6.0,94,2465.85
2024-01-17T01:00,5.7,95,2124.7
2024-01-17T02:00,5.5,96,1971.67
2024-01-17T03:00,5.1,96,1901.34
2024-01-17T04:00,4.8,97,1992.77
2024-01-17T05:00,4.4,97,2381.09
2024-01-17T06:00,4.0,99,3297.22
2024-01-17T07:00,4.1,100,4522.84
2024-01-17T08:00,7.4,95,5073.95
2024-01-17T09:00,10.9,85,5297.61
2024-01-17T10:00,13.4,75,5516.19
2024-01-17T11:00,15.0,66,5347.01
2024-01-17T12:00,16.3,60,4918.14
2024-01-17T13:00,17.2,56,4442.63
2024-01-17T14:00,17.7,55,4331.08
2024-01-17T15:00,17.8,56,4240.02
2024-01-17T16:00,17.2,59,4164.18
2024-01-17T17:00,13.9,77,4371.39
2024-01-17T18:00,10.7,87,4596.94
2024-01-17T19:00,9.5,90,4504.9
2024-01-17T20:00,8.7,92,4312.81
2024-01-17T21:00,7.9,94,4112.7
2024-01-17T22:00,7.4,96,3730.01
2024-01-17T23:00,7.0,97,3095.49
2024-01-18T00:00,7.1,98,2499.58
2024-01-18T01:00,6.9,99,2155.78
2024-01-18T02:00,6.4,100,1979.06
2024-01-18T03:00,6.7,100,1908.54
2024-01-18T04:00,7.0,99,1988.15
2024-01-18T05:00,6.8,100,2377.0
2024-01-18T06:00,6.0,99,3282.43
2024-01-18T07:00,6.1,99,4505.94
2024-01-18T08:00,7.1,98,4986.52
2024-01-18T09:00,8.3,94,5200.29
2024-01-18T10:00,10.4,90,5383.47
2024-01-18T11:00,12.7,86,5174.47
2024-01-18T12:00,15.4,75,4801.42
2024-01-18T13:00,17.2,66,4348.86
2024-01-18T14:00,17.4,65,4272.04
2024-01-18T15:00,17.5,64,4249.41
2024-01-18T16:00,17.1,65,4180.88
2024-01-18T17:00,16.4,68,4340.8
2024-01-18T18:00,14.0,75,4593.41
2024-01-18T19:00,13.0,79,4500.43
2024-01-18T20:00,11.0,86,4305.91
2024-01-18T21:00,11.4,86,4088.73
2024-01-18T22:00,11.2,87,3802.71
2024-01-19T00:00,10.9,89,2481.88
2024-01-19T01:00,10.5,91,2146.96
2024-01-19T02:00,8.5,96,1985.7
2024-01-19T03:00,6.3,100,1904.17
2024-01-19T04:00,6.4,99,1972.57
2024-01-19T05:00,6.5,100,2369.19
2024-01-19T06:00,6.5,100,3308.56
2024-01-19T07:00,6.7,100,4534.08
2024-01-19T08:00,7.9,97,5121.21
2024-01-19T09:00,9.0,93,5448.61
2024-01-19T10:00,10.6,91,5743.48
2024-01-19T11:00,13.0,84,5609.92
2024-01-19T12:00,15.0,74,5341.86
2024-01-19T13:00,16.1,70,4917.26
2024-01-19T14:00,16.7,67,4728.15
2024-01-19T15:00,16.8,65,4586.24
2024-01-19T16:00,16.4,66,4491.31
2024-01-19T17:00,13.6,82,4614.77
2024-01-19T18:00,10.1,89,4784.24
2024-01-19T19:00,8.7,93,4659.27
2024-01-19T20:00,7.8,95,4446.07
2024-01-19T21:00,7.3,96,4230.41
2024-01-19T22:00,7.0,96,3977.21
2024-01-20T00:00,6.3,98,2742.12
2024-01-20T01:00,5.7,99,2402.65
2024-01-20T02:00,6.2,98,2237.4
2024-01-20T03:00,6.3,97,2172.27
2024-01-20T04:00,6.2,96,2246.07
2024-01-20T05:00,5.1,98,2557.11
2024-01-20T06:00,6.0,100,3274.8
2024-01-20T07:00,6.2,99,4182.68
2024-01-20T08:00,7.3,98,4690.84
2024-01-20T09:00,8.6,97,5024.68
2024-01-20T10:00,11.1,86,5270.6
2024-01-20T11:00,13.4,74,5109.7
2024-01-20T12:00,14.5,70,4768.48
2024-01-20T13:00,15.3,67,4309.51
2024-01-20T14:00,15.9,65,4135.52
2024-01-20T15:00,16.1,63,4009.49
2024-01-20T16:00,15.7,65,3936.94
2024-01-20T17:00,13.1,81,4102.23
2024-01-20T18:00,10.5,91,4364.96
2024-01-20T19:00,9.9,92,4285.24
2024-01-20T20:00,9.0,93,4072.8
2024-01-20T21:00,8.0,95,3941.08
2024-01-20T22:00,7.7,97,3663.27
2024-01-21T00:00,6.0,100,2460.53
2024-01-21T01:00,5.7,100,2113.85
2024-01-21T02:00,5.2,100,1922.27
2024-01-21T03:00,5.4,100,1838.0
2024-01-21T04:00,5.7,100,1881.21
2024-01-21T05:00,5.7,99,2136.69
2024-01-21T06:00,5.4,99,2676.81
2024-01-21T07:00,5.4,99,3416.09
2024-01-21T08:00,6.3,98,4184.85
2024-01-21T09:00,7.4,97,4774.92
2024-01-21T10:00,8.6,96,5316.93
2024-01-21T11:00,11.3,82,5443.64
2024-01-21T12:00,13.3,74,5189.68
2024-01-21T13:00,14.8,69,4652.13
2024-01-21T14:00,15.7,65,4259.27
2024-01-21T15:00,16.1,63,3923.63
2024-01-21T16:00,15.6,64,3755.91
2024-01-21T17:00,13.5,74,3904.47
2024-01-21T18:00,10.6,89,4294.65
2024-01-21T19:00,9.9,91,4252.1
2024-01-21T20:00,9.0,94,4124.72
2024-01-21T21:00,7.8,96,3976.94
2024-01-21T22:00,6.8,97,3585.82
2024-01-21T23:00,5.9,99,3050.71
2024-01-22T00:00,5.3,100,2449.94
2024-01-22T01:00,5.0,100,2104.38
2024-01-22T02:00,5.5,100,1920.05
2024-01-22T03:00,5.3,100,1854.09
2024-01-22T04:00,5.5,100,1923.95
2024-01-22T05:00,5.4,97,2246.02
2024-01-22T06:00,5.6,97,2981.08
2024-01-22T07:00,6.1,93,4002.74
2024-01-22T08:00,6.8,91,4827.7
2024-01-22T09:00,7.6,93,5419.99
2024-01-22T10:00,8.6,94,5728.74
2024-01-22T11:00,11.4,82,5676.07
2024-01-22T12:00,13.8,71,5251.5
2024-01-22T13:00,15.4,62,4660.81
2024-01-22T14:00,16.4,58,4412.54
2024-01-22T15:00,16.9,56,4207.59
2024-01-22T16:00,16.6,57,4109.04
2024-01-22T17:00,15.8,61,4212.37
2024-01-22T18:00,11.0,86,4362.37
2024-01-22T19:00,9.9,89,4254.28
2024-01-22T20:00,8.3,92,4157.84
2024-01-22T21:00,7.3,94,4032.42
2024-01-22T22:00,6.7,96,3709.84
2024-01-23T00:00,5.8,98,2428.59
2024-01-23T01:00,5.7,99,2107.41
2024-01-23T02:00,5.5,99,1952.56
2024-01-23T03:00,5.3,99,1887.69
2024-01-23T04:00,5.0,99,1968.39
2024-01-23T05:00,4.9,100,2336.09
2024-01-23T06:00,5.0,100,3212.73
2024-01-23T07:00,5.9,99,4390.38
2024-01-23T08:00,6.8,99,4899.14
2024-01-23T09:00,8.5,97,5122.11
2024-01-23T10:00,10.7,89,5365.08
2024-01-23T11:00,13.2,82,5168.11
2024-01-23T12:00,15.0,77,4789.72
2024-01-23T13:00,16.2,72,4329.38
2024-01-23T14:00,17.0,68,4311.84
2024-01-23T15:00,17.3,66,4287.17
2024-01-23T16:00,17.1,66,4214.26
2024-01-23T17:00,16.3,70,4340.49
2024-01-23T18:00,12.9,87,4567.55
2024-01-23T19:00,13.2,84,4492.4
2024-01-23T20:00,12.6,86,4295.26
2024-01-23T21:00,11.6,89,4079.87
2024-01-23T22:00,10.4,93,3781.07
2024-01-24T00:00,9.3,95,2452.04
2024-01-24T01:00,10.1,92,2104.48
2024-01-24T02:00,10.3,90,1957.43
2024-01-24T03:00,8.5,97,1888.16
2024-01-24T04:00,7.5,99,1956.38
2024-01-24T05:00,6.5,100,2348.45
2024-01-24T06:00,6.5,100,3287.35
2024-01-24T07:00,6.4,100,4532.32
2024-01-24T08:00,8.5,97,5054.23
2024-01-24T09:00,10.3,93,5290.23
2024-01-24T10:00,12.6,84,5585.02
2024-01-24T11:00,14.6,74,5429.71
2024-01-24T12:00,16.4,62,5065.6
2024-01-24T13:00,17.5,54,4576.09
2024-01-24T14:00,18.1,52,4451.93
2024-01-24T15:00,18.2,53,4200.31
2024-01-24T16:00,17.7,56,3988.4
2024-01-24T17:00,15.1,72,4223.33
2024-01-24T18:00,11.4,85,4592.44
2024-01-24T19:00,10.8,88,4516.56
2024-01-24T20:00,9.9,91,4319.35
2024-01-24T21:00,9.3,93,4099.4
2024-01-24T22:00,8.5,95,3720.88
2024-01-24T23:00,7.4,98,3118.52
2024-01-25T00:00,6.5,99,2499.6
2024-01-25T01:00,6.4,100,2134.88
2024-01-25T02:00,6.1,100,1968.53
2024-01-25T03:00,5.6,100,1907.95
2024-01-25T04:00,6.2,100,1992.68
2024-01-25T05:00,6.1,100,2359.76
2024-01-25T06:00,6.1,100,3260.17
2024-01-25T07:00,6.1,99,4427.44
2024-01-25T08:00,6.5,98,4947.85
2024-01-25T09:00,7.5,94,5284.69
2024-01-25T10:00,10.4,88,5460.52
2024-01-25T11:00,13.4,77,5268.91
2024-01-25T12:00,15.5,69,4960.94
2024-01-25T13:00,16.5,65,4449.64
2024-01-25T14:00,17.2,63,4312.44
2024-01-25T15:00,17.5,62,4248.43
2024-01-25T16:00,16.9,65,4217.32
2024-01-25T17:00,15.5,72,4352.54
2024-01-25T18:00,11.9,89,4561.42
2024-01-25T19:00,10.9,92,4443.7
2024-01-25T20:00,10.4,93,4238.13
2024-01-25T21:00,9.3,95,4018.89
2024-01-25T22:00,8.0,96,3750.82
2024-01-26T00:00,8.2,94,2519.66
2024-01-26T01:00,8.1,94,2171.26
2024-01-26T02:00,7.6,94,1995.84
2024-01-26T03:00,7.9,90,1917.4
2024-01-26T04:00,7.4,91,1979.53
2024-01-26T05:00,6.5,97,2202.64
2024-01-26T06:00,6.5,97,2700.16
2024-01-26T07:00,6.0,99,3395.42
2024-01-26T08:00,7.8,99,4054.76
2024-01-26T09:00,9.9,95,4533.63
2024-01-26T10:00,12.3,88,4777.54
2024-01-26T11:00,14.9,79,4768.93
2024-01-26T12:00,16.5,71,4544.01
2024-01-26T13:00,17.6,65,4089.06
2024-01-26T14:00,18.3,61,3538.13
2024-01-26T15:00,18.5,58,3170.48
2024-01-26T16:00,18.0,57,3018.13
2024-01-26T17:00,15.2,74,3192.77
2024-01-26T18:00,15.8,66,3524.77
2024-01-26T19:00,13.0,79,3535.1
2024-01-26T20:00,10.6,90,3505.0
2024-01-26T21:00,10.5,91,3446.16
2024-01-26T22:00,9.4,92,3152.42
2024-01-27T00:00,7.9,93,2099.21
2024-01-27T01:00,7.2,94,1800.65
2024-01-27T02:00,7.3,94,1667.26
2024-01-27T03:00,7.5,94,1614.94
2024-01-27T04:00,7.2,94,1683.77
2024-01-27T05:00,7.1,95,2015.98
2024-01-27T06:00,6.9,94,2714.02
2024-01-27T07:00,7.1,93,3667.48
2024-01-27T08:00,9.0,87,4285.06
2024-01-27T09:00,11.9,80,4705.87
2024-01-27T10:00,14.9,71,4867.81
2024-01-27T11:00,17.5,60,4694.07
2024-01-27T12:00,19.2,53,4362.61
2024-01-27T13:00,20.2,48,3835.54
2024-01-27T14:00,20.6,46,3687.17
2024-01-27T15:00,20.4,47,3541.32
2024-01-27T16:00,19.6,52,3514.63
2024-01-27T17:00,17.2,63,3688.73
2024-01-27T18:00,14.2,72,3987.7
2024-01-27T19:00,13.3,76,3920.82
2024-01-27T20:00,11.9,82,3727.91
2024-01-27T21:00,11.1,84,3544.62
2024-01-27T22:00,10.5,85,3283.76
2024-01-28T00:00,11.3,79,2249.4
2024-01-28T01:00,8.9,88,1952.9
2024-01-28T02:00,8.9,88,1801.82
2024-01-28T03:00,8.7,88,1725.95
2024-01-28T04:00,8.3,89,1785.48
2024-01-28T05:00,7.0,93,2036.21
2024-01-28T06:00,10.1,87,2576.3
2024-01-28T07:00,10.2,86,3326.01
2024-01-28T08:00,11.2,84,4039.14
2024-01-28T09:00,14.2,79,4556.53
2024-01-28T10:00,16.5,71,4933.19
2024-01-28T11:00,18.2,65,4951.75
2024-01-28T12:00,19.3,60,4764.0
2024-01-28T13:00,20.1,56,4278.93
2024-01-28T14:00,20.3,56,4034.14
2024-01-28T15:00,20.1,58,3772.59
2024-01-28T16:00,19.3,63,3638.21
2024-01-28T17:00,17.7,71,3765.64
2024-01-28T18:00,15.0,82,4003.03
2024-01-28T19:00,14.2,87,3941.06
2024-01-28T20:00,13.7,89,3798.3
2024-01-28T21:00,13.2,92,3622.39
2024-01-28T22:00,12.8,93,3316.56
2024-01-29T00:00,12.1,95,2250.58
2024-01-29T01:00,11.7,95,1944.01
2024-01-29T02:00,11.2,96,1801.09
2024-01-29T03:00,10.9,97,1747.54
2024-01-29T04:00,10.7,97,1842.45
2024-01-29T05:00,10.6,98,2249.9
2024-01-29T06:00,9.7,96,3183.86
2024-01-29T07:00,9.5,97,4357.15
2024-01-29T08:00,10.9,94,4813.61
2024-01-29T09:00,13.3,87,4998.47
2024-01-29T10:00,15.8,80,5158.46
2024-01-29T11:00,18.0,73,5034.06
2024-01-30T00:00,11.3,98,2274.78
2024-01-30T01:00,10.7,99,1998.56
2024-01-30T02:00,10.4,100,1853.18
2024-01-30T03:00,10.3,100,1801.43
2024-01-30T04:00,10.6,99,1887.57
2024-01-30T05:00,10.6,100,2278.17
2024-01-30T06:00,10.1,100,3179.58
2024-01-30T07:00,10.0,99,4370.17
2024-01-30T08:00,10.8,97,4783.22
2024-01-30T09:00,12.1,97,4925.55
2024-01-30T10:00,13.5,97,5195.01
2024-01-30T11:00,16.9,81,5000.66
2024-01-30T12:00,18.4,76,4698.91
2024-01-30T13:00,19.5,71,4219.76
2024-01-30T14:00,20.3,65,4134.34
2024-01-30T15:00,20.5,61,4052.43
2024-01-30T16:00,20.2,60,3956.21
2024-01-30T17:00,17.7,79,4105.45
2024-01-30T18:00,14.9,88,4306.78
2024-01-30T19:00,13.6,92,4216.77
2024-01-30T20:00,13.4,94,3980.1
2024-01-30T21:00,12.5,97,3711.7
2024-01-30T22:00,11.8,98,3333.38
2024-01-30T23:00,11.6,99,2786.75
2024-01-31T00:00,11.4,99,2306.47
2024-01-31T01:00,10.5,100,2013.27
2024-01-31T02:00,9.9,100,1885.85
2024-01-31T03:00,10.1,100,1977.73
2024-01-31T04:00,10.8,99,2022.52
2024-01-31T05:00,10.7,99,2290.69
2024-01-31T06:00,10.4,98,3173.62
2024-01-31T07:00,10.8,98,4298.75
2024-01-31T08:00,11.7,98,4797.18
2024-01-31T09:00,13.5,97,5013.02
2024-01-31T10:00,14.9,91,5254.62
2024-01-31T11:00,17.4,82,5162.42
2024-01-31T12:00,18.7,78,4924.1
2024-01-31T13:00,20.1,71,4464.06
2024-01-31T14:00,20.2,69,4325.87
2024-01-31T15:00,20.1,70,4192.88
2024-01-31T16:00,17.3,86,3983.21
2024-01-31T17:00,16.4,89,4162.2
2024-01-31T18:00,13.5,96,4337.89
2024-01-31T19:00,14.0,97,4275.47
2024-01-31T20:00,13.8,97,4037.54
2024-01-31T21:00,13.9,97,3719.59
2024-01-31T22:00,13.8,97,3360.97
2024-01-31T23:00,13.6,95,2804.91
2024-02-01T00:00,13.3,95,2335.01
2024-02-01T01:00,13.2,93,2040.88
2024-02-01T02:00,12.7,93,1906.05
2024-02-01T03:00,12.4,94,1826.63
2024-02-01T04:00,12.3,95,1904.96
2024-02-01T05:00,12.6,94,2219.52
2024-02-01T06:00,13.6,92,3009.63
2024-02-01T07:00,13.6,92,3969.2
2024-02-01T08:00,14.3,91,4354.99
2024-02-01T09:00,15.3,87,4679.15
2024-02-01T10:00,16.3,85,4964.88
2024-02-01T11:00,17.9,78,4920.91
2024-02-01T12:00,19.1,73,4751.53
2024-02-01T13:00,20.2,68,4349.11
2024-02-01T14:00,21.1,64,4225.41
2024-02-01T15:00,21.2,63,4074.19
2024-02-01T16:00,20.5,66,3924.44
2024-02-01T17:00,18.6,77,4038.4
2024-02-01T18:00,15.1,90,4226.51
2024-02-01T19:00,14.2,94,4144.46
2024-02-01T20:00,13.6,95,3909.34
2024-02-01T21:00,13.2,96,3644.96
2024-02-01T22:00,12.8,97,3277.06
2024-02-01T23:00,12.2,97,2739.08
2024-02-02T00:00,11.5,98,2265.0
2024-02-02T01:00,10.2,99,1981.84
2024-02-02T02:00,9.5,100,1842.63
2024-02-02T03:00,8.5,100,1798.18
2024-02-02T04:00,9.4,100,1881.1
2024-02-02T05:00,9.5,99,2275.92
2024-02-02T06:00,9.6,99,3194.18
2024-02-02T07:00,9.6,100,4408.07
2024-02-02T08:00,10.4,99,4867.23
2024-02-02T09:00,11.9,95,5076.62
2024-02-02T10:00,13.8,92,5330.36
2024-02-02T11:00,16.5,80,5216.46
2024-02-02T12:00,18.1,65,4910.07
2024-02-02T13:00,19.0,56,4380.0
2024-02-02T14:00,19.3,53,4195.52
2024-02-02T15:00,19.2,52,3968.28
2024-02-02T16:00,18.5,53,3841.04
2024-02-02T17:00,16.5,63,3971.26
2024-02-02T18:00,13.7,82,4207.25
2024-02-02T19:00,12.8,84,4139.49
2024-02-02T20:00,12.1,85,3899.58
2024-02-02T21:00,11.5,87,3653.36
2024-02-02T22:00,10.8,87,3314.08
2024-02-02T23:00,10.1,88,2797.25
2024-02-03T00:00,9.7,86,2319.54
2024-02-03T01:00,9.3,82,2017.75
2024-02-03T02:00,8.8,81,1869.39
2024-02-03T03:00,8.6,78,1801.56
2024-02-03T04:00,8.4,76,1872.8
2024-02-03T05:00,8.2,74,2222.98
2024-02-03T06:00,8.9,84,2972.38
2024-02-03T07:00,8.9,82,3953.11
2024-02-03T08:00,10.9,77,4421.33
2024-02-03T09:00,13.5,70,4687.95
2024-02-03T10:00,15.7,62,4867.07
2024-02-03T11:00,17.6,57,4638.04
2024-02-03T12:00,19.2,53,4270.06
2024-02-03T13:00,20.5,47,3846.91
2024-02-03T14:00,20.7,46,3747.24
2024-02-03T15:00,20.5,47,3634.7
2024-02-03T16:00,20.4,50,3579.24
2024-02-03T17:00,19.1,61,3675.25
2024-02-03T18:00,15.3,77,3888.16
2024-02-03T19:00,15.2,76,3795.46
2024-02-03T20:00,15.2,76,3565.92
2024-02-03T21:00,15.3,77,3348.55
2024-02-03T22:00,13.5,85,3028.4
2024-02-03T23:00,15.1,75,2565.75
2024-02-04T00:00,14.2,78,2132.46
2024-02-04T01:00,13.9,79,1853.43
2024-02-04T02:00,13.6,82,1707.12
2024-02-04T03:00,14.0,79,1657.55
2024-02-04T04:00,12.9,88,1710.0
2024-02-04T05:00,12.9,89,1957.43
2024-02-04T06:00,14.1,87,2420.17
2024-02-04T07:00,13.5,89,3114.7
2024-02-04T08:00,14.9,84,3769.1
2024-02-04T09:00,16.3,84,4269.44
2024-02-04T10:00,17.7,80,4711.66
2024-02-04T11:00,19.2,76,4834.34
2024-02-04T12:00,20.5,70,4607.85
2024-02-04T13:00,20.7,70,4119.35
2024-02-04T14:00,19.5,78,3829.44
2024-02-04T15:00,18.6,84,3505.93
2024-02-04T16:00,17.8,87,3365.8
2024-02-04T17:00,17.3,90,3481.49
2024-02-04T18:00,16.5,91,3705.03
2024-02-04T19:00,16.1,93,3638.23
2024-02-04T20:00,15.8,93,3456.55
2024-02-04T21:00,15.3,94,3230.26
2024-02-04T22:00,14.7,95,2902.93
2024-02-04T23:00,14.3,96,2477.63
2024-02-05T00:00,13.8,98,2066.54
2024-02-05T01:00,13.5,98,1800.08
2024-02-05T02:00,13.9,98,1669.57
2024-02-05T03:00,14.3,97,1637.69
2024-02-05T04:00,13.8,99,1719.85
2024-02-05T05:00,13.5,96,2116.63
2024-02-05T06:00,14.2,99,3000.95
2024-02-05T07:00,14.3,97,4089.89
2024-02-05T08:00,14.7,95,4435.91
2024-02-05T09:00,15.6,90,4634.94
2024-02-05T10:00,16.9,79,4751.29
2024-02-05T11:00,18.0,72,4657.85
2024-02-05T12:00,18.9,66,4339.6
2024-02-05T13:00,19.5,61,3782.38
2024-02-05T14:00,19.8,54,3678.45
2024-02-05T15:00,19.7,51,3556.2
2024-02-05T16:00,19.1,53,3494.5
2024-02-05T17:00,17.1,65,3650.63
2024-02-05T18:00,14.7,78,3894.9
2024-02-05T19:00,13.5,84,3842.08
2024-02-05T20:00,12.5,86,3620.12
2024-02-05T21:00,11.6,88,3415.89
2024-02-05T22:00,10.9,90,3077.02
2024-02-05T23:00,10.3,91,2642.7
2024-02-06T00:00,9.7,93,2151.33
2024-02-06T01:00,9.2,94,1889.35
2024-02-06T02:00,8.8,94,1763.44
2024-02-06T03:00,8.4,94,1724.8
2024-02-06T04:00,8.0,94,1822.09
2024-02-06T05:00,7.5,94,2278.83
2024-02-06T06:00,8.1,96,3269.84
2024-02-06T07:00,8.0,95,4180.66
2024-02-06T08:00,9.8,90,4490.77
2024-02-06T09:00,12.2,81,4648.74
2024-02-06T10:00,14.6,71,4430.87
2024-02-06T11:00,16.5,59,4364.12
2024-02-06T12:00,17.8,48,4210.91
2024-02-06T13:00,18.5,41,3742.29
2024-02-06T14:00,18.7,39,3670.84
2024-02-06T15:00,18.4,41,3572.48
2024-02-06T16:00,17.7,44,3551.87
2024-02-06T17:00,15.9,55,3719.17
2024-02-06T18:00,13.0,68,3962.62
2024-02-06T19:00,11.7,75,3937.26
2024-02-06T20:00,10.9,80,3679.39
2024-02-06T21:00,10.3,82,3419.93
2024-02-06T22:00,9.5,85,3129.33
2024-02-07T00:00,9.2,81,2145.78
2024-02-07T01:00,9.6,75,1896.47
2024-02-07T02:00,9.6,74,1770.26
2024-02-07T03:00,9.1,76,1717.98
2024-02-07T04:00,8.5,78,1819.4
2024-02-07T05:00,7.9,80,2298.85
2024-02-07T06:00,8.2,86,3389.82
2024-02-07T07:00,8.1,85,4212.0
2024-02-07T08:00,10.4,77,4476.33
2024-02-07T09:00,12.9,69,4634.39
2024-02-07T10:00,15.2,61,4715.48
2024-02-07T11:00,16.9,54,4519.58
2024-02-07T12:00,17.9,48,4186.26
2024-02-07T13:00,18.4,44,3769.06
2024-02-07T14:00,18.1,46,3768.36
2024-02-07T15:00,17.7,47,3852.7
2024-02-07T16:00,17.0,45,3724.28
2024-02-07T17:00,15.5,54,3817.05
2024-02-07T18:00,13.6,56,4064.78
2024-02-07T19:00,12.6,62,4004.37
2024-02-07T20:00,11.8,68,3757.96
2024-02-07T21:00,11.3,69,3508.86
2024-02-07T22:00,10.8,69,3189.2
2024-02-08T00:00,9.8,73,2190.86
2024-02-08T01:00,9.5,74,1908.88
2024-02-08T02:00,9.1,76,1791.89
2024-02-08T03:00,8.8,75,1737.94
2024-02-08T04:00,8.6,74,1840.78
2024-02-08T05:00,8.2,75,2324.28
2024-02-08T06:00,8.9,83,3370.68
2024-02-08T07:00,9.0,81,4200.03
2024-02-08T08:00,10.8,76,4452.22
2024-02-08T09:00,13.1,69,4600.83
2024-02-08T10:00,15.2,63,4661.33
2024-02-08T11:00,16.9,56,4488.29
2024-02-08T12:00,18.1,49,4234.82
2024-02-08T13:00,18.9,46,3765.14
2024-02-08T14:00,19.1,44,3701.02
2024-02-08T15:00,19.0,44,3588.47
2024-02-08T16:00,18.3,48,3561.75
2024-02-08T17:00,16.6,53,3709.73
2024-02-08T18:00,14.8,53,3973.68
2024-02-08T19:00,13.3,59,3950.01
2024-02-08T20:00,12.7,62,3707.2
2024-02-08T21:00,12.3,63,3458.96
2024-02-08T22:00,11.8,66,3074.62
2024-02-08T23:00,11.2,67,2638.38
2024-02-09T00:00,10.9,68,2173.75
2024-02-09T01:00,10.6,67,1907.56
2024-02-09T02:00,10.2,67,1783.6
2024-02-09T03:00,9.7,69,1739.63
2024-02-09T04:00,9.3,71,1853.03
2024-02-09T05:00,8.8,74,2363.63
2024-02-09T06:00,8.5,79,3460.95
2024-02-09T07:00,8.1,82,4351.58
2024-02-09T08:00,10.3,76,4597.17
2024-02-09T09:00,13.0,70,4724.39
2024-02-09T10:00,15.6,63,4792.56
2024-02-09T11:00,17.7,57,4657.51
2024-02-09T12:00,19.2,51,4383.5
2024-02-09T13:00,20.1,46,3823.26
2024-02-09T14:00,20.5,43,3694.18
2024-02-09T15:00,20.5,42,3566.17
2024-02-09T16:00,20.0,44,3500.04
2024-02-09T17:00,17.2,68,3635.7
2024-02-09T18:00,15.1,61,3906.82
2024-02-09T19:00,13.8,67,3853.83
2024-02-09T20:00,11.7,76,3577.67
2024-02-09T21:00,10.8,78,3307.67
2024-02-09T22:00,10.1,81,3044.19
2024-02-10T00:00,8.9,82,2135.74
2024-02-10T01:00,9.6,77,1897.54
2024-02-10T02:00,9.1,78,1762.72
2024-02-10T03:00,9.7,75,1725.07
2024-02-10T04:00,9.3,77,1793.4
2024-02-10T05:00,9.7,76,2137.47
2024-02-10T06:00,7.2,99,2826.1
2024-02-10T07:00,8.1,100,3660.46
2024-02-10T08:00,9.8,98,4120.72
2024-02-10T09:00,11.9,96,4401.78
2024-02-10T10:00,13.9,92,4552.41
2024-02-10T11:00,16.8,81,4333.43
2024-02-10T12:00,18.7,58,4042.84
2024-02-10T13:00,19.4,51,3571.08
2024-02-10T14:00,19.7,51,3440.61
2024-02-10T15:00,19.7,52,3270.55
2024-02-10T16:00,19.3,55,3226.5
2024-02-10T17:00,17.5,67,3380.03
2024-02-10T18:00,14.9,75,3606.39
2024-02-10T19:00,13.7,79,3560.27
2024-02-10T20:00,13.0,83,3332.09
2024-02-10T21:00,12.6,86,3103.18
2024-02-10T22:00,12.0,89,2796.78
2024-02-10T23:00,11.3,91,2477.1
2024-02-11T00:00,10.5,92,2015.33
2024-02-11T01:00,9.9,93,1783.09
2024-02-11T02:00,9.4,93,1658.75
2024-02-11T03:00,8.8,95,1612.78
2024-02-11T04:00,8.6,95,1668.36
2024-02-11T05:00,8.1,96,1927.58
2024-02-11T06:00,8.7,97,2471.67
2024-02-11T07:00,8.9,97,3204.94
2024-02-11T08:00,11.1,90,3801.96
2024-02-11T09:00,14.0,81,4205.93
2024-02-11T10:00,16.8,70,4487.46
2024-02-11T11:00,19.1,59,4407.98
2024-02-11T12:00,20.4,52,4123.06
2024-02-11T13:00,21.1,49,3599.22
2024-02-11T14:00,21.5,46,3346.14
2024-02-11T15:00,21.5,46,3097.61
2024-02-11T16:00,21.0,47,3008.47
2024-02-11T17:00,18.6,66,3138.92
2024-02-11T18:00,16.0,63,3397.97
2024-02-11T19:00,15.3,67,3388.03
2024-02-11T20:00,14.2,70,3208.67
2024-02-11T21:00,13.1,74,2999.85
2024-02-11T22:00,11.9,79,2784.07
2024-02-12T00:00,10.2,86,1947.76
2024-02-12T01:00,9.6,88,1722.11
2024-02-12T02:00,9.1,89,1617.47
2024-02-12T03:00,8.5,91,1582.64
2024-02-12T04:00,7.9,92,1702.36
2024-02-12T05:00,7.7,92,2177.66
2024-02-12T06:00,7.9,96,3208.74
2024-02-12T07:00,8.4,96,3981.8
2024-02-12T08:00,11.3,89,4195.43
2024-02-12T09:00,14.2,81,4372.46
2024-02-12T10:00,16.6,74,4444.88
2024-02-12T11:00,19.3,63,4227.66
2024-02-12T12:00,20.8,52,3997.95
2024-02-12T13:00,21.4,48,3636.03
2024-02-12T14:00,21.5,46,3592.78
2024-02-12T15:00,21.4,45,3484.16
2024-02-12T16:00,20.8,46,3427.64
2024-02-12T17:00,19.0,60,3592.48
2024-02-12T18:00,16.5,69,3778.49
2024-02-12T19:00,15.6,75,3675.69
2024-02-12T20:00,15.6,73,3419.27
2024-02-12T21:00,14.4,77,3141.79
2024-02-12T22:00,13.6,81,2807.22
2024-02-12T23:00,12.1,88,2394.21
2024-02-13T00:00,11.5,88,2012.28
2024-02-13T01:00,10.4,92,1796.36
2024-02-13T02:00,9.7,93,1699.61
2024-02-13T03:00,9.2,95,1651.78
2024-02-13T04:00,9.5,93,1755.94
2024-02-13T05:00,8.5,96,2217.42
2024-02-13T06:00,9.4,98,3226.94
2024-02-13T07:00,9.9,98,3968.44
2024-02-13T08:00,12.4,91,4179.33
2024-02-13T09:00,15.7,81,4357.58
2024-02-13T10:00,18.5,69,4466.96
2024-02-13T11:00,20.1,53,4319.82
2024-02-13T12:00,20.7,50,3959.59
2024-02-13T13:00,21.0,49,3607.42
2024-02-13T14:00,21.2,48,3567.72
2024-02-13T15:00,21.0,50,3480.78
2024-02-13T16:00,20.8,51,3408.84
2024-02-13T17:00,19.2,64,3564.14
2024-02-13T18:00,15.8,66,3769.72
2024-02-13T19:00,15.2,66,3679.95
2024-02-13T20:00,17.1,52,3404.52
2024-02-13T21:00,14.6,63,3110.98
2024-02-13T22:00,14.1,69,2841.9
2024-02-14T00:00,12.3,84,2002.77
2024-02-14T01:00,11.4,89,1792.46
2024-02-14T02:00,11.0,90,1684.54
2024-02-14T03:00,10.7,90,1652.0
2024-02-14T04:00,10.2,92,1759.42
2024-02-14T05:00,9.6,93,2228.19
2024-02-14T06:00,10.1,96,3232.25
2024-02-14T07:00,10.3,96,4045.3
2024-02-14T08:00,12.7,88,4303.0
2024-02-14T09:00,16.0,77,4502.49
2024-02-14T10:00,19.0,66,4579.04
2024-02-14T11:00,21.1,56,4372.64
2024-02-14T12:00,22.0,48,4064.06
2024-02-14T13:00,22.5,46,3609.86
2024-02-14T14:00,22.7,46,3528.59
2024-02-14T15:00,22.5,46,3411.43
2024-02-14T16:00,22.0,48,3343.43
2024-02-14T17:00,20.5,56,3485.71
2024-02-14T18:00,18.1,68,3694.86
2024-02-14T19:00,16.9,74,3604.47
2024-02-14T20:00,15.9,79,3321.18
2024-02-14T21:00,15.1,81,3013.07
2024-02-14T22:00,14.4,82,2799.59
2024-02-15T00:00,12.1,88,2025.94
2024-02-15T01:00,11.4,89,1805.84
2024-02-15T02:00,10.9,90,1699.93
2024-02-15T03:00,10.3,90,1659.31
2024-02-15T04:00,10.0,90,1741.19
2024-02-15T05:00,9.7,91,2162.16
2024-02-15T06:00,10.2,93,3058.82
2024-02-15T07:00,10.4,93,3802.56
2024-02-15T08:00,13.1,82,4005.57
2024-02-15T09:00,16.3,72,4166.84
2024-02-15T10:00,19.0,61,4269.38
2024-02-15T11:00,21.1,52,4097.98
2024-02-15T12:00,22.4,45,3855.84
2024-02-15T13:00,23.2,42,3539.08
2024-02-15T14:00,23.6,41,3357.4
2024-02-15T15:00,23.6,39,3302.32
2024-02-15T16:00,23.1,38,3274.34
2024-02-15T17:00,21.2,46,3426.27
2024-02-15T18:00,18.0,56,3630.37
2024-02-15T19:00,16.9,59,3566.07
2024-02-15T20:00,15.6,63,3301.85
2024-02-15T21:00,14.1,70,3009.2
2024-02-15T22:00,12.9,76,2725.68
2024-02-16T00:00,10.9,85,1974.2
2024-02-16T01:00,10.4,86,1775.56
2024-02-16T02:00,9.9,88,1677.19
2024-02-16T03:00,9.6,88,1639.34
2024-02-16T04:00,9.0,89,1729.93
2024-02-16T05:00,8.6,90,2176.52
2024-02-16T06:00,9.1,93,3130.68
2024-02-16T07:00,9.6,93,3953.07
2024-02-16T08:00,12.5,82,4200.53
2024-02-16T09:00,16.1,70,4346.97
2024-02-16T10:00,19.1,59,4468.0
2024-02-16T11:00,21.6,47,4338.87
2024-02-16T12:00,23.2,37,4059.92
2024-02-16T13:00,24.2,31,3534.69
2024-02-16T14:00,24.5,30,3418.44
2024-02-16T15:00,24.3,29,3289.37
2024-02-16T16:00,23.6,30,3261.24
2024-02-16T17:00,21.2,43,3383.15
2024-02-16T18:00,17.1,54,3592.03
2024-02-16T19:00,15.9,59,3542.21
2024-02-16T20:00,15.2,62,3266.63
2024-02-16T21:00,14.4,63,2961.18
2024-02-16T22:00,13.8,62,2713.46
2024-02-17T00:00,11.2,74,1983.13
2024-02-17T01:00,10.5,78,1785.08
2024-02-17T02:00,11.5,72,1682.79
2024-02-17T03:00,9.8,78,1644.99
2024-02-17T04:00,10.1,76,1734.59
2024-02-17T05:00,9.7,79,2096.49
2024-02-17T06:00,9.7,88,2832.36
2024-02-17T07:00,10.0,86,3563.1
2024-02-17T08:00,13.1,73,3816.13
2024-02-17T09:00,16.8,63,3959.96
2024-02-17T10:00,20.1,50,4087.09
2024-02-17T11:00,22.2,39,3903.54
2024-02-17T12:00,23.4,34,3619.11
2024-02-17T13:00,24.2,30,3202.27
2024-02-17T14:00,24.6,29,3133.96
2024-02-17T15:00,24.5,30,3035.08
2024-02-17T16:00,23.8,32,3000.75
2024-02-17T17:00,22.0,40,3147.16
2024-02-17T18:00,18.4,56,3368.91
2024-02-17T19:00,16.9,63,3336.65
2024-02-17T20:00,15.6,70,3065.67
2024-02-17T21:00,14.3,76,2816.57
2024-02-17T22:00,13.8,74,2530.44
2024-02-17T23:00,13.3,73,2227.18
2024-02-18T00:00,12.4,77,1895.85
2024-02-18T01:00,13.4,72,1703.34
2024-02-18T02:00,11.0,83,1606.78
2024-02-18T03:00,10.9,84,1563.92
2024-02-18T04:00,10.0,86,1613.77
2024-02-18T05:00,11.6,76,1881.62
2024-02-18T06:00,11.0,80,2361.55
2024-02-18T07:00,12.0,78,3045.93
2024-02-18T08:00,16.1,64,3546.41
2024-02-18T09:00,20.3,53,3852.58
2024-02-18T10:00,22.9,43,4078.04
2024-02-18T11:00,24.7,36,4027.72
2024-02-18T12:00,25.8,33,3787.93
2024-02-18T13:00,26.6,32,3339.51
2024-02-18T14:00,27.1,30,3131.28
2024-02-18T15:00,27.0,30,2943.53
2024-02-18T16:00,26.1,35,2878.54
2024-02-18T17:00,24.2,44,2972.0
2024-02-18T18:00,21.3,53,3204.44
2024-02-18T19:00,20.0,58,3184.63
2024-02-18T20:00,19.0,64,2964.75
2024-02-18T21:00,18.4,65,2694.0
2024-02-18T22:00,18.3,65,2407.72
2024-02-18T23:00,17.5,68,2127.91
2024-02-19T00:00,17.0,69,1844.79
2024-02-19T01:00,16.4,70,1673.51
2024-02-19T02:00,16.0,71,1581.44
2024-02-19T03:00,15.5,71,1552.23
2024-02-19T04:00,15.1,72,1649.53
2024-02-19T05:00,14.7,73,2067.41
2024-02-19T06:00,15.1,73,2959.6
2024-02-19T07:00,15.3,72,3658.67
2024-02-19T08:00,17.3,66,3806.63
2024-02-19T09:00,19.6,57,3923.5
2024-02-19T10:00,21.9,52,4064.43
2024-02-19T11:00,23.8,49,3892.02
2024-02-19T12:00,25.2,46,3656.14
2024-02-19T13:00,26.3,44,3266.99
2024-02-19T14:00,26.8,44,3248.34
2024-02-19T15:00,26.6,44,3191.0
2024-02-19T16:00,26.2,47,3166.46
2024-02-19T17:00,25.3,52,3297.01
2024-02-19T18:00,23.1,58,3467.73
2024-02-19T19:00,22.0,62,3412.33
2024-02-19T20:00,21.2,63,3169.54
2024-02-19T21:00,20.3,66,2889.0
2024-02-19T22:00,19.3,71,2625.4
2024-02-19T23:00,19.0,71,2356.06
2024-02-20T00:00,18.5,72,2057.68
2024-02-20T01:00,18.0,73,1888.81
2024-02-20T02:00,17.1,79,1812.5
2024-02-20T03:00,16.5,83,1792.9
2024-02-20T04:00,16.1,87,1881.31
2024-02-20T05:00,15.3,90,2252.27
2024-02-20T06:00,16.0,87,3028.46
2024-02-20T07:00,15.9,88,3642.76
2024-02-20T08:00,17.7,80,3836.97
2024-02-20T09:00,20.0,71,3946.09
2024-02-20T10:00,21.4,65,4021.01
2024-02-20T11:00,24.0,56,3933.47
2024-02-20T12:00,25.6,48,3731.33
2024-02-20T13:00,26.9,33,3356.37
2024-02-20T14:00,27.3,26,3319.06
2024-02-20T15:00,27.1,23,3269.71
2024-02-20T16:00,26.4,26,3249.96
2024-02-20T17:00,24.8,47,3358.94
2024-02-20T18:00,21.6,55,3523.52
2024-02-20T19:00,19.9,69,3464.39
2024-02-20T20:00,18.7,78,3200.38
2024-02-20T21:00,16.9,85,2916.84
2024-02-20T22:00,17.1,83,2632.25
2024-02-20T23:00,16.4,84,2369.91
2024-02-21T00:00,14.6,92,2080.17
2024-02-21T01:00,14.6,91,1922.27
2024-02-21T02:00,13.5,94,1848.95
2024-02-21T03:00,12.9,96,1816.52
2024-02-21T04:00,12.4,97,1904.64
2024-02-21T05:00,12.2,97,2285.39
2024-02-21T06:00,13.2,93,3078.67
2024-02-21T07:00,13.7,92,3756.98
2024-02-21T08:00,16.1,83,3938.4
2024-02-21T09:00,18.9,70,4036.58
2024-02-21T10:00,21.8,56,4108.06
2024-02-21T11:00,23.8,39,3981.08
2024-02-21T12:00,25.0,28,3782.91
2024-02-21T13:00,25.7,20,3383.23
2024-02-21T14:00,25.9,18,3331.83
2024-02-21T15:00,25.6,17,3271.47
2024-02-21T16:00,25.1,18,3239.38
2024-02-21T17:00,23.1,25,3362.21
2024-02-21T18:00,19.7,37,3536.94
2024-02-21T19:00,18.7,41,3479.2
2024-02-21T20:00,17.8,43,3213.95
2024-02-21T21:00,16.9,46,2938.09
2024-02-21T22:00,16.2,46,2658.88
2024-02-21T23:00,16.0,52,2403.03
2024-02-22T00:00,15.9,60,2091.69
2024-02-22T01:00,15.7,61,1930.97
2024-02-22T02:00,15.1,63,1843.3
2024-02-22T03:00,15.0,62,1817.74
2024-02-22T04:00,12.7,73,1892.81
2024-02-22T05:00,10.9,83,2247.66
2024-02-22T06:00,11.9,87,3020.37
2024-02-22T07:00,12.5,84,3717.34
2024-02-22T08:00,15.3,74,3840.19
2024-02-22T09:00,17.5,64,3905.77
2024-02-22T10:00,19.7,53,3974.77
2024-02-22T11:00,21.8,42,3826.51
2024-02-22T12:00,23.1,31,3637.68
2024-02-22T13:00,24.0,22,3278.81
2024-02-22T14:00,23.9,22,3264.47
2024-02-22T15:00,23.5,21,3229.54
2024-02-22T16:00,23.1,21,3212.93
2024-02-22T17:00,21.7,25,3357.31
2024-02-22T18:00,19.4,34,3526.73
2024-02-22T19:00,17.6,42,3491.41
2024-02-22T20:00,16.2,46,3203.45
2024-02-22T21:00,14.9,50,2925.26
2024-02-22T22:00,13.8,55,2701.03
2024-02-23T00:00,12.1,59,2098.13
2024-02-23T01:00,12.1,56,1926.58
2024-02-23T02:00,11.5,57,1838.8
2024-02-23T03:00,10.5,61,1806.87
2024-02-23T04:00,9.6,63,1900.57
2024-02-23T05:00,8.5,68,2299.85
2024-02-23T06:00,9.4,77,3169.22
2024-02-23T07:00,10.7,71,3822.77
2024-02-23T08:00,13.6,61,3985.18
2024-02-23T09:00,16.6,51,4095.15
2024-02-23T10:00,19.1,43,4186.66
2024-02-23T11:00,21.1,33,4001.76
2024-02-23T12:00,22.1,28,3884.79
2024-02-23T13:00,22.6,26,3432.72
2024-02-23T14:00,22.8,24,3316.9
2024-02-23T15:00,22.6,24,3247.2
2024-02-23T16:00,22.0,25,3237.92
2024-02-23T17:00,20.6,29,3359.32
2024-02-23T18:00,17.0,40,3530.02
2024-02-23T19:00,15.4,47,3481.34
2024-02-23T20:00,14.7,51,3206.8
2024-02-23T21:00,13.6,53,2926.98
2024-02-23T22:00,13.8,50,2714.97
2024-02-24T00:00,12.7,48,2110.18
2024-02-24T01:00,10.7,58,1948.46
2024-02-24T02:00,10.8,58,1854.64
2024-02-24T03:00,9.3,65,1822.55
2024-02-24T04:00,9.5,63,1901.05
2024-02-24T05:00,11.8,52,2213.68
2024-02-24T06:00,11.6,69,2831.77
2024-02-24T07:00,12.4,66,3433.35
2024-02-24T08:00,14.2,62,3661.0
2024-02-24T09:00,17.3,51,3802.68
2024-02-24T10:00,19.7,42,3894.92
2024-02-24T11:00,20.6,36,3758.01
2024-02-24T12:00,22.3,29,3577.33
2024-02-24T13:00,23.4,23,3222.67
2024-02-24T14:00,22.6,25,3113.81
2024-02-24T15:00,22.0,29,3035.79
2024-02-24T16:00,22.0,28,3004.72
2024-02-24T17:00,20.8,36,3118.95
2024-02-24T18:00,18.1,34,3308.68
2024-02-24T19:00,16.6,41,3274.24
2024-02-24T20:00,15.9,43,3047.51
2024-02-24T21:00,17.0,38,2811.61
2024-02-24T22:00,14.3,46,2601.51
2024-02-25T00:00,13.2,42,2037.89
2024-02-25T01:00,11.1,48,1874.16
2024-02-25T02:00,10.6,51,1790.07
2024-02-25T03:00,10.5,50,1750.64
2024-02-25T04:00,10.8,48,1819.75
2024-02-25T05:00,12.3,42,2041.13
2024-02-25T06:00,11.4,71,2479.7
2024-02-25T07:00,12.2,69,3103.49
2024-02-25T08:00,14.7,60,3495.74
2024-02-25T09:00,18.0,49,3790.64
2024-02-25T10:00,21.1,37,4009.78
2024-02-25T11:00,23.2,25,3967.58
2024-02-25T12:00,24.1,21,3785.08
2024-02-25T13:00,24.7,19,3469.67
2024-02-25T14:00,25.0,18,3251.77
2024-02-25T15:00,24.7,18,3079.31
2024-02-25T16:00,23.7,19,2977.97
2024-02-25T17:00,22.5,18,3092.79
2024-02-25T18:00,19.9,27,3280.04
2024-02-25T19:00,19.1,31,3215.83
2024-02-25T20:00,16.6,38,3006.78
2024-02-25T21:00,15.7,42,2787.96
2024-02-25T22:00,15.5,44,2573.42
2024-02-26T00:00,14.7,50,1989.78
2024-02-26T01:00,14.1,51,1841.44
2024-02-26T02:00,13.5,53,1774.66
2024-02-26T03:00,13.1,53,1753.5
2024-02-26T04:00,11.7,58,1847.22
2024-02-26T05:00,11.1,60,2240.16
2024-02-26T06:00,12.6,67,2964.0
2024-02-26T07:00,13.3,75,3602.7
2024-02-26T08:00,15.0,60,3765.13
2024-02-26T09:00,17.7,52,3834.72
2024-02-26T10:00,21.0,40,3937.57
2024-02-26T11:00,23.3,27,3804.86
2024-02-26T12:00,24.3,25,3630.94
2024-02-26T13:00,24.6,25,3288.91
2024-02-26T14:00,24.1,26,3251.91
2024-02-26T15:00,23.8,28,3162.05
2024-02-26T16:00,23.5,28,3117.88
2024-02-26T17:00,22.0,40,3258.18
2024-02-26T18:00,18.8,37,3407.83
2024-02-26T19:00,17.0,46,3370.83
2024-02-26T20:00,17.3,45,3128.19
2024-02-26T21:00,15.7,49,2868.21
2024-02-26T22:00,15.0,52,2678.73
2024-02-27T00:00,15.2,48,2039.2
2024-02-27T01:00,14.7,52,1881.96
2024-02-27T02:00,14.5,52,1809.96
2024-02-27T03:00,15.0,50,1780.72
2024-02-27T04:00,15.0,53,1873.3
2024-02-27T05:00,14.3,62,2254.79
2024-02-27T06:00,15.5,55,2980.84
2024-02-27T07:00,15.1,60,3605.03
2024-02-27T08:00,16.1,59,3811.1
2024-02-27T09:00,17.5,51,3902.8
2024-02-27T10:00,19.3,47,3965.09
2024-02-27T11:00,22.3,35,3838.61
2024-02-27T12:00,23.5,30,3638.41
2024-02-27T13:00,24.1,28,3272.92
2024-02-27T14:00,24.5,27,3257.2
2024-02-27T15:00,24.2,27,3146.19
2024-02-27T16:00,23.5,28,3123.72
2024-02-27T17:00,22.2,29,3265.73
2024-02-27T18:00,18.3,43,3447.55
2024-02-27T19:00,17.7,48,3413.22
2024-02-27T20:00,16.6,51,3164.67
2024-02-27T21:00,15.6,53,2896.47
2024-02-27T22:00,14.5,57,2670.05
2024-02-28T00:00,13.9,65,2053.21
2024-02-28T01:00,13.2,70,1885.86
2024-02-28T02:00,12.6,75,1814.25
2024-02-28T03:00,12.2,76,1781.2
2024-02-28T04:00,11.8,78,1862.44
2024-02-28T05:00,11.4,79,2241.66
2024-02-28T06:00,11.6,78,3061.98
2024-02-28T07:00,12.0,76,3735.64
2024-02-28T08:00,14.4,67,3870.51
2024-02-28T09:00,17.2,57,3979.75
2024-02-28T10:00,19.8,48,4046.0
2024-02-28T11:00,21.9,40,3915.5
2024-02-28T12:00,23.2,35,3722.48
2024-02-28T13:00,23.8,33,3346.03
2024-02-28T14:00,24.0,33,3284.68
2024-02-28T15:00,23.8,34,3206.98
2024-02-28T16:00,23.3,36,3201.73
2024-02-28T17:00,22.5,38,3337.52
2024-02-28T18:00,20.0,47,3505.6
2024-02-28T19:00,18.5,54,3474.32
2024-02-28T20:00,17.5,57,3193.47
2024-02-28T21:00,16.4,61,2916.1
2024-02-28T22:00,15.6,65,2720.32
2024-02-29T00:00,14.4,68,2081.15
2024-02-29T01:00,13.9,69,1917.58
2024-02-29T02:00,13.4,71,1826.18
2024-02-29T03:00,12.9,74,1791.24
2024-02-29T04:00,12.4,76,1874.16
2024-02-29T05:00,12.0,77,2222.25
2024-02-29T06:00,12.4,79,2954.04
2024-02-29T07:00,12.9,77,3653.86
2024-02-29T08:00,15.6,68,3813.17
2024-02-29T09:00,18.7,57,3944.38
2024-02-29T10:00,21.4,46,3980.16
2024-02-29T11:00,23.3,38,3848.41
2024-02-29T12:00,24.7,34,3670.28
2024-02-29T13:00,25.7,31,3302.0
2024-02-29T14:00,26.2,29,3256.79
2024-02-29T15:00,26.3,28,3214.47
2024-02-29T16:00,25.8,28,3223.94
2024-02-29T17:00,24.4,33,3345.64
2024-02-29T18:00,19.9,51,3496.08
2024-02-29T19:00,18.8,57,3449.5
2024-02-29T20:00,17.5,64,3173.15
2024-02-29T21:00,17.5,63,2889.05
2024-02-29T22:00,16.0,67,2632.46
2024-02-29T23:00,15.1,69,2362.33
2024-03-01T00:00,14.4,72,2084.19
2024-03-01T01:00,14.0,74,1922.49
2024-03-01T02:00,16.0,64,1846.25
2024-03-01T03:00,16.1,63,1821.71
2024-03-01T04:00,15.7,65,1904.6
2024-03-01T05:00,13.9,74,2278.37
2024-03-01T06:00,14.7,76,3064.42
2024-03-01T07:00,15.5,75,3707.01
2024-03-01T08:00,18.2,66,3831.19
2024-03-01T09:00,21.4,56,4002.25
2024-03-01T10:00,23.0,52,4114.64
2024-03-01T11:00,22.7,56,4030.58
2024-03-01T12:00,23.2,54,3867.41
2024-03-01T13:00,23.4,54,3457.9
2024-03-01T14:00,25.7,44,3317.48
2024-03-01T15:00,26.5,40,3256.03
2024-03-01T16:00,25.8,44,3211.41
2024-03-01T17:00,24.4,49,3333.97
2024-03-01T18:00,24.1,48,3486.79
2024-03-01T19:00,21.8,61,3417.0
2024-03-01T20:00,20.8,60,3158.76
2024-03-01T21:00,20.1,64,2870.1
2024-03-01T22:00,20.2,63,2659.48
2024-03-02T00:00,19.5,67,2087.36
2024-03-02T01:00,19.3,69,1927.15
2024-03-02T02:00,18.9,69,1853.78
2024-03-02T03:00,19.0,66,1823.51
2024-03-02T04:00,18.8,68,1909.05
2024-03-02T05:00,18.7,67,2209.3
2024-03-02T06:00,18.6,72,2780.52
2024-03-02T07:00,18.1,78,3363.48
2024-03-02T08:00,18.4,80,3526.08
2024-03-02T09:00,18.3,85,3572.31
2024-03-02T10:00,20.0,81,3695.64
2024-03-02T11:00,22.7,62,3609.08
2024-03-02T12:00,24.3,56,3488.13
2024-03-02T13:00,24.7,54,3175.48
2024-03-02T14:00,24.0,55,3072.26
2024-03-02T15:00,23.4,60,2981.49
2024-03-02T16:00,23.6,59,2923.84
2024-03-02T17:00,18.2,89,3025.27
2024-03-02T18:00,18.3,87,3244.94
2024-03-02T19:00,18.5,85,3214.47
2024-03-02T20:00,17.5,92,2965.39
2024-03-02T21:00,17.8,92,2737.89
2024-03-02T22:00,17.9,93,2527.64
2024-03-03T00:00,17.2,94,2003.38
2024-03-03T01:00,16.9,93,1846.05
2024-03-03T02:00,15.7,96,1764.19
2024-03-03T03:00,15.4,97,1723.39
2024-03-03T04:00,16.0,93,1797.12
2024-03-03T05:00,15.6,93,2003.38
2024-03-03T06:00,15.5,91,2392.44
2024-03-03T07:00,15.5,82,2972.5
2024-03-03T08:00,16.0,64,3371.59
2024-03-03T09:00,17.2,50,3666.36
2024-03-03T10:00,18.6,51,3869.03
2024-03-03T11:00,20.0,55,3804.67
2024-03-03T12:00,21.1,53,3609.54
2024-03-03T13:00,22.2,47,3257.76
2024-03-03T14:00,22.7,41,3099.1
2024-03-03T15:00,22.5,37,2953.52
2024-03-03T16:00,21.6,35,2888.93
2024-03-03T17:00,20.2,40,2948.64
2024-03-03T18:00,18.5,50,3131.48
2024-03-03T19:00,17.1,58,3136.47
2024-03-03T20:00,15.7,73,2933.24
2024-03-03T21:00,14.7,95,2709.86
2024-03-03T22:00,14.0,98,2523.74
2024-03-04T00:00,12.2,100,1983.36
2024-03-04T01:00,11.7,100,1827.14
2024-03-04T02:00,11.8,100,1750.61
2024-03-04T03:00,11.9,100,1735.07
2024-03-04T04:00,12.2,99,1818.34
2024-03-04T05:00,12.4,96,2178.99
2024-03-04T06:00,11.1,98,2924.35
2024-03-04T07:00,12.0,98,3586.25
2024-03-04T08:00,13.9,91,3714.41
2024-03-04T09:00,17.0,71,3817.06
2024-03-04T10:00,19.8,32,3891.2
2024-03-04T11:00,20.9,24,3749.79
2024-03-04T12:00,21.5,23,3565.65
2024-03-04T13:00,21.7,24,3165.05
2024-03-04T14:00,21.6,25,3123.67
2024-03-04T15:00,21.3,27,3050.64
2024-03-04T16:00,20.7,29,3032.61
2024-03-04T17:00,19.5,35,3173.87
2024-03-04T18:00,17.3,46,3354.23
2024-03-04T19:00,15.7,51,3331.33
2024-03-04T20:00,14.5,53,3053.43
2024-03-04T21:00,13.8,53,2765.63
2024-03-04T22:00,12.8,56,2540.67
2024-03-05T00:00,11.3,62,1917.34
2024-03-05T01:00,10.6,65,1733.34
2024-03-05T02:00,10.3,66,1649.76
2024-03-05T03:00,9.9,67,1610.08
2024-03-05T04:00,9.5,67,1696.31
2024-03-05T05:00,8.9,67,2083.67
2024-03-05T06:00,9.2,73,2882.09
2024-03-05T07:00,10.0,70,3580.79
2024-03-05T08:00,12.4,63,3747.94
2024-03-05T09:00,15.0,56,3891.55
2024-03-05T10:00,17.3,48,3955.2
2024-03-05T11:00,18.8,41,3749.39
2024-03-05T12:00,19.9,37,3572.87
2024-03-05T13:00,20.7,34,3204.91
2024-03-05T14:00,20.9,34,3161.75
2024-03-05T15:00,20.9,33,3079.95
2024-03-05T16:00,20.3,35,3090.52
2024-03-05T17:00,19.2,40,3260.78
2024-03-05T18:00,16.3,49,3475.71
2024-03-05T19:00,15.4,54,3397.96
2024-03-05T20:00,15.7,54,3127.75
2024-03-05T21:00,14.4,59,2819.48
2024-03-05T22:00,13.0,63,2594.26
2024-03-06T00:00,12.8,64,1946.33
2024-03-06T01:00,12.2,65,1775.11
2024-03-06T02:00,11.8,65,1684.64
2024-03-06T03:00,11.0,67,1653.89
2024-03-06T04:00,10.0,71,1745.08
2024-03-06T05:00,9.9,69,2141.15
2024-03-06T06:00,9.2,70,2929.01
2024-03-06T07:00,9.9,67,3655.44
2024-03-06T08:00,12.6,61,3852.23
2024-03-06T09:00,15.5,51,3981.86
2024-03-06T10:00,17.8,41,4136.81
2024-03-06T11:00,19.2,37,3974.61
2024-03-06T12:00,19.4,37,3704.63
2024-03-06T13:00,19.1,40,3309.47
2024-03-06T14:00,20.2,38,3225.7
2024-03-06T15:00,21.1,38,3155.72
2024-03-06T16:00,20.8,38,3150.6
2024-03-06T17:00,20.0,42,3299.99
2024-03-06T18:00,18.0,53,3481.09
2024-03-06T19:00,16.5,57,3459.03
2024-03-06T20:00,14.7,67,3141.76
2024-03-06T21:00,14.4,69,2827.83
2024-03-06T22:00,12.7,75,2532.96
2024-03-06T23:00,14.1,66,2258.73
2024-03-07T00:00,15.0,60,1923.73
2024-03-07T01:00,11.7,74,1742.25
2024-03-07T02:00,11.3,76,1653.45
2024-03-07T03:00,10.3,81,1614.11
2024-03-07T04:00,10.2,81,1697.76
2024-03-07T05:00,10.1,81,2077.54
2024-03-07T06:00,10.1,84,2877.95
2024-03-07T07:00,12.0,75,3631.27
2024-03-07T08:00,15.1,66,3787.22
2024-03-07T09:00,18.0,53,3871.07
2024-03-07T10:00,20.2,45,3964.08
2024-03-07T11:00,21.7,40,3744.36
2024-03-07T12:00,22.9,36,3514.2
2024-03-07T13:00,23.9,32,3118.15
2024-03-07T14:00,24.2,31,3085.29
2024-03-07T15:00,24.0,32,3036.22
2024-03-07T16:00,23.4,35,3045.41
2024-03-07T17:00,22.4,40,3281.61
2024-03-07T18:00,19.3,54,3445.52
2024-03-07T19:00,18.2,58,3408.55
2024-03-07T20:00,17.9,51,3109.49
2024-03-07T21:00,17.6,49,2796.21
2024-03-07T22:00,16.5,53,2574.96
2024-03-08T00:00,13.3,67,1956.12
2024-03-08T01:00,12.9,67,1771.99
2024-03-08T02:00,12.1,70,1676.72
2024-03-08T03:00,12.2,69,1657.23
2024-03-08T04:00,11.6,72,1802.77
2024-03-08T05:00,11.3,73,2255.4
2024-03-08T06:00,11.8,75,3002.46
2024-03-08T07:00,13.0,71,3844.38
2024-03-08T08:00,15.9,63,4208.14
2024-03-08T09:00,18.7,55,4366.41
2024-03-08T10:00,21.4,47,4252.21
2024-03-08T11:00,23.6,37,3988.63
2024-03-08T12:00,24.8,30,3701.73
2024-03-08T13:00,25.2,31,3182.72
2024-03-08T14:00,25.4,30,3061.73
2024-03-08T15:00,25.1,30,2976.45
2024-03-08T16:00,24.4,32,2952.63
2024-03-08T17:00,23.2,36,3082.52
2024-03-08T18:00,20.5,44,3240.11
2024-03-08T19:00,18.6,51,3213.93
2024-03-08T20:00,17.5,53,2954.98
2024-03-08T21:00,16.6,52,2692.07
2024-03-08T22:00,15.8,53,2470.51
2024-03-09T00:00,14.6,55,1885.36
2024-03-09T01:00,14.1,55,1726.68
2024-03-09T02:00,13.5,56,1638.41
2024-03-09T03:00,12.9,58,1603.66
2024-03-09T04:00,12.3,62,1694.04
2024-03-09T05:00,11.8,66,2030.38
2024-03-09T06:00,12.1,72,2657.16
2024-03-09T07:00,12.8,70,3321.8
2024-03-09T08:00,15.6,61,3493.05
2024-03-09T09:00,18.4,52,3616.52
2024-03-09T10:00,20.8,44,3707.47
2024-03-09T11:00,22.6,38,3560.44
2024-03-09T12:00,23.9,36,3378.95
2024-03-09T13:00,24.8,32,3016.39
2024-03-09T14:00,25.2,29,2947.39
2024-03-09T15:00,25.1,28,2901.7
2024-03-09T16:00,24.6,29,2887.72
2024-03-09T17:00,23.3,34,3043.68
2024-03-09T18:00,19.2,43,3220.26
2024-03-09T19:00,18.3,50,3207.32
2024-03-09T20:00,17.5,53,2943.17
2024-03-09T21:00,16.3,56,2664.02
2024-03-09T22:00,15.1,60,2436.11
2024-03-10T00:00,13.6,68,1869.52
2024-03-10T01:00,12.9,72,1705.82
2024-03-10T02:00,13.3,71,1603.66
2024-03-10T03:00,13.1,71,1571.06
2024-03-10T04:00,13.1,69,1635.16
2024-03-10T05:00,12.8,69,1895.59
2024-03-10T06:00,12.0,73,2386.3
2024-03-10T07:00,13.0,70,3029.68
2024-03-10T08:00,16.3,60,3341.48
2024-03-10T09:00,19.8,50,3571.09
2024-03-10T10:00,22.6,39,3728.14
2024-03-10T11:00,24.3,33,3682.17
2024-03-10T12:00,25.5,30,3475.34
2024-03-10T13:00,26.2,29,3089.94
2024-03-10T14:00,26.6,28,2934.9
2024-03-10T15:00,26.3,27,2850.7
2024-03-10T16:00,25.9,28,2778.77
2024-03-10T17:00,24.6,34,2890.7
2024-03-10T18:00,20.8,47,3099.58
2024-03-10T19:00,21.1,48,3071.6
2024-03-10T20:00,20.3,50,2856.5
2024-03-10T21:00,19.8,50,2616.38
2024-03-10T22:00,19.3,52,2399.36
2024-03-11T00:00,18.5,56,1838.9
2024-03-11T01:00,17.3,62,1695.01
2024-03-11T02:00,17.6,61,1609.94
2024-03-11T03:00,17.4,61,1581.66
2024-03-11T04:00,17.5,62,1676.11
2024-03-11T05:00,16.8,66,2054.16
2024-03-11T06:00,14.8,83,2839.53
2024-03-11T07:00,17.0,73,3536.65
2024-03-11T08:00,20.1,64,3672.04
2024-03-11T09:00,23.3,54,3775.67
2024-03-11T10:00,26.0,42,3889.26
2024-03-11T11:00,27.6,33,3780.12
2024-03-11T12:00,28.6,29,3596.56
2024-03-11T13:00,29.2,28,3194.88
2024-03-11T14:00,29.5,27,3204.53
2024-03-11T15:00,29.4,28,3181.4
2024-03-11T16:00,28.5,31,3154.85
2024-03-11T17:00,27.2,35,3267.46
2024-03-11T18:00,25.3,29,3423.7
2024-03-11T19:00,23.1,33,3393.49
2024-03-11T20:00,21.9,34,3088.88
2024-03-11T21:00,20.5,37,2775.56
2024-03-11T22:00,19.4,42,2551.49
2024-03-12T00:00,17.7,53,2002.68
2024-03-12T01:00,16.7,57,1841.99
2024-03-12T02:00,16.2,59,1773.18
2024-03-12T03:00,16.0,60,1745.69
2024-03-12T04:00,14.8,66,1870.47
2024-03-12T05:00,13.9,70,2195.93
2024-03-12T06:00,15.4,74,2840.5
2024-03-12T07:00,16.3,70,3453.83
2024-03-12T08:00,19.4,57,3590.91
2024-03-12T09:00,22.6,49,3705.83
2024-03-12T10:00,25.6,42,3792.06
2024-03-12T11:00,27.4,35,3704.41
2024-03-12T12:00,28.5,29,3544.85
2024-03-12T13:00,29.0,28,3195.26
2024-03-12T14:00,29.1,29,3192.42
2024-03-12T15:00,29.0,28,3155.61
2024-03-12T16:00,28.5,28,3170.87
2024-03-12T17:00,27.3,32,3274.39
2024-03-12T18:00,25.4,31,3394.78
2024-03-12T19:00,23.6,37,3359.89
2024-03-12T20:00,22.4,40,3075.86
2024-03-12T21:00,21.3,45,2791.19
2024-03-12T22:00,20.8,48,2599.3
2024-03-13T00:00,19.2,52,2043.44
2024-03-13T01:00,17.5,59,1877.38
2024-03-13T02:00,18.8,54,1796.29
2024-03-13T03:00,15.4,67,1775.6
2024-03-13T04:00,14.4,72,1903.62
2024-03-13T05:00,13.9,77,2214.26
2024-03-13T06:00,14.3,81,2870.78
2024-03-13T07:00,15.7,76,3462.32
2024-03-13T08:00,19.3,63,3623.86
2024-03-13T09:00,22.7,52,3714.74
2024-03-13T10:00,25.4,42,3836.62
2024-03-13T11:00,27.4,34,3756.7
2024-03-13T12:00,28.8,29,3622.53
2024-03-13T13:00,29.4,25,3277.62
2024-03-13T14:00,29.3,27,3291.64
2024-03-13T15:00,26.7,38,3303.92
2024-03-13T16:00,27.1,34,3309.25
2024-03-13T17:00,26.6,35,3367.44
2024-03-13T18:00,23.4,43,3407.23
2024-03-13T19:00,22.3,44,3398.33
2024-03-13T20:00,20.8,52,3111.63
2024-03-13T21:00,19.3,62,2794.03
2024-03-13T22:00,18.3,67,2582.04
2024-03-14T00:00,16.9,74,2058.54
2024-03-14T01:00,16.3,77,1916.97
2024-03-14T02:00,15.5,81,1833.46
2024-03-14T03:00,15.0,83,1806.36
2024-03-14T04:00,14.7,84,1922.16
2024-03-14T05:00,14.1,86,2239.21
2024-03-14T06:00,15.2,86,2872.21
2024-03-14T07:00,16.4,81,3400.5
2024-03-14T08:00,19.4,67,3523.47
2024-03-14T09:00,22.7,51,3633.3
2024-03-14T10:00,25.6,40,3776.23
2024-03-14T11:00,27.5,33,3702.51
2024-03-14T12:00,28.6,28,3574.97
2024-03-14T13:00,29.2,26,3240.51
2024-03-14T14:00,29.1,26,3275.93
2024-03-14T15:00,28.7,26,3251.44
2024-03-14T16:00,28.0,27,3261.94
2024-03-14T17:00,27.0,30,3366.18
2024-03-14T18:00,25.0,33,3459.18
2024-03-14T19:00,23.3,38,3448.53
2024-03-14T20:00,21.5,46,3148.13
2024-03-14T21:00,20.2,49,2828.32
2024-03-14T22:00,19.3,48,2625.71
2024-03-15T00:00,18.4,44,2110.89
2024-03-15T01:00,17.5,48,1956.15
2024-03-15T02:00,16.5,53,1881.33
2024-03-15T03:00,15.6,57,1850.62
2024-03-15T04:00,14.9,58,1957.1
2024-03-15T05:00,14.3,58,2275.86
2024-03-15T06:00,14.9,65,2901.65
2024-03-15T07:00,15.9,62,3506.61
2024-03-15T08:00,18.3,55,3643.74
2024-03-15T09:00,21.0,48,3794.18
2024-03-15T10:00,23.7,40,3915.07
2024-03-15T11:00,25.6,31,3889.39
2024-03-15T12:00,26.6,25,3751.32
2024-03-15T13:00,27.1,23,3285.23
2024-03-15T14:00,27.2,23,3238.09
2024-03-15T15:00,27.0,24,3191.45
2024-03-15T16:00,26.6,25,3216.56
2024-03-15T17:00,25.4,28,3326.5
2024-03-15T18:00,22.7,32,3437.61
2024-03-15T19:00,20.4,39,3409.64
2024-03-15T20:00,18.9,42,3108.43
2024-03-15T21:00,17.6,45,2777.44
2024-03-15T22:00,16.2,49,2599.16
2024-03-16T00:00,14.0,60,2098.13
2024-03-16T01:00,13.6,61,1944.41
2024-03-16T02:00,13.5,60,1863.15
2024-03-16T03:00,12.8,63,1828.61
2024-03-16T04:00,12.7,64,1938.09
2024-03-16T05:00,13.0,59,2227.39
2024-03-16T06:00,12.7,73,2760.08
2024-03-16T07:00,14.3,67,3256.82
2024-03-16T08:00,17.5,57,3384.49
2024-03-16T09:00,20.9,47,3505.51
2024-03-16T10:00,23.9,36,3615.5
2024-03-16T11:00,25.6,28,3504.6
2024-03-16T12:00,26.5,25,3379.63
2024-03-16T13:00,27.1,25,3065.32
2024-03-16T14:00,27.6,25,3042.1
2024-03-16T15:00,27.5,25,3035.84
2024-03-16T16:00,26.9,24,3039.12
2024-03-16T17:00,25.7,26,3135.14
2024-03-16T18:00,23.2,26,3242.72
2024-03-16T19:00,20.7,35,3229.47
2024-03-16T20:00,19.8,42,2974.83
2024-03-16T21:00,18.6,44,2719.21
2024-03-16T22:00,17.4,47,2507.64
2024-03-17T00:00,15.6,53,2041.79
2024-03-17T01:00,14.8,55,1894.86
2024-03-17T02:00,13.8,60,1818.61
2024-03-17T03:00,14.1,58,1776.76
2024-03-17T04:00,13.4,60,1861.82
2024-03-17T05:00,11.8,68,2074.38
2024-03-17T06:00,13.4,73,2428.62
2024-03-17T07:00,15.0,68,2911.51
2024-03-17T08:00,18.6,57,3154.68
2024-03-17T09:00,21.9,47,3391.95
2024-03-17T10:00,24.6,38,3560.25
2024-03-17T11:00,26.6,29,3517.3
2024-03-17T12:00,27.7,25,3391.41
2024-03-17T13:00,28.4,24,3045.92
2024-03-17T14:00,28.8,23,2968.62
2024-03-17T15:00,28.8,24,2862.55
2024-03-17T16:00,28.3,24,2837.53
2024-03-17T17:00,27.1,26,2916.06
2024-03-17T18:00,23.0,38,3053.94
2024-03-17T19:00,21.3,46,3090.5
2024-03-17T20:00,20.5,52,2888.34
2024-03-17T21:00,19.6,51,2652.96
2024-03-17T22:00,18.7,51,2483.28
2024-03-18T00:00,16.8,59,2036.32
2024-03-18T01:00,15.7,63,1880.71
2024-03-18T02:00,14.4,69,1802.93
2024-03-18T03:00,13.8,72,1789.25
2024-03-18T04:00,13.8,73,1900.08
2024-03-18T05:00,13.5,74,2197.6
2024-03-18T06:00,13.0,79,2797.33
2024-03-18T07:00,14.8,72,3372.97
2024-03-18T08:00,18.5,58,3509.7
2024-03-18T09:00,21.8,47,3636.82
2024-03-18T10:00,24.5,37,3749.62
2024-03-18T11:00,26.4,29,3657.94
2024-03-18T12:00,27.5,26,3514.39
2024-03-18T13:00,28.2,25,3186.95
2024-03-18T14:00,28.5,25,3211.58
2024-03-18T15:00,28.3,25,3116.25
2024-03-18T16:00,27.8,27,3093.76
2024-03-18T17:00,26.8,29,3209.9
2024-03-18T18:00,23.0,39,3389.41
2024-03-18T19:00,21.4,46,3357.47
2024-03-18T20:00,20.7,48,3070.32
2024-03-18T21:00,19.9,45,2792.37
2024-03-18T22:00,19.1,45,2603.65
2024-03-19T00:00,16.7,56,2121.06
2024-03-19T01:00,15.3,63,1978.38
2024-03-19T02:00,15.2,64,1900.73
2024-03-19T03:00,14.4,66,1870.95
2024-03-19T04:00,14.1,67,1968.41
2024-03-19T05:00,13.6,70,2265.47
2024-03-19T06:00,14.3,73,2842.3
2024-03-19T07:00,16.5,65,3379.82
2024-03-19T08:00,19.6,56,3518.98
2024-03-19T09:00,22.9,47,3626.55
2024-03-19T10:00,25.8,38,3753.54
2024-03-19T11:00,27.7,29,3713.71
2024-03-19T12:00,28.8,24,3608.41
2024-03-19T13:00,29.6,21,3295.05
2024-03-19T14:00,29.8,20,3315.06
2024-03-19T15:00,29.3,21,3307.79
2024-03-19T16:00,28.8,22,3298.78
2024-03-19T17:00,27.8,24,3403.08
2024-03-19T18:00,24.6,29,3480.48
2024-03-19T19:00,23.4,33,3464.6
2024-03-19T20:00,22.3,39,3209.72
2024-03-19T21:00,19.9,48,2937.19
2024-03-19T22:00,18.3,55,2770.26
2024-03-20T00:00,20.5,47,2315.87
2024-03-20T01:00,18.2,55,2191.9
2024-03-20T02:00,15.4,68,2113.69
2024-03-20T03:00,15.9,66,2086.07
2024-03-20T04:00,14.3,74,2186.54
2024-03-20T05:00,14.2,75,2457.2
2024-03-20T06:00,15.0,79,2988.06
2024-03-20T07:00,17.2,70,3487.69
2024-03-20T08:00,21.0,58,3581.02
2024-03-20T09:00,24.8,46,3723.35
2024-03-20T10:00,28.0,34,3821.51
2024-03-20T11:00,30.0,25,3799.83
2024-03-20T12:00,31.0,22,3699.17
2024-03-20T13:00,31.6,20,3411.77
2024-03-20T14:00,32.0,19,3447.71
2024-03-20T15:00,32.0,18,3433.69
2024-03-20T16:00,31.7,17,3428.92
2024-03-20T17:00,30.2,19,3520.45
2024-03-20T18:00,25.9,29,3577.87
2024-03-20T19:00,25.0,34,3568.02
2024-03-20T20:00,23.5,36,3293.1
2024-03-20T21:00,21.8,42,3028.77
2024-03-20T22:00,20.4,49,2852.11
2024-03-21T00:00,18.6,57,2357.44
2024-03-21T01:00,18.6,57,2134.29
2024-03-21T02:00,18.7,57,2066.97
2024-03-21T03:00,18.6,56,2030.73
2024-03-21T04:00,18.0,55,2116.19
2024-03-21T05:00,17.5,64,2350.62
2024-03-21T06:00,16.9,86,2842.84
2024-03-21T07:00,17.8,82,3274.38
2024-03-21T08:00,19.7,71,3450.89
2024-03-21T09:00,21.8,61,3600.24
2024-03-21T10:00,23.8,54,3691.56
2024-03-21T11:00,25.7,48,3624.35
2024-03-21T12:00,27.2,43,3578.39
2024-03-21T13:00,28.3,40,3290.49
2024-03-21T14:00,29.0,37,3366.92
2024-03-21T15:00,29.2,36,3380.89
2024-03-21T16:00,29.0,35,3392.03
2024-03-21T17:00,28.3,36,3484.44
2024-03-21T18:00,25.5,46,3535.04
2024-03-21T19:00,23.8,54,3533.05
2024-03-21T20:00,22.9,59,3242.46
2024-03-21T21:00,22.1,62,2943.59
2024-03-21T22:00,22.4,60,2764.08
2024-03-22T00:00,20.4,66,2296.87
2024-03-22T01:00,19.8,68,2138.58
2024-03-22T02:00,19.3,70,2074.26
2024-03-22T03:00,18.7,72,2040.87
2024-03-22T04:00,18.4,74,2133.41
2024-03-22T05:00,18.0,75,2421.3
2024-03-22T06:00,17.8,83,2973.61
2024-03-22T07:00,19.2,77,3475.11
2024-03-22T08:00,21.8,66,3633.79
2024-03-22T09:00,24.5,56,3799.05
2024-03-22T10:00,27.1,46,4020.44
2024-03-22T11:00,29.2,39,4053.71
2024-03-22T12:00,30.6,33,3960.9
2024-03-22T13:00,31.5,30,3553.42
2024-03-22T14:00,32.2,28,3582.9
2024-03-22T15:00,32.4,27,3569.48
2024-03-22T16:00,32.3,26,3562.45
2024-03-22T17:00,31.6,27,3600.25
2024-03-22T18:00,28.9,31,3655.45
2024-03-22T19:00,25.3,44,3634.58
2024-03-22T20:00,23.9,47,3357.74
2024-03-22T21:00,26.9,39,3065.17
2024-03-22T22:00,23.2,50,2887.31
2024-03-23T00:00,21.5,57,2415.83
2024-03-23T01:00,20.5,62,2262.79
2024-03-23T02:00,19.7,67,2175.84
2024-03-23T03:00,18.8,70,2123.94
2024-03-23T04:00,18.5,71,2205.46
2024-03-23T05:00,18.1,75,2418.93
2024-03-23T06:00,18.4,85,2827.41
2024-03-23T07:00,20.6,76,3238.49
2024-03-23T08:00,23.8,63,3337.84
2024-03-23T09:00,26.8,52,3501.55
2024-03-23T10:00,29.6,41,3746.12
2024-03-23T11:00,31.6,31,3713.35
2024-03-23T12:00,32.8,25,3636.85
2024-03-23T13:00,33.6,22,3331.76
2024-03-23T14:00,33.8,21,3369.79
2024-03-23T15:00,33.6,21,3374.37
2024-03-23T16:00,33.0,22,3381.64
2024-03-23T17:00,31.8,24,3416.16
2024-03-23T18:00,28.6,26,3480.58
2024-03-23T19:00,26.3,34,3501.88
2024-03-23T20:00,25.5,34,3277.64
2024-03-23T21:00,24.1,36,3062.44
2024-03-23T22:00,23.4,38,2890.03
2024-03-23T23:00,22.9,40,2702.42
2024-03-24T00:00,23.0,41,2477.67
2024-03-24T01:00,22.4,44,2320.22
2024-03-24T02:00,21.6,48,2238.07
2024-03-24T03:00,19.7,56,2196.44
2024-03-24T04:00,18.9,57,2256.78
2024-03-24T05:00,18.8,56,2427.68
2024-03-24T06:00,18.6,63,2733.7
2024-03-24T07:00,20.2,58,2990.14
2024-03-24T08:00,23.9,48,3121.23
2024-03-24T09:00,27.0,40,3280.29
2024-03-24T10:00,29.7,34,3408.68
2024-03-24T11:00,30.5,30,3374.66
2024-03-24T12:00,29.6,33,3229.71
2024-03-24T13:00,31.0,26,3001.15
2024-03-24T14:00,30.6,25,2920.63
2024-03-24T15:00,29.4,23,2802.18
2024-03-24T16:00,27.7,31,2665.93
2024-03-24T17:00,26.4,37,2730.77
2024-03-24T18:00,26.2,42,2868.44
2024-03-24T19:00,24.6,48,2846.62
2024-03-24T20:00,22.6,56,2743.79
2024-03-24T21:00,23.6,51,2646.11
2024-03-24T22:00,20.4,63,2498.06
2024-03-24T23:00,20.0,64,2336.72
2024-03-25T00:00,19.5,67,2149.2
2024-03-25T01:00,19.1,69,2022.88
2024-03-25T02:00,18.5,71,1952.08
2024-03-25T03:00,17.9,74,1917.46
2024-03-25T04:00,17.0,78,1974.17
2024-03-25T05:00,16.6,80,2082.44
2024-03-25T06:00,17.3,78,2276.41
2024-03-25T07:00,19.5,68,2451.82
2024-03-25T08:00,23.0,56,2393.75
2024-03-25T09:00,26.6,46,2251.36
2024-03-25T10:00,29.2,40,2138.74
2024-03-25T11:00,30.6,34,2118.21
2024-03-25T12:00,31.7,31,2299.01
2024-03-25T13:00,32.4,29,2463.93
2024-03-25T14:00,32.8,27,2471.58
2024-03-25T15:00,32.7,26,2405.92
2024-03-25T16:00,32.1,27,2375.76
2024-03-25T17:00,31.1,27,2453.39
2024-03-25T18:00,29.1,24,2573.02
2024-03-25T19:00,27.6,28,2685.04
2024-03-25T20:00,26.1,31,2639.74
2024-03-25T21:00,24.7,36,2556.78
2024-03-25T22:00,23.5,41,2433.43
2024-03-26T00:00,21.6,48,2047.08
2024-03-26T01:00,20.9,49,1934.17
2024-03-26T02:00,20.3,51,1874.95
2024-03-26T03:00,19.7,54,1864.16
2024-03-26T04:00,19.2,57,1946.01
2024-03-26T05:00,18.5,60,2158.64
2024-03-26T06:00,19.2,67,2568.96
2024-03-26T07:00,20.7,63,2898.39
2024-03-26T08:00,23.5,55,3051.22
2024-03-26T09:00,26.1,47,3233.32
2024-03-26T10:00,28.4,40,3384.39
2024-03-26T11:00,30.6,32,3390.32
2024-03-26T12:00,32.3,25,3339.69
2024-03-26T13:00,33.4,21,3167.03
2024-03-26T14:00,33.6,21,3193.86
2024-03-26T15:00,33.5,22,3166.74
2024-03-26T16:00,32.9,24,3162.24
2024-03-26T17:00,31.8,27,3231.09
2024-03-26T18:00,29.8,29,3272.85
2024-03-26T19:00,28.2,35,3274.59
2024-03-26T20:00,27.3,37,3157.06
2024-03-26T21:00,25.4,42,2981.7
2024-03-26T22:00,24.4,49,2810.47
2024-03-26T23:00,23.6,56,2623.76
2024-03-27T00:00,23.4,52,2404.67
2024-03-27T01:00,22.1,55,2266.22
2024-03-27T02:00,21.6,55,2197.59
2024-03-27T03:00,21.6,55,2166.3
2024-03-27T04:00,21.8,56,2226.9
2024-03-27T05:00,21.7,56,2450.11
2024-03-27T06:00,22.4,60,2844.98
2024-03-27T07:00,23.4,58,3213.97
2024-03-27T08:00,24.2,56,3357.22
2024-03-27T09:00,28.6,39,3607.79
2024-03-27T10:00,31.6,29,3876.22
2024-03-27T11:00,33.6,24,3895.96
2024-03-27T12:00,35.3,22,3824.41
2024-03-27T13:00,36.1,21,3580.59
2024-03-27T14:00,36.4,21,3678.85
2024-03-27T15:00,36.4,21,3739.77
2024-03-27T16:00,35.4,23,3717.76
2024-03-27T17:00,34.2,26,3768.21
2024-03-27T18:00,32.5,28,3773.67
2024-03-27T19:00,31.0,31,3781.06
2024-03-27T20:00,30.2,38,3537.1
2024-03-27T21:00,28.1,46,3315.88
2024-03-27T22:00,26.7,49,3155.66
2024-03-27T23:00,24.7,55,2980.36
2024-03-28T00:00,27.1,44,2733.75
2024-03-28T01:00,23.6,55,2582.7
2024-03-28T02:00,23.2,57,2489.52
2024-03-28T03:00,23.0,57,2439.82
2024-03-28T04:00,22.2,60,2495.84
2024-03-28T05:00,21.9,60,2680.72
2024-03-28T06:00,22.4,58,3045.17
2024-03-28T07:00,23.4,57,3339.23
2024-03-28T08:00,25.6,52,3435.01
2024-03-28T09:00,28.0,45,3674.5
2024-03-28T10:00,30.6,38,3931.16
2024-03-28T11:00,33.1,32,3994.29
2024-03-28T12:00,35.2,28,3986.6
2024-03-28T13:00,36.5,24,3808.15
2024-03-28T14:00,37.0,22,3923.67
2024-03-28T15:00,36.8,22,3946.73
2024-03-28T16:00,35.7,25,3942.01
2024-03-28T17:00,34.8,27,3947.57
2024-03-28T18:00,33.3,27,3901.94
2024-03-28T19:00,31.9,31,3944.81
2024-03-28T20:00,30.5,32,3732.01
2024-03-28T21:00,28.9,38,3511.04
2024-03-28T22:00,27.2,43,3350.45
2024-03-28T23:00,25.3,49,3186.26
2024-03-29T00:00,24.5,53,2945.52
2024-03-29T01:00,23.9,55,2786.99
2024-03-29T02:00,23.4,57,2676.95
2024-03-29T03:00,22.9,59,2610.87
2024-03-29T04:00,23.6,56,2641.02
2024-03-29T05:00,22.4,61,2783.57
2024-03-29T06:00,20.9,71,3018.47
2024-03-29T07:00,22.9,61,3283.25
2024-03-29T08:00,25.5,52,3389.52
2024-03-29T09:00,28.3,45,3688.95
2024-03-29T10:00,30.8,38,4012.74
2024-03-29T11:00,33.1,33,4129.54
2024-03-29T12:00,34.7,30,4124.45
2024-03-29T13:00,35.9,28,3868.84
2024-03-29T14:00,36.5,26,3965.73
2024-03-29T15:00,35.1,29,4004.1
2024-03-29T16:00,34.6,29,4025.68
2024-03-29T17:00,30.9,40,4060.24
2024-03-29T18:00,30.3,40,4032.93
2024-03-29T19:00,28.6,45,3986.44
2024-03-29T20:00,27.5,47,3753.81
2024-03-29T21:00,27.3,45,3535.67
2024-03-29T22:00,26.8,47,3409.75
2024-03-29T23:00,26.4,48,3270.48
2024-03-30T00:00,26.3,48,3079.58
2024-03-30T01:00,26.1,48,2924.16
2024-03-30T02:00,26.1,47,2814.25
2024-03-30T03:00,25.0,50,2745.66
2024-03-30T04:00,24.3,53,2780.83
2024-03-30T05:00,23.6,57,2916.95
2024-03-30T06:00,23.6,57,3169.21
2024-03-30T07:00,22.8,64,3357.54
2024-03-30T08:00,25.6,55,3433.74
2024-03-30T09:00,28.4,47,3640.14
2024-03-30T10:00,30.5,40,3896.49
2024-03-30T11:00,32.4,34,3990.68
2024-03-30T12:00,33.6,30,4012.62
2024-03-30T13:00,34.6,27,3860.65
2024-03-30T14:00,35.2,25,3968.56
2024-03-30T15:00,33.7,25,4012.35
2024-03-30T16:00,33.1,25,3971.12
2024-03-30T17:00,32.6,25,3951.34
2024-03-30T18:00,31.9,21,3940.12
2024-03-30T19:00,29.8,24,3988.55
2024-03-30T20:00,28.1,29,3784.91
2024-03-30T21:00,26.7,31,3634.48
2024-03-30T22:00,25.4,34,3568.58
2024-03-31T00:00,23.6,41,3248.33
2024-03-31T01:00,23.1,44,3061.16
2024-03-31T02:00,25.0,39,2934.38
2024-03-31T03:00,22.9,45,2846.47
2024-03-31T04:00,24.0,42,2857.1
2024-03-31T05:00,20.0,55,2929.88
2024-03-31T06:00,21.9,64,3082.72
2024-03-31T07:00,22.9,64,3213.76
2024-03-31T08:00,25.4,56,3273.17
2024-03-31T09:00,28.0,48,3468.42
2024-03-31T10:00,30.2,42,3698.35
2024-03-31T11:00,31.8,37,3804.39
2024-03-31T12:00,33.4,28,3781.03
2024-03-31T13:00,34.0,21,3621.6
2024-03-31T14:00,34.4,19,3678.7
2024-03-31T15:00,34.2,18,3710.43
2024-03-31T16:00,33.2,19,3679.03
2024-03-31T17:00,32.2,21,3662.43
2024-03-31T18:00,29.7,18,3677.7
2024-03-31T19:00,27.4,24,3774.75
2024-03-31T20:00,26.4,26,3653.08
2024-03-31T21:00,25.6,29,3546.47
2024-03-31T22:00,24.9,33,3475.77
2024-03-31T23:00,23.6,39,3385.92
2024-04-01T00:00,22.6,43,3179.05
2024-04-01T01:00,21.6,47,2993.87
2024-04-01T02:00,20.8,50,2869.54
2024-04-01T03:00,20.0,53,2786.05
2024-04-01T04:00,19.2,56,2815.55
2024-04-01T05:00,18.7,58,2967.77
2024-04-01T06:00,19.2,71,3250.07
2024-04-01T07:00,20.7,67,3328.88
2024-04-01T08:00,22.8,59,3359.76
2024-04-01T09:00,25.5,50,3595.25
2024-04-01T10:00,27.5,40,3888.1
2024-04-01T11:00,29.6,29,3955.32
2024-04-01T12:00,30.8,23,3934.21
2024-04-01T13:00,31.0,22,3712.2
2024-04-01T14:00,31.2,20,3811.19
2024-04-01T15:00,31.3,20,3851.67
2024-04-01T16:00,30.7,20,3822.11
2024-04-01T17:00,29.8,21,3826.53
2024-04-01T18:00,27.6,21,3793.28
2024-04-01T19:00,25.7,25,3815.94
2024-04-01T20:00,24.0,29,3594.08
2024-04-01T21:00,22.9,32,3396.66
2024-04-01T22:00,22.3,31,3294.34
2024-04-02T00:00,20.6,37,2967.43
2024-04-02T01:00,19.7,41,2814.62
2024-04-02T02:00,18.5,45,2706.68
2024-04-02T03:00,18.1,48,2630.93
2024-04-02T04:00,17.7,51,2652.91
2024-04-02T05:00,17.1,54,2834.34
2024-04-02T06:00,18.5,60,3210.84
2024-04-02T07:00,20.3,56,3329.9
2024-04-02T08:00,23.2,48,3344.56
2024-04-02T09:00,26.2,40,3599.38
2024-04-02T10:00,28.8,31,3826.79
2024-04-02T11:00,30.7,26,3892.6
2024-04-02T12:00,31.9,22,3870.2
2024-04-02T13:00,32.7,19,3650.2
2024-04-02T14:00,32.9,18,3810.06
2024-04-02T15:00,32.9,17,3866.35
2024-04-02T16:00,32.3,17,3885.74
2024-04-02T17:00,31.3,18,3893.62
2024-04-02T18:00,29.3,16,3866.31
2024-04-02T19:00,27.2,22,3863.71
2024-04-02T20:00,26.2,23,3657.16
2024-04-02T21:00,25.5,24,3452.13
2024-04-02T22:00,24.3,28,3348.06
2024-04-02T23:00,23.2,34,3221.06
2024-04-03T00:00,23.2,32,3026.89
2024-04-03T01:00,23.1,32,2854.48
2024-04-03T02:00,23.5,31,2736.29
2024-04-03T03:00,21.8,35,2649.67
2024-04-03T04:00,23.0,32,2680.87
2024-04-03T05:00,22.6,33,2890.82
2024-04-03T06:00,21.9,39,3335.1
2024-04-03T07:00,22.7,39,3391.14
2024-04-03T08:00,25.9,34,3432.43
2024-04-03T09:00,29.1,28,3718.05
2024-04-03T10:00,32.3,19,3961.24
2024-04-03T11:00,33.7,15,4018.71
2024-04-03T12:00,34.4,14,3993.6
2024-04-03T13:00,35.3,13,3825.38
2024-04-03T14:00,35.9,12,3964.11
2024-04-03T15:00,35.9,12,4054.97
2024-04-03T16:00,35.6,13,4062.75
2024-04-03T17:00,33.8,14,4049.54
2024-04-03T18:00,30.6,16,4026.18
2024-04-03T19:00,28.9,18,4025.96
2024-04-03T20:00,28.4,20,3799.66
2024-04-03T21:00,27.4,24,3608.47
2024-04-03T22:00,26.8,26,3537.39
2024-04-04T00:00,23.3,37,3218.27
2024-04-04T01:00,22.6,38,3042.23
2024-04-04T02:00,22.7,38,2904.65
2024-04-04T03:00,20.5,45,2814.21
2024-04-04T04:00,20.9,43,2837.62
2024-04-04T05:00,22.1,40,3002.19
2024-04-04T06:00,24.0,45,3409.12
2024-04-04T07:00,26.2,38,3461.92
2024-04-04T08:00,29.2,32,3474.62
2024-04-04T09:00,31.9,25,3769.84
2024-04-04T10:00,34.1,18,4092.51
2024-04-04T11:00,35.2,16,4186.48
2024-04-04T12:00,36.0,14,4176.43
2024-04-04T13:00,36.4,13,3995.07
2024-04-04T14:00,36.4,13,4171.53
2024-04-04T15:00,36.1,13,4282.58
2024-04-04T16:00,35.8,14,4273.09
2024-04-04T17:00,35.2,13,4234.42
2024-04-04T18:00,32.5,14,4184.48
2024-04-04T19:00,30.5,16,4188.06
2024-04-04T20:00,28.8,19,3972.21
2024-04-04T21:00,27.3,23,3792.24
2024-04-04T22:00,27.0,24,3747.21
2024-04-04T23:00,25.7,27,3634.19
2024-04-05T00:00,24.1,29,3422.12
2024-04-05T01:00,23.0,32,3222.32
2024-04-05T02:00,24.3,29,3087.12
2024-04-05T03:00,22.4,33,2975.73
2024-04-05T04:00,21.8,35,2982.25
2024-04-05T05:00,21.2,37,3155.29
2024-04-05T06:00,23.7,34,3505.72
2024-04-05T07:00,25.1,32,3548.81
2024-04-05T08:00,27.0,30,3558.41
2024-04-05T09:00,30.3,26,3904.56
2024-04-05T10:00,33.6,17,4233.52
2024-04-05T11:00,34.5,15,4361.85
2024-04-05T12:00,35.5,14,4360.91
2024-04-05T13:00,35.6,14,4089.57
2024-04-05T14:00,34.4,15,4265.14
2024-04-05T15:00,34.4,15,4384.27
2024-04-05T16:00,32.3,18,4296.31
2024-04-05T17:00,31.6,19,4250.01
2024-04-05T18:00,30.5,21,4191.97
2024-04-05T19:00,29.0,22,4189.35
2024-04-05T20:00,27.2,26,3978.26
2024-04-05T21:00,27.0,23,3795.29
2024-04-05T22:00,25.6,24,3758.9
2024-04-06T00:00,23.5,25,3431.95
2024-04-06T01:00,22.6,26,3240.99
2024-04-06T02:00,21.9,28,3088.85
2024-04-06T03:00,21.3,29,2968.5
2024-04-06T04:00,20.7,31,2963.9
2024-04-06T05:00,19.6,33,3090.69
2024-04-06T06:00,19.9,36,3325.38
2024-04-06T07:00,22.3,32,3378.28
2024-04-06T08:00,25.8,26,3361.77
2024-04-06T09:00,28.7,21,3592.84
2024-04-06T10:00,31.1,18,3894.08
2024-04-06T11:00,33.2,13,3967.06
2024-04-06T12:00,34.4,11,3993.66
2024-04-06T13:00,34.7,12,3868.25
2024-04-06T14:00,35.0,12,3954.67
2024-04-06T15:00,34.6,12,4039.56
2024-04-06T16:00,33.9,11,4006.61
2024-04-06T17:00,32.8,12,3973.05
2024-04-06T18:00,30.8,16,3938.64
2024-04-06T19:00,27.9,21,3967.08
2024-04-06T20:00,26.8,21,3783.59
2024-04-06T21:00,25.4,21,3618.48
2024-04-06T22:00,24.5,21,3565.55
2024-04-07T00:00,22.3,24,3312.81
2024-04-07T01:00,21.2,26,3148.86
2024-04-07T02:00,20.4,27,3013.93
2024-04-07T03:00,19.8,30,2903.02
2024-04-07T04:00,18.5,34,2876.3
2024-04-07T05:00,17.5,39,2927.9
2024-04-07T06:00,19.6,35,3049.94
2024-04-07T07:00,22.4,31,3164.82
2024-04-07T08:00,26.0,25,3163.89
2024-04-07T09:00,29.4,20,3337.68
2024-04-07T10:00,32.0,15,3566.39
2024-04-07T11:00,33.8,11,3668.51
2024-04-07T12:00,34.5,11,3701.75
2024-04-07T13:00,35.3,9,3562.23
2024-04-07T14:00,35.4,9,3623.7
2024-04-07T15:00,35.2,9,3669.47
2024-04-07T16:00,34.4,9,3671.38
2024-04-07T17:00,33.4,10,3682.78
2024-04-07T18:00,29.5,14,3700.37
2024-04-07T19:00,26.8,18,3775.23
2024-04-07T20:00,25.4,23,3695.24
2024-04-07T21:00,25.6,21,3606.01
2024-04-07T22:00,24.4,20,3599.91
2024-04-07T23:00,22.7,24,3539.6
2024-04-08T00:00,21.4,27,3353.36
2024-04-08T01:00,20.7,29,3165.39
2024-04-08T02:00,20.4,29,3044.57
2024-04-08T03:00,20.2,30,2959.72
2024-04-08T04:00,19.7,31,2966.65
2024-04-08T05:00,19.0,33,3130.95
2024-04-08T06:00,19.9,36,3427.78
2024-04-08T07:00,22.8,31,3453.34
2024-04-08T08:00,27.1,25,3463.17
2024-04-08T09:00,31.0,19,3755.34
2024-04-08T10:00,33.7,14,4050.39
2024-04-08T11:00,35.2,12,4161.52
2024-04-08T12:00,36.1,10,4182.93
2024-04-08T13:00,36.6,10,4037.92
2024-04-08T14:00,36.8,10,4198.05
2024-04-08T15:00,36.2,10,4312.53
2024-04-08T16:00,35.7,10,4280.74
2024-04-08T17:00,34.9,11,4214.43
2024-04-08T18:00,31.7,10,4128.27
2024-04-08T19:00,30.0,12,4106.31
2024-04-08T20:00,28.4,13,3908.97
2024-04-08T21:00,26.5,16,3817.04
2024-04-08T22:00,24.7,21,3788.99
2024-04-08T23:00,23.4,25,3735.29
2024-04-09T00:00,25.1,21,3509.81
2024-04-09T01:00,22.0,26,3315.92
2024-04-09T02:00,21.6,25,3174.94
2024-04-09T03:00,20.2,28,3079.67
2024-04-09T04:00,21.4,26,3074.14
2024-04-09T05:00,19.9,29,3223.6
2024-04-09T06:00,20.2,39,3546.21
2024-04-09T07:00,23.7,30,3590.64
2024-04-09T08:00,27.6,24,3618.63
2024-04-09T09:00,30.9,19,3871.57
2024-04-09T10:00,33.2,15,4105.85
2024-04-09T11:00,35.2,13,4177.68
2024-04-09T12:00,36.6,11,4198.11
2024-04-09T13:00,37.5,9,4039.19
2024-04-09T14:00,37.8,8,4199.16
2024-04-09T15:00,37.3,8,4293.88
2024-04-09T16:00,37.1,7,4269.89
2024-04-09T17:00,36.1,7,4223.4
2024-04-09T18:00,33.4,8,4152.27
2024-04-09T19:00,30.9,12,4119.89
2024-04-09T20:00,28.9,13,3939.41
2024-04-09T21:00,27.5,16,3839.88
2024-04-09T22:00,26.3,19,3828.88
2024-04-10T00:00,24.1,20,3531.78
2024-04-10T01:00,22.2,23,3331.19
2024-04-10T02:00,21.3,25,3188.35
2024-04-10T03:00,21.6,24,3087.49
2024-04-10T04:00,19.9,28,3092.59
2024-04-10T05:00,19.8,28,3221.82
2024-04-10T06:00,21.4,45,3519.93
2024-04-10T07:00,24.6,36,3523.13
2024-04-10T08:00,28.3,31,3547.17
2024-04-10T09:00,31.9,26,3832.28
2024-04-10T10:00,34.5,22,4129.71
2024-04-10T11:00,36.1,18,4176.15
2024-04-10T12:00,37.4,13,4201.87
2024-04-10T13:00,38.6,11,4049.4
2024-04-10T14:00,37.4,11,4248.74
2024-04-10T15:00,37.2,10,4355.47
2024-04-10T16:00,37.2,10,4328.33
2024-04-10T17:00,36.3,11,4306.67
2024-04-10T18:00,32.1,12,4271.39
2024-04-10T19:00,29.1,14,4250.18
2024-04-10T20:00,29.2,15,4038.26
2024-04-10T21:00,25.8,22,3931.17
2024-04-10T22:00,24.3,24,3958.43
2024-04-11T00:00,23.3,27,3705.26
2024-04-11T01:00,24.2,25,3514.09
2024-04-11T02:00,24.5,25,3336.29
2024-04-11T03:00,23.5,28,3229.45
2024-04-11T04:00,22.7,30,3188.13
2024-04-11T05:00,22.2,31,3264.61
2024-04-11T06:00,22.6,36,3441.25
2024-04-11T07:00,24.9,33,3478.73
2024-04-11T08:00,28.6,26,3476.91
2024-04-11T09:00,31.8,21,3685.6
2024-04-11T10:00,34.2,17,3902.59
2024-04-11T11:00,35.9,12,4005.33
2024-04-11T12:00,36.8,12,4091.7
2024-04-11T13:00,37.7,11,3966.95
2024-04-11T14:00,38.0,10,4138.22
2024-04-11T15:00,38.0,10,4193.26
2024-04-11T16:00,37.7,10,4167.72
2024-04-11T17:00,36.9,11,4101.62
2024-04-11T18:00,32.8,16,4080.84
2024-04-11T19:00,31.4,20,4123.99
2024-04-11T20:00,31.3,21,4024.1
2024-04-11T21:00,27.5,25,3946.67
2024-04-11T22:00,27.2,25,3997.15
2024-04-11T23:00,25.9,28,3983.59
2024-04-12T00:00,24.6,30,3762.16
2024-04-12T01:00,26.2,27,3553.92
2024-04-12T02:00,23.5,32,3387.96
2024-04-12T03:00,22.9,33,3268.65
2024-04-12T04:00,24.0,31,3230.9
2024-04-12T05:00,21.8,36,3349.77
2024-04-12T06:00,22.9,36,3608.1
2024-04-12T07:00,25.6,31,3615.48
2024-04-12T08:00,29.3,25,3652.37
2024-04-12T09:00,32.7,21,3969.71
2024-04-12T10:00,35.5,16,4316.25
2024-04-12T11:00,37.1,12,4432.56
2024-04-12T12:00,37.8,11,4456.33
2024-04-12T13:00,38.5,11,4327.28
2024-04-12T14:00,38.8,11,4549.65
2024-04-12T15:00,38.7,11,4651.27
2024-04-12T16:00,38.1,11,4604.14
2024-04-12T17:00,37.0,12,4518.31
2024-04-12T18:00,33.8,14,4407.12
2024-04-12T19:00,30.6,16,4370.72
2024-04-12T20:00,29.7,17,4167.75
2024-04-12T21:00,28.6,18,4096.84
2024-04-12T22:00,27.6,20,4176.59
2024-04-12T23:00,27.5,20,4169.02
2024-04-13T00:00,27.1,21,3958.53
2024-04-13T01:00,27.3,20,3730.19
2024-04-13T02:00,26.9,20,3539.79
2024-04-13T03:00,26.2,25,3408.95
2024-04-13T04:00,25.6,29,3344.68
2024-04-13T05:00,25.3,31,3362.75
2024-04-13T06:00,25.4,38,3456.28
2024-04-13T07:00,27.1,37,3500.92
2024-04-13T08:00,29.9,34,3539.49
2024-04-13T09:00,32.9,29,3776.37
2024-04-13T10:00,35.8,22,4090.06
2024-04-13T11:00,38.0,13,4239.22
2024-04-13T12:00,38.4,12,4292.5
2024-04-13T13:00,38.4,12,4159.22
2024-04-13T14:00,38.5,11,4325.08
2024-04-13T15:00,38.3,11,4300.28
2024-04-13T16:00,37.8,12,4047.58
2024-04-13T17:00,36.9,13,3839.73
2024-04-13T18:00,28.2,43,3841.16
2024-04-13T19:00,26.9,50,3924.19
2024-04-13T20:00,26.5,50,3810.67
2024-04-13T21:00,27.5,43,3725.58
2024-04-13T22:00,27.8,37,3722.7
2024-04-13T23:00,28.1,34,3659.76
2024-04-14T00:00,27.8,33,3512.16
2024-04-14T01:00,24.8,44,3343.39
2024-04-14T02:00,23.8,46,3200.06
2024-04-14T03:00,22.8,53,3091.81
2024-04-14T04:00,23.1,54,3051.69
2024-04-14T05:00,22.8,57,3094.4
2024-04-14T06:00,24.9,62,3195.53
2024-04-14T07:00,24.6,59,3289.09
2024-04-14T08:00,25.8,52,3336.1
2024-04-14T09:00,26.5,50,3461.72
2024-04-14T10:00,27.7,45,3652.4
2024-04-14T11:00,29.9,37,3715.59
2024-04-14T12:00,31.2,36,3698.63
2024-04-14T13:00,31.2,35,3531.21
2024-04-14T14:00,33.0,31,3607.59
2024-04-14T15:00,33.7,28,3601.58
2024-04-14T16:00,33.8,27,3570.92
2024-04-14T17:00,33.2,27,3563.33
2024-04-14T18:00,28.7,41,3628.44
2024-04-14T19:00,27.8,47,3759.85
2024-04-14T20:00,27.1,50,3660.0
2024-04-14T21:00,26.2,53,3608.36
2024-04-14T22:00,25.6,55,3615.91
2024-04-14T23:00,25.1,56,3599.62
2024-04-15T00:00,24.7,57,3391.48
2024-04-15T01:00,24.2,58,3210.65
2024-04-15T02:00,23.4,61,3084.65
2024-04-15T03:00,22.8,63,2976.53
2024-04-15T04:00,22.3,65,2965.74
2024-04-15T05:00,23.0,61,3133.19
2024-04-15T06:00,22.6,76,3476.55
2024-04-15T07:00,24.4,75,3516.18
2024-04-15T08:00,26.4,67,3545.37
2024-04-15T09:00,30.1,45,3839.08
2024-04-15T10:00,31.7,39,4219.75
2024-04-15T11:00,34.1,32,4255.76
2024-04-15T12:00,35.5,28,4260.66
2024-04-15T13:00,35.6,25,4072.75
2024-04-15T14:00,36.3,23,4265.2
2024-04-15T15:00,36.3,23,4304.55
2024-04-15T16:00,36.2,22,4287.68
2024-04-15T17:00,34.6,24,4277.13
2024-04-15T18:00,30.6,42,4184.62
2024-04-15T19:00,29.1,46,4243.26
2024-04-15T20:00,27.6,51,4057.38
2024-04-15T21:00,26.4,55,3946.14
2024-04-15T22:00,27.8,50,3990.32
2024-04-15T23:00,25.9,56,3957.07
2024-04-16T00:00,25.7,56,3734.18
2024-04-16T01:00,25.2,57,3512.99
2024-04-16T02:00,25.0,58,3343.94
2024-04-16T03:00,24.8,60,3229.01
2024-04-16T04:00,24.2,62,3227.75
2024-04-16T05:00,23.5,63,3393.29
2024-04-16T06:00,25.2,50,3680.44
2024-04-16T07:00,26.9,44,3652.72
2024-04-16T08:00,30.1,38,3631.0
2024-04-16T09:00,32.1,32,3921.72
2024-04-16T10:00,33.0,28,4237.79
2024-04-16T11:00,34.1,26,4382.36
2024-04-16T12:00,35.0,23,4400.39
2024-04-16T13:00,35.6,22,4269.51
2024-04-16T14:00,35.7,21,4415.53
2024-04-16T15:00,35.6,20,4512.67
2024-04-16T16:00,35.1,20,4469.82
2024-04-16T17:00,34.2,20,4375.96
2024-04-16T18:00,32.9,22,4256.04
2024-04-16T19:00,30.9,25,4245.03
2024-04-16T20:00,29.6,26,4043.09
2024-04-16T21:00,28.8,27,3946.16
2024-04-16T22:00,27.3,30,3982.62
2024-04-17T00:00,25.5,34,3771.26
2024-04-17T01:00,25.0,37,3552.99
2024-04-17T02:00,24.4,40,3365.51
2024-04-17T03:00,23.6,44,3230.51
2024-04-17T04:00,22.9,47,3190.72
2024-04-17T05:00,22.2,50,3258.07
2024-04-17T06:00,23.0,48,3399.63
2024-04-17T07:00,24.8,44,3436.4
2024-04-17T08:00,27.1,39,3405.3
2024-04-17T09:00,29.7,31,3588.04
2024-04-17T10:00,31.7,23,3843.91
2024-04-17T11:00,33.2,19,3967.2
2024-04-17T12:00,34.4,17,4016.19
2024-04-17T13:00,35.1,15,3868.93
2024-04-17T14:00,35.3,15,4027.85
2024-04-17T15:00,35.1,15,4093.91
2024-04-17T16:00,34.7,14,4090.56
2024-04-17T17:00,33.8,14,4094.43
2024-04-17T18:00,32.5,13,4052.45
2024-04-17T19:00,31.2,14,4069.87
2024-04-17T20:00,31.1,14,3922.63
2024-04-17T21:00,29.9,16,3871.67
2024-04-17T22:00,28.8,18,3925.72
2024-04-18T00:00,27.0,23,3748.95
2024-04-18T01:00,25.8,25,3553.67
2024-04-18T02:00,25.3,27,3368.45
2024-04-18T03:00,24.8,29,3222.86
2024-04-18T04:00,24.3,30,3165.55
2024-04-18T05:00,23.7,32,3251.45
2024-04-18T06:00,24.4,34,3489.99
2024-04-18T07:00,26.6,30,3451.21
2024-04-18T08:00,29.5,26,3494.98
2024-04-18T09:00,31.9,22,3873.03
2024-04-18T10:00,34.1,19,4266.11
2024-04-18T11:00,35.7,18,4424.08
2024-04-18T12:00,36.8,18,4464.79
2024-04-18T13:00,37.5,17,4349.2
2024-04-18T14:00,37.8,17,4610.4
2024-04-18T15:00,37.6,17,4768.08
2024-04-18T16:00,36.9,18,4759.61
2024-04-18T17:00,36.2,18,4622.76
2024-04-18T18:00,35.0,19,4519.21
2024-04-18T19:00,33.1,22,4527.73
2024-04-18T20:00,31.1,25,4278.27
2024-04-18T21:00,29.8,29,4209.23
2024-04-18T22:00,29.0,30,4320.9
2024-04-19T00:00,29.4,33,4183.11
2024-04-19T01:00,27.9,38,3955.47
2024-04-19T02:00,26.7,42,3749.32
2024-04-19T03:00,25.9,44,3600.32
2024-04-19T04:00,25.5,45,3507.02
2024-04-19T05:00,24.6,47,3553.35
2024-04-19T06:00,26.7,40,3735.67
2024-04-19T07:00,28.6,36,3683.91
2024-04-19T08:00,31.1,31,3745.67
2024-04-19T09:00,33.4,29,4155.6
2024-04-19T10:00,35.1,26,4533.72
2024-04-19T11:00,36.2,24,4632.69
2024-04-19T12:00,36.8,22,4767.21
2024-04-19T13:00,37.2,20,4612.19
2024-04-19T14:00,37.7,21,4863.81
2024-04-19T15:00,38.3,18,5060.82
2024-04-19T16:00,38.0,17,4993.0
2024-04-19T17:00,37.8,15,4872.04
2024-04-19T18:00,33.9,20,4680.28
2024-04-19T19:00,32.6,22,4697.5
2024-04-19T20:00,29.8,27,4528.82
2024-04-19T21:00,31.3,25,4479.86
2024-04-19T22:00,28.2,30,4590.23
2024-04-19T23:00,27.5,34,4644.63
2024-04-20T00:00,27.3,33,4470.08
2024-04-20T01:00,25.9,32,4220.15
2024-04-20T02:00,25.0,32,3980.75
2024-04-20T03:00,23.7,33,3789.38
2024-04-20T04:00,23.0,34,3669.48
2024-04-20T05:00,22.3,34,3653.62
2024-04-20T06:00,24.0,50,3704.19
2024-04-20T07:00,25.8,47,3642.95
2024-04-20T08:00,28.0,41,3605.81
2024-04-20T09:00,30.5,34,3874.24
2024-04-20T10:00,32.8,25,4197.18
2024-04-20T11:00,35.0,21,4368.97
2024-04-20T12:00,36.0,19,4439.62
2024-04-20T13:00,36.7,19,4369.47
2024-04-20T14:00,36.1,19,4565.91
2024-04-20T15:00,35.9,19,4679.59
2024-04-20T16:00,35.2,19,4582.6
2024-04-20T17:00,34.5,19,4491.95
2024-04-20T18:00,34.0,20,4347.46
2024-04-20T19:00,31.9,23,4388.61
2024-04-20T20:00,31.0,24,4262.31
2024-04-20T21:00,30.3,23,4218.22
2024-04-20T22:00,28.8,25,4331.05
2024-04-20T23:00,27.7,27,4453.59
2024-04-21T00:00,26.9,29,4313.95
2024-04-21T01:00,26.3,31,4077.36
2024-04-21T02:00,25.7,33,3860.63
2024-04-21T03:00,24.8,35,3674.26
2024-04-21T04:00,24.1,37,3529.53
2024-04-21T05:00,23.6,38,3459.17
2024-04-21T06:00,24.8,42,3438.06
2024-04-21T07:00,26.7,39,3404.75
2024-04-21T08:00,29.0,35,3391.29
2024-04-21T09:00,31.5,31,3568.38
2024-04-21T10:00,33.7,23,3824.53
2024-04-21T11:00,35.0,18,3994.33
2024-04-21T12:00,36.0,17,4095.11
2024-04-21T13:00,36.6,16,4018.11
2024-04-21T14:00,35.7,17,4185.46
2024-04-21T15:00,35.7,17,4269.44
2024-04-21T16:00,35.4,17,4230.06
2024-04-21T17:00,34.8,18,4134.42
2024-04-21T18:00,33.4,20,4075.28
2024-04-21T19:00,31.4,22,4185.46
2024-04-21T20:00,30.3,24,4174.34
2024-04-21T21:00,28.1,28,4242.79
2024-04-21T22:00,26.9,31,4452.43
2024-04-21T23:00,27.7,29,4545.19
2024-04-22T00:00,27.2,28,4369.61
2024-04-22T01:00,27.0,30,4104.35
2024-04-22T02:00,26.4,34,3825.7
2024-04-22T03:00,26.7,33,3499.27
2024-04-22T04:00,26.2,34,3429.31
2024-04-22T05:00,24.5,37,3472.93
2024-04-22T06:00,24.8,46,3615.43
2024-04-22T07:00,26.6,42,3555.19
2024-04-22T08:00,30.7,31,3577.27
2024-04-22T09:00,33.6,23,3943.11
2024-04-22T10:00,35.1,19,4334.89
2024-04-22T11:00,36.0,17,4498.46
2024-04-22T12:00,36.7,17,4537.54
2024-04-22T13:00,37.0,17,4428.46
2024-04-22T14:00,36.9,15,4691.69
2024-04-22T15:00,36.9,15,4876.29
2024-04-22T16:00,36.3,15,4826.96
2024-04-22T17:00,35.3,16,4695.35
2024-04-22T18:00,34.0,14,4495.95
2024-04-22T19:00,31.9,16,4501.72
2024-04-22T20:00,30.9,19,4410.16
2024-04-23T00:00,25.2,32,4468.03
2024-04-23T01:00,25.3,32,4195.36
2024-04-23T02:00,26.3,29,3955.03
2024-04-23T03:00,23.4,36,3758.68
2024-04-23T04:00,23.1,39,3643.95
2024-04-23T05:00,22.6,40,3633.77
2024-04-23T06:00,24.2,36,3749.93
2024-04-23T07:00,26.4,32,3696.74
2024-04-23T08:00,30.0,26,3735.31
2024-04-23T09:00,33.0,22,4092.42
2024-04-23T10:00,35.4,17,4458.34
2024-04-23T11:00,36.6,14,4600.32
2024-04-23T12:00,37.6,13,4658.58
2024-04-23T13:00,38.0,11,4553.98
2024-04-23T14:00,37.9,11,4819.37
2024-04-23T15:00,37.1,12,4957.06
2024-04-23T16:00,36.1,13,4894.81
2024-04-23T17:00,35.4,14,4455.05
2024-04-23T18:00,31.6,24,4132.36
2024-04-23T19:00,29.7,27,4235.65
2024-04-23T20:00,27.7,32,4106.02
2024-04-23T21:00,27.0,34,4060.77
2024-04-23T22:00,26.0,35,4197.5
2024-04-23T23:00,24.8,38,4262.76
2024-04-24T00:00,23.5,43,4077.19
2024-04-24T01:00,25.3,37,3850.98
2024-04-24T02:00,25.2,37,3645.37
2024-04-24T03:00,22.7,45,3478.81
2024-04-24T04:00,21.2,50,3379.21
2024-04-24T05:00,21.0,49,3414.33
2024-04-24T06:00,21.8,53,3576.97
2024-04-24T07:00,24.5,45,3556.32
2024-04-24T08:00,28.5,36,3572.47
2024-04-24T09:00,31.7,28,3959.66
2024-04-24T10:00,33.8,23,4358.12
2024-04-24T11:00,35.5,18,4495.78
2024-04-24T12:00,36.1,16,4561.36
2024-04-24T13:00,36.8,15,4436.95
2024-04-24T14:00,36.9,15,4694.95
2024-04-24T15:00,36.8,15,4866.24
2024-04-24T16:00,36.1,15,4782.05
2024-04-24T17:00,35.2,16,4713.27
2024-04-24T18:00,34.0,16,4539.65
2024-04-24T19:00,31.6,19,4525.76
2024-04-24T20:00,30.5,18,4396.68
2024-04-24T21:00,29.8,18,4371.28
2024-04-24T22:00,29.6,18,4531.73
2024-04-25T00:00,26.4,24,4456.79
2024-04-25T01:00,24.8,27,4162.8
2024-04-25T02:00,22.9,33,3917.82
2024-04-25T03:00,22.1,36,3721.77
2024-04-25T04:00,21.5,38,3594.01
2024-04-25T05:00,21.5,38,3579.1
2024-04-25T06:00,22.2,39,3700.27
2024-04-25T07:00,25.2,34,3635.01
2024-04-25T08:00,28.5,28,3675.8
2024-04-25T09:00,31.7,24,4076.83
2024-04-25T10:00,34.0,20,4476.19
2024-04-25T11:00,35.9,17,4637.39
2024-04-25T12:00,37.1,14,4697.75
2024-04-25T13:00,37.8,13,4580.84
2024-04-25T14:00,38.3,11,4884.42
2024-04-25T15:00,37.9,12,5072.65
2024-04-25T16:00,37.4,12,5032.94
2024-04-25T17:00,36.6,12,4883.91
2024-04-25T18:00,33.8,18,4658.31
2024-04-25T19:00,32.3,21,4639.89
2024-04-25T20:00,29.3,26,4536.79
2024-04-25T21:00,27.8,31,4547.01
2024-04-25T22:00,28.1,29,4775.89
2024-04-25T23:00,26.9,29,4885.15
2024-04-26T00:00,25.7,32,4682.39
2024-04-26T01:00,28.5,25,4391.91
2024-04-26T02:00,28.4,25,4136.8
2024-04-26T03:00,26.9,28,3933.21
2024-04-26T04:00,27.2,27,3791.25
2024-04-26T05:00,23.4,35,3740.88
2024-04-26T06:00,26.4,28,3818.17
2024-04-26T07:00,27.7,29,3782.25
2024-04-26T08:00,31.2,23,3856.76
2024-04-26T09:00,34.6,18,4271.93
2024-04-26T10:00,36.9,16,4681.12
2024-04-26T11:00,38.1,15,4825.69
2024-04-26T12:00,38.9,13,4923.68
2024-04-26T13:00,39.2,13,4769.21
2024-04-26T14:00,39.2,13,5147.27
2024-04-26T15:00,39.1,13,5383.4
2024-04-26T16:00,38.2,14,5280.48
2024-04-26T17:00,37.3,15,5097.4
2024-04-26T18:00,32.5,27,4611.86
2024-04-26T19:00,31.6,26,4724.01
2024-04-26T20:00,31.9,24,4401.41
2024-04-26T21:00,30.2,27,4524.37
2024-04-26T22:00,30.1,28,4785.53
2024-04-26T23:00,30.4,29,4915.77
2024-04-27T00:00,29.6,31,4757.05
2024-04-27T01:00,29.6,32,4509.8
2024-04-27T02:00,28.7,36,4279.51
2024-04-27T03:00,28.0,39,4064.97
2024-04-27T04:00,27.8,40,3911.96
2024-04-27T05:00,27.6,40,3842.78
2024-04-27T06:00,26.0,47,3823.01
2024-04-27T07:00,28.5,42,3764.73
2024-04-27T08:00,30.7,35,3730.12
2024-04-27T09:00,32.9,28,3952.97
2024-04-27T10:00,34.5,24,4301.12
2024-04-27T11:00,36.7,19,4488.25
2024-04-27T12:00,37.5,16,4617.47
2024-04-27T13:00,37.7,15,4576.74
2024-04-27T14:00,37.9,15,4871.91
2024-04-27T15:00,37.8,14,4955.86
2024-04-27T16:00,37.2,14,4879.39
2024-04-27T17:00,36.2,15,4713.51
2024-04-27T18:00,34.6,15,4542.34
2024-04-27T19:00,32.5,18,4549.39
2024-04-27T20:00,31.0,21,4484.18
2024-04-27T21:00,29.8,28,4546.79
2024-04-27T22:00,28.6,31,4694.72
2024-04-28T00:00,26.7,36,4622.51
2024-04-28T01:00,25.8,39,4363.57
2024-04-28T02:00,24.8,41,4119.41
2024-04-28T03:00,23.7,45,3924.38
2024-04-28T04:00,23.3,46,3770.55
2024-04-28T05:00,22.7,49,3658.92
2024-04-28T06:00,24.2,45,3568.31
2024-04-28T07:00,26.0,40,3509.98
2024-04-28T08:00,28.5,34,3475.59
2024-04-28T09:00,31.4,27,3643.81
2024-04-28T10:00,34.2,21,3907.11
2024-04-28T11:00,35.9,18,4081.91
2024-04-28T12:00,37.0,16,4204.46
2024-04-28T13:00,37.5,16,4170.75
2024-04-28T14:00,37.5,15,4394.09
2024-04-28T15:00,37.4,15,4513.3
2024-04-28T16:00,37.0,15,4452.88
2024-04-28T17:00,35.8,16,4322.83
2024-04-28T18:00,34.4,17,4228.56
2024-04-28T19:00,32.7,18,4339.68
2024-04-28T20:00,31.5,20,4392.33
2024-04-28T21:00,30.6,23,4552.34
2024-04-28T22:00,28.6,27,4838.16
2024-04-29T00:00,26.9,31,4829.94
2024-04-29T01:00,25.8,31,4551.64
2024-04-29T02:00,24.6,33,4289.64
2024-04-29T03:00,24.3,34,4076.55
2024-04-29T04:00,23.7,36,3912.72
2024-04-29T05:00,23.6,37,3850.2
2024-04-29T06:00,25.2,33,3866.77
2024-04-29T07:00,27.8,29,3795.59
2024-04-29T08:00,30.0,26,3805.89
2024-04-29T09:00,32.1,23,4171.99
2024-04-29T10:00,34.3,20,4587.64
2024-04-29T11:00,36.0,19,4763.74
2024-04-29T12:00,37.3,17,4849.52
2024-04-29T13:00,37.9,15,4791.22
2024-04-29T14:00,38.1,14,5116.78
2024-04-29T15:00,37.6,15,5331.35
2024-04-29T16:00,37.1,15,5167.83
2024-04-29T17:00,35.9,18,4915.81
2024-04-29T18:00,34.2,20,4667.92
2024-04-29T19:00,32.5,24,4662.65
2024-04-29T20:00,30.2,31,4580.53
2024-04-29T21:00,29.2,33,4629.86
2024-04-29T22:00,28.5,34,4883.6
2024-04-29T23:00,27.5,35,4971.65
2024-04-30T00:00,26.6,37,4761.1
2024-04-30T01:00,25.8,38,4473.65
2024-04-30T02:00,25.2,38,4187.79
2024-04-30T03:00,24.9,37,3929.93
2024-04-30T04:00,24.0,40,3770.02
2024-04-30T05:00,23.3,42,3703.76
2024-04-30T06:00,24.0,50,3743.31
2024-04-30T07:00,26.0,46,3660.24
2024-04-30T08:00,29.1,39,3687.23
2024-04-30T09:00,31.3,31,4044.0
2024-04-30T10:00,32.9,20,4361.66
2024-04-30T11:00,34.2,16,4508.56
2024-04-30T12:00,35.3,14,4646.0
2024-04-30T13:00,36.1,12,4532.89
2024-04-30T14:00,36.2,11,4823.8
2024-04-30T15:00,36.0,10,4990.85
2024-04-30T16:00,35.3,10,4942.36
2024-04-30T17:00,34.2,11,4777.85
2024-04-30T18:00,32.5,14,4543.64
2024-04-30T19:00,30.2,15,4510.06
2024-04-30T20:00,28.4,17,4394.81
2024-04-30T21:00,26.3,20,4420.22
2024-04-30T22:00,28.6,17,4670.1
2024-04-30T23:00,27.8,18,4808.86
2024-05-01T00:00,24.7,22,4613.41
2024-05-01T01:00,23.8,23,4298.83
2024-05-01T02:00,22.7,25,4022.77
2024-05-01T03:00,21.9,27,3764.75
2024-05-01T04:00,21.2,31,3564.78
2024-05-01T05:00,20.5,34,3510.67
2024-05-01T06:00,21.5,42,3589.75
2024-05-01T07:00,23.3,38,3514.54
2024-05-01T08:00,25.7,33,3508.5
2024-05-01T09:00,28.0,25,3796.44
2024-05-01T10:00,30.1,17,4120.21
2024-05-01T11:00,31.5,13,4235.71
2024-05-01T12:00,32.3,12,4299.03
2024-05-01T13:00,32.6,12,4240.39
2024-05-01T14:00,32.7,12,4444.73
2024-05-01T15:00,32.5,12,4530.14
2024-05-01T16:00,31.7,13,4462.32
2024-05-01T17:00,30.7,14,4382.59
2024-05-01T18:00,29.8,14,4244.05
2024-05-01T19:00,28.0,17,4248.52
2024-05-01T20:00,26.8,20,4114.45
2024-05-01T21:00,26.1,23,4099.92
2024-05-01T22:00,24.6,27,4264.75
2024-05-01T23:00,23.2,30,4341.08
2024-05-02T00:00,22.5,32,4146.28
2024-05-02T01:00,21.5,35,3906.04
2024-05-02T02:00,20.7,37,3673.64
2024-05-02T03:00,20.3,37,3488.18
2024-05-02T04:00,19.8,38,3355.46
2024-05-02T05:00,19.3,38,3316.85
2024-05-02T06:00,20.6,41,3418.29
2024-05-02T07:00,22.9,37,3407.09
2024-05-02T08:00,26.0,32,3440.36
2024-05-02T09:00,28.9,25,3832.3
2024-05-02T10:00,30.8,20,4229.9
2024-05-02T11:00,32.4,18,4383.56
2024-05-02T12:00,33.7,15,4438.54
2024-05-02T13:00,34.6,15,4293.58
2024-05-02T14:00,34.9,16,4580.06
2024-05-02T15:00,35.0,15,4760.91
2024-05-02T16:00,34.6,16,4738.31
2024-05-02T17:00,33.8,17,4646.73
2024-05-02T18:00,32.4,19,4463.32
2024-05-02T19:00,30.4,21,4462.1
2024-05-02T20:00,29.3,22,4305.81
2024-05-02T21:00,27.7,24,4267.96
2024-05-02T22:00,26.4,27,4459.2
2024-05-02T23:00,25.1,30,4569.88
2024-05-03T00:00,23.7,32,4413.44
2024-05-03T01:00,22.9,34,4112.94
2024-05-03T02:00,22.2,34,3868.73
2024-05-03T03:00,21.7,34,3670.28
2024-05-03T04:00,21.2,35,3527.37
2024-05-03T05:00,20.7,36,3480.35
2024-05-03T06:00,22.6,36,3636.59
2024-05-03T07:00,25.3,32,3590.87
2024-05-03T08:00,28.6,27,3627.66
2024-05-03T09:00,31.8,22,4023.01
2024-05-03T10:00,34.4,17,4417.61
2024-05-03T11:00,36.1,14,4595.37
2024-05-03T12:00,37.2,12,4656.63
2024-05-03T13:00,37.9,11,4447.72
2024-05-03T14:00,38.1,11,4815.38
2024-05-03T15:00,37.9,11,4992.69
2024-05-03T16:00,37.5,12,4928.68
2024-05-03T17:00,36.6,12,4762.74
2024-05-03T18:00,34.7,15,4621.72
2024-05-03T19:00,33.4,16,4585.93
2024-05-03T20:00,31.7,17,4447.98
2024-05-03T21:00,30.1,20,4425.17
2024-05-03T22:00,29.4,20,4685.66
2024-05-04T00:00,28.5,23,4672.91
2024-05-04T01:00,27.8,24,4416.53
2024-05-04T02:00,27.7,25,4165.46
2024-05-04T03:00,27.3,26,3949.92
2024-05-04T04:00,26.5,30,3785.71
2024-05-04T05:00,27.0,27,3702.04
2024-05-04T06:00,26.6,30,3710.65
2024-05-04T07:00,28.7,27,3667.14
2024-05-04T08:00,31.2,23,3650.44
2024-05-04T09:00,33.5,20,3893.07
2024-05-04T10:00,37.3,14,4239.96
2024-05-04T11:00,39.0,11,4474.16
2024-05-04T12:00,40.0,10,4582.5
2024-05-04T13:00,40.5,10,4538.84
2024-05-04T14:00,40.6,10,4814.61
2024-05-04T15:00,40.5,9,4964.47
2024-05-04T16:00,39.8,10,4922.73
2024-05-04T17:00,38.6,11,4782.41
2024-05-04T18:00,36.0,13,4603.31
2024-05-04T19:00,33.3,16,4595.37
2024-05-04T20:00,31.6,19,4541.16
2024-05-04T21:00,30.9,20,4639.52
2024-05-04T22:00,30.3,20,4930.36
2024-05-05T00:00,27.7,25,4974.61
2024-05-05T01:00,26.9,26,4699.08
2024-05-05T02:00,26.4,28,4437.89
2024-05-05T03:00,25.5,29,4197.29
2024-05-05T04:00,25.9,28,3996.27
2024-05-05T05:00,25.0,30,3852.83
2024-05-05T06:00,26.5,30,3749.81
2024-05-05T07:00,28.6,29,3660.12
2024-05-05T08:00,31.4,24,3612.66
2024-05-05T09:00,35.1,18,3773.41
2024-05-05T10:00,38.0,13,4067.49
2024-05-05T11:00,39.6,12,4273.57
2024-05-05T12:00,40.4,12,4444.49
2024-05-05T13:00,40.8,12,4467.47
2024-05-05T14:00,40.9,12,4750.67
2024-05-05T15:00,40.7,12,4902.9
2024-05-05T16:00,40.0,12,4797.8
2024-05-05T17:00,39.4,12,4628.13
2024-05-05T18:00,37.8,14,4469.62
2024-05-05T19:00,35.2,18,4530.37
2024-05-05T20:00,33.6,20,4612.39
2024-05-05T21:00,32.5,20,4832.44
2024-05-05T22:00,30.9,21,5178.14
2024-05-06T00:00,29.6,23,5226.93
2024-05-06T01:00,28.8,25,4950.98
2024-05-06T02:00,28.4,27,4658.03
2024-05-06T03:00,27.9,28,4389.91
2024-05-06T04:00,26.9,31,4175.35
2024-05-06T05:00,26.0,33,4032.86
2024-05-06T06:00,27.9,32,4007.28
2024-05-06T07:00,30.1,30,3930.35
2024-05-06T08:00,32.8,26,3977.07
2024-05-06T09:00,35.5,22,4431.38
2024-05-06T10:00,37.6,19,4880.36
2024-05-06T11:00,39.1,16,5078.64
2024-05-06T12:00,39.8,15,5205.98
2024-05-06T13:00,40.4,14,5200.02
2024-05-06T14:00,40.6,14,5582.54
2024-05-06T15:00,40.2,14,5877.09
2024-05-06T16:00,39.6,14,5771.59
2024-05-06T17:00,38.9,14,5488.35
2024-05-06T18:00,37.5,15,5173.44
2024-05-06T19:00,35.4,17,5145.81
2024-05-06T20:00,34.0,19,5178.69
2024-05-06T21:00,32.4,21,5415.49
2024-05-06T22:00,31.6,23,5825.02
2024-05-07T00:00,28.7,28,5703.36
2024-05-07T01:00,28.1,30,5319.14
2024-05-07T02:00,26.8,32,4985.46
2024-05-07T03:00,26.2,34,4693.15
2024-05-07T04:00,29.0,27,4466.53
2024-05-07T05:00,29.1,26,4314.45
2024-05-07T06:00,27.9,36,4249.03
2024-05-07T07:00,30.8,30,4173.72
2024-05-07T08:00,33.7,26,4286.61
2024-05-07T09:00,35.4,24,4702.6
2024-05-07T10:00,37.3,21,5129.55
2024-05-07T11:00,39.5,17,5332.08
2024-05-07T12:00,40.6,14,5418.82
2024-05-07T13:00,41.4,13,5400.53
2024-05-07T14:00,41.3,13,5845.07
2024-05-07T15:00,41.3,13,6121.27
2024-05-07T16:00,41.1,12,5965.66
2024-05-07T17:00,40.2,13,5704.22
2024-05-07T18:00,37.9,16,5409.52
2024-05-07T19:00,35.2,19,5416.11
2024-05-07T20:00,33.2,29,5548.94
2024-05-07T21:00,31.6,39,5890.37
2024-05-07T22:00,30.9,40,6320.0
2024-05-08T00:00,28.8,45,6118.2
2024-05-08T01:00,28.2,47,5747.87
2024-05-08T02:00,27.8,49,5434.51
2024-05-08T03:00,27.6,50,5126.49
2024-05-08T04:00,27.5,50,4863.92
2024-05-08T05:00,27.0,51,4623.18
2024-05-08T06:00,27.9,64,4478.2
2024-05-08T07:00,29.1,58,4348.12
2024-05-08T08:00,30.7,54,4356.32
2024-05-08T09:00,32.6,48,4741.41
2024-05-08T10:00,34.7,42,5205.83
2024-05-08T11:00,36.4,36,5453.28
2024-05-08T12:00,37.8,32,5588.4
2024-05-08T13:00,38.6,26,5584.81
2024-05-08T14:00,39.2,22,6056.94
2024-05-08T15:00,39.7,20,6321.55
2024-05-08T16:00,39.1,18,6168.2
2024-05-08T17:00,38.1,19,5891.47
2024-05-08T18:00,35.8,26,5554.78
2024-05-08T19:00,33.8,30,5551.01
2024-05-08T20:00,32.1,36,5593.41
2024-05-08T21:00,31.5,37,5773.03
2024-05-08T22:00,30.9,38,6189.91
2024-05-08T23:00,30.6,38,6292.62
2024-05-09T00:00,29.9,39,5960.48
2024-05-09T01:00,28.8,43,5553.47
2024-05-09T02:00,28.0,47,5182.83
2024-05-09T03:00,27.4,50,4856.52
2024-05-09T04:00,26.8,52,4587.16
2024-05-09T05:00,26.2,56,4372.15
2024-05-09T06:00,27.6,56,4233.09
2024-05-09T07:00,28.7,52,4104.73
2024-05-09T08:00,30.4,47,4125.72
2024-05-09T09:00,32.0,44,4542.14
2024-05-09T10:00,33.8,40,5029.47
2024-05-09T11:00,35.7,35,5277.69
2024-05-09T12:00,37.1,32,5437.1
2024-05-09T13:00,38.3,29,5447.65
2024-05-09T14:00,39.1,25,5914.93
2024-05-09T15:00,39.5,22,6199.12
2024-05-09T16:00,39.6,19,6074.23
2024-05-09T17:00,39.0,19,5822.34
2024-05-09T18:00,35.1,24,5490.19
2024-05-09T19:00,33.3,26,5470.84
2024-05-09T20:00,32.4,28,5475.13
2024-05-09T21:00,31.6,29,5644.1
2024-05-09T22:00,30.5,32,6054.24
2024-05-10T00:00,29.2,37,5889.47
2024-05-10T01:00,28.7,38,5574.7
2024-05-10T02:00,28.0,40,5232.19
2024-05-10T03:00,27.2,43,4922.73
2024-05-10T04:00,26.5,46,4684.59
2024-05-10T05:00,26.0,49,4495.76
2024-05-10T06:00,27.5,59,4383.99
2024-05-10T07:00,28.2,58,4314.52
2024-05-10T08:00,30.8,52,4351.1
2024-05-10T09:00,32.4,49,4799.97
2024-05-10T10:00,34.2,44,5248.25
2024-05-10T11:00,36.2,39,5540.2
2024-05-10T12:00,37.9,33,5726.81
2024-05-10T13:00,38.8,31,5729.22
2024-05-10T14:00,39.5,28,6189.43
2024-05-10T15:00,38.2,28,6452.6
2024-05-10T16:00,36.5,29,6314.14
2024-05-10T17:00,36.6,30,6003.82
2024-05-10T18:00,33.3,44,5690.24
2024-05-10T19:00,32.5,47,5668.17
2024-05-10T20:00,31.5,51,5654.6
2024-05-10T21:00,31.6,51,5518.55
2024-05-10T22:00,30.7,54,4018.17
2024-05-10T23:00,28.9,59,4617.68
2024-05-11T00:00,28.8,58,4833.84
2024-05-11T01:00,28.5,56,4872.91
2024-05-11T02:00,28.0,56,4769.35
2024-05-11T03:00,26.5,62,4546.63
2024-05-11T04:00,26.3,61,4372.7
2024-05-11T05:00,26.0,61,4234.54
2024-05-11T06:00,27.4,61,4111.38
2024-05-11T07:00,28.6,56,4058.89
2024-05-11T08:00,30.0,51,4032.83
2024-05-11T09:00,31.3,48,4252.36
2024-05-11T10:00,32.7,42,4635.45
2024-05-11T11:00,34.8,34,4790.28
2024-05-11T12:00,37.0,28,4954.67
2024-05-11T13:00,38.3,23,4969.55
2024-05-11T14:00,38.8,22,5237.12
2024-05-11T15:00,38.6,22,5410.96
2024-05-11T16:00,38.0,23,5319.4
2024-05-11T17:00,37.4,24,5142.94
2024-05-11T18:00,35.4,27,4942.6
2024-05-11T19:00,33.4,32,4998.42
2024-05-11T20:00,31.4,37,5046.76
2024-05-11T21:00,30.8,41,5231.98
2024-05-11T22:00,29.1,45,5492.66
2024-05-11T23:00,28.3,49,5736.32
2024-05-12T00:00,28.9,46,5620.98
2024-05-12T01:00,27.5,50,5359.99
2024-05-12T02:00,27.5,49,5084.11
2024-05-12T03:00,27.7,48,4846.44
2024-05-12T04:00,27.8,48,4639.46
2024-05-12T05:00,27.5,51,4429.36
2024-05-12T06:00,28.6,56,4232.76
2024-05-12T07:00,29.9,51,4104.75
2024-05-12T08:00,31.9,43,4051.6
2024-05-12T09:00,34.4,34,4188.02
2024-05-12T10:00,36.1,30,4481.2
2024-05-12T11:00,37.4,27,4711.55
2024-05-12T12:00,36.2,29,4906.36
2024-05-12T13:00,36.5,29,5008.47
2024-05-12T14:00,37.2,26,5327.74
2024-05-12T15:00,37.8,25,5471.31
2024-05-12T16:00,37.0,25,5336.32
2024-05-12T17:00,36.3,26,5110.56
2024-05-12T18:00,35.9,26,4930.92
2024-05-12T19:00,32.5,33,4996.19
2024-05-12T20:00,32.3,33,5132.84
2024-05-12T21:00,30.4,38,5433.11
2024-05-12T22:00,29.3,40,5882.29
2024-05-12T23:00,28.6,42,6131.25
2024-05-13T00:00,27.8,43,5972.9
2024-05-13T01:00,28.2,40,5640.73
2024-05-13T02:00,27.9,42,5342.58
2024-05-13T03:00,28.0,42,5068.02
2024-05-13T04:00,27.7,44,4846.99
2024-05-13T05:00,27.2,46,4642.97
2024-05-13T06:00,29.4,50,4537.42
2024-05-13T07:00,30.9,47,4470.49
2024-05-13T08:00,33.3,43,4528.81
2024-05-13T09:00,35.2,39,4885.52
2024-05-13T10:00,37.1,32,5291.47
2024-05-13T11:00,38.5,23,5515.34
2024-05-13T12:00,38.7,20,5765.81
2024-05-13T13:00,38.3,19,5777.62
2024-05-13T14:00,39.9,15,6028.98
2024-05-13T15:00,40.1,14,6219.11
2024-05-13T16:00,40.3,13,6033.29
2024-05-13T17:00,39.6,9,5776.91
2024-05-13T18:00,36.1,12,5353.69
2024-05-13T19:00,31.6,19,5221.38
2024-05-13T20:00,31.3,20,5199.27
2024-05-13T21:00,29.0,25,5425.03
2024-05-13T22:00,28.9,24,5912.87
2024-05-13T23:00,27.4,25,6149.53
2024-05-14T00:00,26.8,25,5964.16
2024-05-14T01:00,25.9,26,5600.57
2024-05-14T02:00,26.2,26,5245.26
2024-05-14T03:00,26.2,26,4953.58
2024-05-14T04:00,25.0,28,4705.51
2024-05-14T05:00,24.6,29,4449.9
2024-05-14T06:00,26.7,37,4310.32
2024-05-14T07:00,29.3,33,4234.51
2024-05-14T08:00,32.1,28,4271.78
2024-05-14T09:00,34.6,24,4674.01
2024-05-14T10:00,37.0,19,5162.21
2024-05-14T11:00,38.6,16,5414.43
2024-05-14T12:00,39.7,14,5538.6
2024-05-14T13:00,40.1,14,5518.37
2024-05-14T14:00,40.7,12,5958.07
2024-05-14T15:00,40.6,11,6192.52
2024-05-14T16:00,40.0,10,6036.09
2024-05-14T17:00,39.5,10,5745.21
2024-05-14T18:00,37.7,9,5350.01
2024-05-14T19:00,33.1,14,5226.9
2024-05-14T20:00,30.1,20,5212.54
2024-05-14T21:00,29.6,21,5428.99
2024-05-14T22:00,31.2,20,5940.12
2024-05-14T23:00,31.5,20,6196.31
2024-05-15T00:00,29.9,22,6009.4
2024-05-15T01:00,28.9,25,5630.5
2024-05-15T02:00,27.5,28,5282.53
2024-05-15T03:00,26.4,31,4929.06
2024-05-15T04:00,25.9,33,4646.46
2024-05-15T05:00,25.4,35,4409.08
2024-05-15T06:00,27.6,36,4275.46
2024-05-15T07:00,29.9,33,4197.45
2024-05-15T08:00,33.3,28,4281.66
2024-05-15T09:00,36.2,24,4708.32
2024-05-15T10:00,38.8,16,5118.61
2024-05-15T11:00,40.4,11,5418.61
2024-05-15T12:00,41.5,9,5592.76
2024-05-15T13:00,41.9,9,5609.61
2024-05-15T14:00,42.0,9,6054.14
2024-05-15T15:00,42.3,8,6353.71
2024-05-15T16:00,41.8,8,6209.06
2024-05-15T17:00,40.7,9,5877.81
2024-05-15T18:00,37.9,12,5465.75
2024-05-15T19:00,34.8,14,5386.01
2024-05-15T20:00,32.8,16,5425.6
2024-05-15T21:00,30.5,19,5659.0
2024-05-15T22:00,31.5,17,6137.03
2024-05-15T23:00,32.5,15,6423.25
2024-05-16T00:00,28.3,20,6202.85
2024-05-16T01:00,28.7,18,5826.23
2024-05-16T02:00,28.5,18,5449.52
2024-05-16T03:00,27.9,20,5110.09
2024-05-16T04:00,27.0,22,4842.99
2024-05-16T05:00,26.5,24,4572.7
2024-05-16T06:00,27.2,31,4375.72
2024-05-16T07:00,28.7,31,4287.24
2024-05-16T08:00,32.1,25,4348.54
2024-05-16T09:00,35.5,20,4789.4
2024-05-16T10:00,38.0,18,5317.9
2024-05-16T11:00,40.0,15,5604.37
2024-05-16T12:00,41.6,11,5849.18
2024-05-16T13:00,42.5,10,5888.1
2024-05-16T14:00,42.7,10,6366.9
2024-05-16T15:00,42.2,10,6639.55
2024-05-16T16:00,42.2,11,6466.25
2024-05-16T17:00,41.3,11,6118.1
2024-05-16T18:00,37.6,20,5721.57
2024-05-16T19:00,34.7,18,5666.98
2024-05-16T20:00,34.5,18,5747.33
2024-05-16T21:00,36.0,16,6060.66
2024-05-16T22:00,33.4,19,6542.35
2024-05-17T00:00,30.1,23,6519.06
2024-05-17T01:00,30.7,20,6140.34
2024-05-17T02:00,30.7,20,5779.06
2024-05-17T03:00,30.1,21,5469.25
2024-05-17T04:00,29.3,22,5192.96
2024-05-17T05:00,28.1,25,4911.7
2024-05-17T06:00,28.9,32,4671.37
2024-05-17T07:00,30.5,31,4576.46
2024-05-17T08:00,34.5,26,4655.18
2024-05-17T09:00,38.2,20,5145.51
2024-05-17T10:00,40.9,16,5660.15
2024-05-17T11:00,42.5,13,5807.19
2024-05-17T12:00,43.6,10,5851.47
2024-05-17T13:00,44.0,9,5849.59
2024-05-17T14:00,43.8,10,6295.02
2024-05-17T15:00,43.9,9,6633.14
2024-05-17T16:00,43.6,9,6539.62
2024-05-17T17:00,42.3,10,6379.44
2024-05-17T18:00,40.5,11,5878.03
2024-05-17T19:00,38.6,12,5774.82
2024-05-17T20:00,35.8,16,5899.46
2024-05-17T21:00,33.8,19,6240.83
2024-05-17T22:00,36.4,16,6722.92
2024-05-18T00:00,31.4,24,6715.34
2024-05-18T01:00,30.0,27,6372.14
2024-05-18T02:00,30.3,27,6048.85
2024-05-18T03:00,29.1,29,5732.58
2024-05-18T04:00,28.1,31,5436.53
2024-05-18T05:00,27.1,34,5104.83
2024-05-18T06:00,30.9,37,4787.35
2024-05-18T07:00,33.7,32,4637.56
2024-05-18T08:00,37.0,26,4576.12
2024-05-18T09:00,39.7,21,4846.43
2024-05-18T10:00,42.0,13,5332.68
2024-05-18T11:00,43.5,10,5713.29
2024-05-18T12:00,43.7,10,6039.88
2024-05-18T13:00,43.9,11,6142.11
2024-05-18T14:00,44.0,11,6616.0
2024-05-18T15:00,43.6,11,6842.09
2024-05-18T16:00,43.5,11,6661.35
2024-05-18T17:00,42.9,11,6279.87
2024-05-18T18:00,40.6,12,5810.44
2024-05-18T19:00,39.7,12,5729.86
2024-05-18T20:00,37.7,14,5880.6
2024-05-18T21:00,36.2,15,6235.61
2024-05-18T22:00,35.0,16,6770.35
2024-05-18T23:00,33.9,17,7083.65
2024-05-19T00:00,32.4,18,6876.66
2024-05-19T01:00,31.1,20,6593.56
2024-05-19T02:00,31.0,21,6261.04
2024-05-19T03:00,29.1,24,5961.15
2024-05-19T04:00,28.9,24,5632.25
2024-05-19T05:00,27.7,27,5265.53
2024-05-19T06:00,30.8,26,4907.74
2024-05-19T07:00,32.7,24,4678.67
2024-05-19T08:00,35.5,21,4505.28
2024-05-19T09:00,37.8,18,4662.96
2024-05-19T10:00,39.8,17,5028.61
2024-05-19T11:00,42.3,14,5362.55
2024-05-19T12:00,44.0,10,5678.75
2024-05-19T13:00,44.6,10,5885.21
2024-05-19T14:00,44.9,9,6354.71
2024-05-19T15:00,44.3,9,6498.42
2024-05-19T16:00,43.6,10,6360.41
2024-05-19T17:00,43.0,10,5935.24
2024-05-19T18:00,41.4,10,5498.13
2024-05-19T19:00,38.6,12,5458.07
2024-05-19T20:00,36.4,16,5737.4
2024-05-19T21:00,34.5,19,6226.52
2024-05-19T22:00,33.6,19,6806.88
2024-05-19T23:00,33.7,17,7105.17
2024-05-20T00:00,32.9,19,6884.53
2024-05-20T01:00,31.2,22,6295.61
2024-05-20T02:00,30.6,24,6362.08
2024-05-20T03:00,30.3,24,6145.89
2024-05-20T04:00,29.8,26,5790.05
2024-05-20T05:00,29.1,27,5394.5
2024-05-20T06:00,30.8,27,5053.68
2024-05-20T07:00,32.9,25,4927.07
2024-05-20T08:00,35.5,21,4996.39
2024-05-20T09:00,37.7,19,5440.35
2024-05-20T10:00,39.5,17,5956.35
2024-05-20T11:00,41.0,15,6323.53
2024-05-20T12:00,42.5,14,6582.24
2024-05-20T13:00,43.3,13,6736.0
2024-05-20T14:00,43.6,12,7211.38
2024-05-20T15:00,43.4,12,7496.82
2024-05-20T16:00,43.3,11,7302.75
2024-05-20T17:00,42.1,12,6727.72
2024-05-20T18:00,41.4,10,6230.38
2024-05-20T19:00,39.1,12,6092.04
2024-05-20T20:00,35.6,16,6299.92
2024-05-20T21:00,33.7,23,6732.07
2024-05-20T22:00,32.3,26,7300.54
2024-05-20T23:00,32.3,25,7523.46
2024-05-21T00:00,31.6,26,7307.5
2024-05-21T01:00,31.5,24,7063.23
2024-05-21T02:00,30.5,24,6780.99
2024-05-21T03:00,29.9,25,6486.29
2024-05-21T04:00,30.0,25,6154.68
2024-05-21T05:00,29.7,28,5766.59
2024-05-21T06:00,29.1,42,5378.89
2024-05-21T07:00,30.9,42,5198.64
2024-05-21T08:00,32.9,39,5186.37
2024-05-21T09:00,34.9,37,5573.87
2024-05-21T10:00,36.8,33,6098.53
2024-05-21T11:00,38.5,30,6521.06
2024-05-21T12:00,40.1,26,6797.45
2024-05-21T13:00,41.3,23,6960.1
2024-05-21T14:00,42.2,19,7444.92
2024-05-21T15:00,42.5,16,7648.85
2024-05-21T16:00,42.6,14,7439.18
2024-05-21T17:00,41.5,16,6974.16
2024-05-21T18:00,38.3,32,6381.45
2024-05-21T19:00,35.8,25,6298.6
2024-05-21T20:00,34.6,27,6521.27
2024-05-21T21:00,34.5,27,6939.75
2024-05-21T22:00,33.3,30,7492.33
2024-05-22T00:00,31.8,32,7344.57
2024-05-22T01:00,31.0,34,7015.85
2024-05-22T02:00,30.6,38,6708.99
2024-05-22T03:00,30.3,44,6393.36
2024-05-22T04:00,30.0,46,6071.56
2024-05-22T05:00,29.8,47,5685.56
2024-05-22T06:00,31.5,45,5349.36
2024-05-22T07:00,32.7,48,5221.35
2024-05-22T08:00,34.4,45,5280.22
2024-05-22T09:00,36.4,40,5752.49
2024-05-22T10:00,37.5,38,6353.75
2024-05-22T11:00,39.1,33,6752.24
2024-05-22T12:00,40.8,28,7088.06
2024-05-22T13:00,41.1,26,7269.52
2024-05-22T14:00,37.7,32,7761.53
2024-05-22T15:00,39.4,25,7923.97
2024-05-22T16:00,39.9,22,7701.32
2024-05-22T17:00,39.4,23,7182.62
2024-05-22T18:00,38.2,27,6638.38
2024-05-22T19:00,36.2,35,6573.91
2024-05-22T20:00,35.0,38,6794.66
2024-05-22T21:00,34.8,37,7146.5
2024-05-22T22:00,34.3,39,7604.96
2024-05-22T23:00,33.6,40,7733.5
2024-05-23T00:00,32.8,41,7490.63
2024-05-23T01:00,32.3,42,7077.37
2024-05-23T02:00,31.6,45,6728.96
2024-05-23T03:00,31.2,47,6399.32
2024-05-23T04:00,30.9,48,6058.01
2024-05-23T05:00,30.5,49,5670.16
2024-05-23T06:00,31.5,50,5296.68
2024-05-23T07:00,32.2,52,5079.85
2024-05-23T08:00,34.0,47,5002.32
2024-05-23T09:00,35.9,42,5354.64
2024-05-23T10:00,37.6,37,5896.76
2024-05-23T11:00,38.8,34,6335.35
2024-05-23T12:00,40.1,30,6698.24
2024-05-23T13:00,40.7,27,6832.5
2024-05-23T14:00,41.1,24,7327.57
2024-05-23T15:00,41.0,22,7518.79
2024-05-23T16:00,40.8,21,7326.18
2024-05-23T17:00,40.5,21,6874.47
2024-05-23T18:00,38.8,19,6420.51
2024-05-23T19:00,36.9,24,6251.25
2024-05-23T20:00,35.7,29,6473.92
2024-05-23T21:00,34.7,32,6830.72
2024-05-23T22:00,34.0,35,7376.79
2024-05-24T00:00,33.1,40,7379.48
2024-05-24T01:00,32.3,43,7007.9
2024-05-24T02:00,31.6,46,6672.81
2024-05-24T03:00,31.1,48,6318.16
2024-05-24T04:00,30.8,50,5987.24
2024-05-24T05:00,30.4,51,5604.31
2024-05-24T06:00,31.6,50,5285.23
2024-05-24T07:00,32.9,46,5157.69
2024-05-24T08:00,34.4,43,5227.38
2024-05-24T09:00,36.3,38,5684.01
2024-05-24T10:00,37.8,34,6225.16
2024-05-24T11:00,38.9,31,6594.62
2024-05-24T12:00,39.8,29,6877.21
2024-05-24T13:00,40.3,27,6979.12
2024-05-24T14:00,40.6,26,7547.27
2024-05-24T15:00,40.9,25,7786.48
2024-05-24T16:00,40.3,25,7561.88
2024-05-24T17:00,39.6,26,7074.15
2024-05-24T18:00,39.2,22,6546.06
2024-05-24T19:00,37.5,25,6415.03
2024-05-24T20:00,36.2,27,6582.82
2024-05-24T21:00,34.3,31,6922.53
2024-05-24T22:00,33.1,34,7433.42
2024-05-24T23:00,32.4,37,7605.24
2024-05-25T00:00,32.1,38,7454.36
2024-05-25T01:00,32.0,39,7117.9
2024-05-25T02:00,31.9,41,6788.9
2024-05-25T03:00,31.8,43,6437.11
2024-05-25T04:00,31.3,45,6125.65
2024-05-25T05:00,30.6,48,5758.06
2024-05-25T06:00,32.9,44,5394.16
2024-05-25T07:00,34.1,42,5094.28
2024-05-25T08:00,36.1,38,4861.63
2024-05-25T09:00,37.8,35,4820.7
2024-05-25T10:00,39.8,30,5007.04
2024-05-25T11:00,41.3,25,5358.38
2024-05-25T12:00,42.2,21,5718.04
2024-05-25T13:00,43.6,18,6052.78
2024-05-25T14:00,44.2,16,6454.59
2024-05-25T15:00,44.4,14,6590.7
2024-05-25T16:00,43.8,13,6192.48
2024-05-25T17:00,43.1,13,5811.08
2024-05-25T18:00,42.5,12,5393.87
2024-05-25T19:00,41.2,12,5319.05
2024-05-25T20:00,39.0,13,5682.65
2024-05-25T21:00,35.5,18,6211.73
2024-05-25T22:00,34.2,19,6781.34
2024-05-25T23:00,33.5,20,7124.32
2024-05-26T00:00,31.9,23,7000.67
2024-05-26T01:00,33.7,20,6710.21
2024-05-26T02:00,30.7,25,6399.62
2024-05-26T03:00,33.1,21,6073.77
2024-05-26T04:00,30.2,26,5745.91
2024-05-26T05:00,29.5,28,5323.11
2024-05-26T06:00,31.1,27,4980.38
2024-05-26T07:00,33.5,25,4770.83
2024-05-26T08:00,36.4,22,4667.34
2024-05-26T09:00,39.3,20,4882.99
2024-05-26T10:00,42.0,15,5214.73
2024-05-26T11:00,43.8,10,5554.36
2024-05-26T12:00,44.6,9,5893.47
2024-05-26T13:00,45.1,10,6179.04
2024-05-26T14:00,45.4,10,6720.59
2024-05-26T15:00,46.0,10,7004.77
2024-05-26T16:00,44.9,11,6815.56
2024-05-26T17:00,44.1,12,6308.65
2024-05-26T18:00,42.4,11,5890.31
2024-05-26T19:00,40.6,13,5892.91
2024-05-26T20:00,38.7,15,6265.27
2024-05-26T21:00,35.4,20,6770.93
2024-05-26T22:00,36.7,17,7345.96
2024-05-26T23:00,36.5,17,7622.7
2024-05-27T00:00,33.7,21,7450.25
2024-05-27T01:00,35.7,19,7146.84
2024-05-27T02:00,35.3,19,6854.1
2024-05-27T03:00,30.7,26,6492.8
2024-05-27T04:00,33.2,21,6156.08
2024-05-27T05:00,30.2,28,5763.28
2024-05-27T06:00,32.0,34,5400.34
2024-05-27T07:00,34.0,31,5261.88
2024-05-27T08:00,36.3,30,5333.03
2024-05-27T09:00,38.9,29,5774.23
2024-05-27T10:00,41.8,22,6307.34
2024-05-27T11:00,43.7,16,6690.49
2024-05-27T12:00,44.8,12,6958.49
2024-05-27T13:00,45.2,9,7131.46
2024-05-27T14:00,45.7,8,7535.16
2024-05-27T15:00,45.5,7,7776.97
2024-05-27T16:00,44.9,7,7669.68
2024-05-27T17:00,43.9,8,7167.22
2024-05-27T18:00,42.5,8,6558.06
2024-05-27T19:00,40.0,9,6343.47
2024-05-27T20:00,36.7,12,6526.56
2024-05-27T21:00,34.7,14,7002.63
2024-05-27T22:00,34.2,14,7650.98
2024-05-27T23:00,32.9,16,7878.5
2024-05-28T00:00,33.7,16,7625.5
2024-05-28T01:00,32.5,18,7285.95
2024-05-28T02:00,33.9,16,6948.99
2024-05-28T03:00,29.5,22,6607.74
2024-05-28T04:00,29.5,21,6253.3
2024-05-28T05:00,29.8,18,5850.14
2024-05-28T06:00,28.9,26,5497.37
2024-05-28T07:00,31.4,24,5377.37
2024-05-28T08:00,34.9,21,5397.65
2024-05-28T09:00,38.0,16,5824.75
2024-05-28T10:00,40.6,11,6336.9
2024-05-28T11:00,42.4,9,6648.1
2024-05-28T12:00,43.7,9,6923.79
2024-05-28T13:00,44.7,9,7031.15
2024-05-28T14:00,45.4,8,7572.63
2024-05-28T15:00,45.4,8,7801.42
2024-05-28T16:00,45.8,7,7628.76
2024-05-28T17:00,44.5,7,7130.69
2024-05-28T18:00,41.0,9,6488.93
2024-05-28T19:00,41.9,6,6304.23
2024-05-28T20:00,36.1,10,6462.89
2024-05-28T21:00,34.8,12,6929.62
2024-05-28T22:00,33.8,12,7563.77
2024-05-28T23:00,33.1,14,7816.58
2024-05-29T00:00,32.5,16,7603.39
2024-05-29T01:00,31.7,17,7293.04
2024-05-29T02:00,31.1,17,6931.6
2024-05-29T03:00,31.5,16,6613.93
2024-05-29T04:00,33.3,18,6301.3
2024-05-29T05:00,32.9,22,5921.54
2024-05-29T06:00,34.5,29,5397.45
2024-05-29T07:00,37.1,29,5256.61
2024-05-29T08:00,38.1,30,5326.78
2024-05-29T09:00,39.2,29,5762.81
2024-05-29T10:00,41.1,25,6575.35
2024-05-29T11:00,43.1,20,7000.15
2024-05-29T12:00,44.6,16,7336.38
2024-05-29T13:00,45.6,12,7528.07
2024-05-29T14:00,45.7,10,7999.02
2024-05-29T15:00,45.6,9,8212.76
2024-05-29T16:00,45.7,9,7677.46
2024-05-29T17:00,44.9,9,6899.11
2024-05-29T18:00,41.6,21,6374.09
2024-05-29T19:00,38.8,17,6261.11
2024-05-29T20:00,38.2,16,6483.4
2024-05-29T21:00,38.7,12,6968.43
2024-05-29T22:00,36.8,13,7603.9
2024-05-29T23:00,34.5,17,7842.07
2024-05-30T00:00,35.3,16,7680.35
2024-05-30T01:00,35.9,17,7413.48
2024-05-30T02:00,35.9,17,7092.75
2024-05-30T03:00,34.5,20,6783.73
2024-05-30T04:00,33.6,24,6467.5
2024-05-30T05:00,33.0,29,6062.03
2024-05-30T06:00,33.5,33,5634.22
2024-05-30T07:00,35.3,38,5400.78
2024-05-30T08:00,37.0,35,5413.84
2024-05-30T09:00,39.3,29,5838.93
2024-05-30T10:00,41.0,24,6356.35
2024-05-30T11:00,43.3,17,6710.89
2024-05-30T12:00,45.0,11,7020.62
2024-05-30T13:00,45.3,9,7226.2
2024-05-30T14:00,45.6,8,7764.87
2024-05-30T15:00,45.8,7,8022.63
2024-05-30T16:00,45.5,6,7765.71
2024-05-30T17:00,44.3,7,7217.66
2024-05-30T18:00,42.5,5,6531.74
2024-05-30T19:00,40.6,5,6273.52
2024-05-30T20:00,38.6,6,6431.54
2024-05-30T21:00,35.4,9,6875.32
2024-05-30T22:00,36.6,7,7523.11
2024-05-30T23:00,38.5,6,7843.98
2024-05-31T00:00,36.1,7,7729.76
2024-05-31T01:00,35.7,7,7384.92
2024-05-31T02:00,30.6,11,7058.14
2024-05-31T03:00,34.3,8,6707.09
2024-05-31T04:00,29.5,12,6312.96
2024-05-31T05:00,28.5,13,5906.75
2024-05-31T06:00,29.6,21,5560.61
2024-05-31T07:00,32.3,19,5426.72
2024-05-31T08:00,35.2,19,5415.97
2024-05-31T09:00,37.8,18,5838.31
2024-05-31T10:00,40.3,15,6364.4
2024-05-31T11:00,42.5,12,6705.86
2024-05-31T12:00,43.9,11,6949.95
2024-05-31T13:00,45.2,8,7102.91
2024-05-31T14:00,45.9,6,7578.34
2024-05-31T15:00,45.6,6,7862.3
2024-05-31T16:00,44.9,7,7706.12
2024-05-31T17:00,43.4,8,7226.6
2024-05-31T18:00,42.1,9,6634.46
2024-05-31T19:00,39.2,11,6414.52
2024-05-31T20:00,36.9,13,6628.63
2024-05-31T21:00,34.8,15,7070.07
2024-05-31T22:00,34.5,15,7670.2
2024-05-31T23:00,33.4,15,7971.41
2024-06-01T00:00,32.4,16,7760.59
2024-06-01T01:00,32.8,14,7435.22
2024-06-01T02:00,32.7,14,7132.97
2024-06-01T03:00,32.2,16,6808.37
2024-06-01T04:00,32.3,17,6426.51
2024-06-01T05:00,31.3,20,6017.88
2024-06-01T06:00,35.9,15,5586.14
2024-06-01T07:00,37.6,18,5381.84
2024-06-01T08:00,38.4,19,5250.61
2024-06-01T09:00,40.2,19,5459.87
2024-06-01T10:00,42.4,17,5923.97
2024-06-01T11:00,43.4,12,6316.4
2024-06-01T12:00,43.3,10,6678.22
2024-06-01T13:00,43.6,10,6809.81
2024-06-01T14:00,44.0,10,7229.01
2024-06-01T15:00,43.2,11,6792.52
2024-06-01T16:00,42.5,11,6698.21
2024-06-01T17:00,40.5,14,6328.04
2024-06-01T18:00,36.7,20,5796.34
2024-06-01T19:00,36.1,22,5783.53
2024-06-01T20:00,35.4,23,5957.34
2024-06-01T21:00,34.0,28,6313.06
2024-06-01T22:00,33.9,26,6880.31
2024-06-01T23:00,33.5,26,7210.77
2024-06-02T00:00,33.0,28,7094.49
2024-06-02T01:00,32.5,32,6833.47
2024-06-02T02:00,32.1,34,6520.31
2024-06-02T03:00,31.6,33,6233.6
2024-06-02T04:00,31.4,32,5932.81
2024-06-02T05:00,30.5,36,5549.84
2024-06-02T06:00,32.1,39,5184.1
2024-06-02T07:00,33.0,38,4945.5
2024-06-02T08:00,35.1,31,4796.41
2024-06-02T09:00,37.1,27,4883.81
2024-06-02T10:00,38.7,23,5158.22
2024-06-02T11:00,40.0,22,5453.04
2024-06-02T12:00,41.4,20,5764.49
2024-06-02T13:00,40.8,20,6018.06
2024-06-02T14:00,40.9,19,6527.69
2024-06-02T15:00,41.3,17,6787.32
2024-06-02T16:00,40.6,18,6620.88
2024-06-02T17:00,40.1,19,6227.6
2024-06-02T18:00,41.0,9,5789.23
2024-06-02T19:00,39.2,10,5702.56
2024-06-02T20:00,38.4,11,5932.51
2024-06-02T21:00,35.1,20,6301.34
2024-06-02T22:00,34.0,29,6907.35
2024-06-02T23:00,33.2,32,7290.51
2024-06-03T00:00,32.4,34,7174.36
2024-06-03T01:00,31.9,36,6871.36
2024-06-03T02:00,31.3,37,6566.33
2024-06-03T03:00,30.7,39,6207.01
2024-06-03T04:00,30.1,42,5893.16
2024-06-03T05:00,29.6,44,5523.01
2024-06-03T06:00,30.1,46,5250.79
2024-06-03T07:00,32.0,43,5141.61
2024-06-03T08:00,34.3,39,5174.78
2024-06-03T09:00,36.8,34,5612.76
2024-06-03T10:00,39.5,27,6102.28
2024-06-03T11:00,41.7,19,6453.11
2024-06-03T12:00,42.9,13,6734.85
2024-06-03T13:00,43.7,12,6955.53
2024-06-03T14:00,44.2,11,7396.38
2024-06-03T15:00,44.4,11,7651.74
2024-06-03T16:00,43.8,11,7533.14
2024-06-03T17:00,42.9,11,7002.34
2024-06-03T18:00,42.1,12,6399.9
2024-06-03T19:00,37.1,16,6165.87
2024-06-03T20:00,37.8,13,6365.96
2024-06-03T21:00,36.7,13,6848.89
2024-06-03T22:00,35.8,14,7550.06
2024-06-03T23:00,33.9,17,7837.63
2024-06-04T00:00,31.7,20,7578.52
2024-06-04T01:00,31.3,20,7197.68
2024-06-04T02:00,30.9,20,6759.6
2024-06-04T03:00,31.0,20,6435.39
2024-06-04T04:00,31.1,20,6135.94
2024-06-04T05:00,31.2,23,5747.44
2024-06-04T06:00,31.4,29,5398.83
2024-06-04T07:00,33.9,27,5277.19
2024-06-04T08:00,36.8,22,5313.45
2024-06-04T09:00,39.2,19,5779.89
2024-06-04T10:00,40.8,16,6282.93
2024-06-04T11:00,42.1,14,6606.1
2024-06-04T12:00,42.7,14,7004.12
2024-06-04T13:00,42.8,15,7208.26
2024-06-04T14:00,43.1,16,7669.07
2024-06-04T15:00,42.9,16,7688.48
2024-06-04T16:00,42.6,16,7376.56
2024-06-04T17:00,41.8,16,6918.01
2024-06-04T18:00,41.0,14,6427.41
2024-06-04T19:00,38.5,16,6335.64
2024-06-04T20:00,37.6,17,6551.69
2024-06-04T21:00,34.7,20,6876.23
2024-06-04T22:00,33.3,22,7417.19
2024-06-04T23:00,33.2,21,7651.72
2024-06-05T00:00,33.3,20,7467.14
2024-06-05T01:00,32.0,22,7165.9
2024-06-05T02:00,30.2,25,6824.46
2024-06-05T03:00,30.9,23,6473.59
2024-06-05T04:00,31.5,21,6137.56
2024-06-05T05:00,31.6,22,5804.66
2024-06-05T06:00,33.5,27,5428.85
2024-06-05T07:00,35.4,27,5223.39
2024-06-05T08:00,36.6,27,5206.58
2024-06-05T09:00,38.4,28,5581.05
2024-06-05T10:00,39.7,27,6150.81
2024-06-05T11:00,41.7,21,6535.56
2024-06-05T12:00,39.3,27,6900.4
2024-06-05T13:00,40.7,22,7136.12
2024-06-05T14:00,40.3,20,7681.77
2024-06-05T15:00,40.5,21,7937.78
2024-06-05T16:00,40.3,22,7738.98
2024-06-05T17:00,39.6,23,7230.86
2024-06-05T18:00,41.3,12,6574.78
2024-06-05T19:00,40.6,14,6383.31
2024-06-05T20:00,38.3,15,6602.62
2024-06-05T21:00,35.6,29,6345.98
2024-06-05T22:00,34.7,33,6730.54
2024-06-05T23:00,33.9,34,7018.26
2024-06-06T00:00,33.6,34,6687.66
2024-06-06T01:00,32.4,36,6390.92
2024-06-06T02:00,32.4,32,6104.16
2024-06-06T03:00,32.4,27,5808.09
2024-06-06T04:00,31.6,27,5499.16
2024-06-06T05:00,30.7,28,5175.74
2024-06-06T06:00,28.2,51,4828.14
2024-06-06T07:00,30.2,46,4551.85
2024-06-06T08:00,32.0,40,4533.47
2024-06-06T09:00,34.4,33,4916.11
2024-06-06T10:00,35.8,27,5611.11
2024-06-06T11:00,37.4,24,6125.05
2024-06-06T12:00,38.3,24,6410.58
2024-06-06T13:00,39.4,22,6563.88
2024-06-06T14:00,40.5,20,7068.76
2024-06-06T15:00,40.8,19,7394.95
2024-06-06T16:00,40.6,19,7260.03
2024-06-06T17:00,39.8,20,6859.24
2024-06-06T18:00,38.3,16,6269.27
2024-06-06T19:00,36.5,20,6025.72
2024-06-06T20:00,35.1,24,6137.22
2024-06-06T21:00,34.2,28,6526.83
2024-06-06T22:00,33.1,31,6961.69
2024-06-06T23:00,32.5,33,6842.91
2024-06-07T00:00,31.7,35,6735.02
2024-06-07T01:00,30.6,38,6463.83
2024-06-07T02:00,30.2,39,6142.85
2024-06-07T03:00,29.6,40,5803.18
2024-06-07T04:00,29.2,41,5466.57
2024-06-07T05:00,28.9,41,5110.71
2024-06-07T06:00,30.6,46,4838.7
2024-06-07T07:00,32.2,42,4748.26
2024-06-07T08:00,34.0,38,4808.47
2024-06-07T09:00,36.0,33,5291.7
2024-06-07T10:00,37.9,27,5870.39
2024-06-07T11:00,39.4,23,6206.54
2024-06-07T12:00,40.7,21,6430.49
2024-06-07T13:00,41.7,18,6551.56
2024-06-07T14:00,42.2,17,7120.95
2024-06-07T15:00,42.2,16,7362.54
2024-06-07T16:00,41.5,16,7248.48
2024-06-07T17:00,40.9,16,6799.06
2024-06-07T18:00,35.9,29,6205.0
2024-06-07T19:00,35.1,29,5935.44
2024-06-07T20:00,34.6,28,6023.01
2024-06-07T21:00,34.0,29,6356.87
2024-06-07T22:00,33.4,30,6975.59
2024-06-07T23:00,32.4,31,7350.05
2024-06-08T00:00,31.7,32,7220.81
2024-06-08T01:00,30.9,34,6881.35
2024-06-08T02:00,30.2,35,6506.85
2024-06-08T03:00,29.7,36,6138.21
2024-06-08T04:00,29.1,37,5800.53
2024-06-08T05:00,28.3,39,5412.44
2024-06-08T06:00,29.6,42,5083.5
2024-06-08T07:00,31.5,38,4816.53
2024-06-08T08:00,34.2,33,4646.86
2024-06-08T09:00,36.7,27,4876.03
2024-06-08T10:00,38.7,20,5398.31
2024-06-08T11:00,40.1,17,5838.21
2024-06-08T12:00,39.4,18,6066.24
2024-06-08T13:00,40.0,18,6184.52
2024-06-08T14:00,40.2,18,6641.26
2024-06-08T15:00,39.5,18,6888.89
2024-06-08T16:00,39.6,18,6730.73
2024-06-08T17:00,39.1,18,6294.92
2024-06-08T18:00,38.1,21,5775.62
2024-06-08T19:00,35.8,24,5562.16
2024-06-08T20:00,34.2,26,5656.51
2024-06-08T21:00,33.3,27,5970.69
2024-06-08T22:00,32.5,30,6575.19
2024-06-08T23:00,31.6,32,6972.57
2024-06-09T00:00,30.8,34,6876.42
2024-06-09T01:00,30.1,35,6591.65
2024-06-09T02:00,29.7,36,6229.16
2024-06-09T03:00,29.6,35,5900.17
2024-06-09T04:00,29.0,36,5548.57
2024-06-09T05:00,28.3,38,5169.05
2024-06-09T06:00,29.0,41,4834.32
2024-06-09T07:00,31.0,37,4630.3
2024-06-09T08:00,33.6,31,4481.42
2024-06-09T09:00,36.0,26,4611.13
2024-06-09T10:00,37.9,21,4888.53
2024-06-09T11:00,39.5,18,5170.28
2024-06-09T12:00,40.9,15,5471.1
2024-06-09T13:00,41.8,13,5677.15
2024-06-09T14:00,42.2,12,6145.42
2024-06-09T15:00,42.2,11,6382.89
2024-06-09T16:00,41.7,11,6229.77
2024-06-09T17:00,41.0,11,5817.91
2024-06-09T18:00,39.4,9,5408.88
2024-06-09T19:00,36.2,12,5334.12
2024-06-09T20:00,34.9,13,5577.51
2024-06-09T21:00,33.1,15,5992.04
2024-06-09T22:00,31.9,17,6608.11
2024-06-09T23:00,31.7,17,7035.16
2024-06-10T00:00,31.3,17,6959.44
2024-06-10T01:00,30.5,18,6682.68
2024-06-10T02:00,29.8,20,6357.69
2024-06-10T03:00,29.3,21,5995.6
2024-06-10T04:00,28.7,23,5661.21
2024-06-10T05:00,27.9,25,5288.1
2024-06-10T06:00,29.2,29,5015.59
2024-06-10T07:00,31.1,27,4900.89
2024-06-10T08:00,33.8,24,4933.86
2024-06-10T09:00,36.5,21,5422.96
2024-06-10T10:00,38.8,18,5890.3
2024-06-10T11:00,40.5,15,6249.51
2024-06-10T12:00,41.8,13,6495.15
2024-06-10T13:00,42.7,13,6643.93
2024-06-10T14:00,43.0,13,7141.04
2024-06-10T15:00,42.7,13,7386.03
2024-06-10T16:00,42.2,13,7214.9
2024-06-10T17:00,41.5,14,6778.52
2024-06-10T18:00,40.4,14,6175.28
2024-06-10T19:00,38.5,15,5911.05
2024-06-10T20:00,37.0,16,6037.34
2024-06-10T21:00,36.2,17,6393.8
2024-06-11T00:00,33.7,19,7373.25
2024-06-11T01:00,32.3,20,7034.86
2024-06-11T02:00,31.5,21,6692.27
2024-06-11T03:00,30.4,23,6327.87
2024-06-11T04:00,29.4,25,5971.97
2024-06-11T05:00,28.9,27,5529.98
2024-06-11T06:00,29.9,33,5148.8
2024-06-11T07:00,32.0,30,5066.96
2024-06-11T08:00,34.7,26,5105.3
2024-06-11T09:00,37.3,22,5504.65
2024-06-11T10:00,39.2,20,6062.34
2024-06-11T11:00,40.8,17,6422.07
2024-06-11T12:00,42.1,15,6693.5
2024-06-11T13:00,43.0,13,6882.66
2024-06-11T14:00,43.2,12,6207.76
2024-06-11T15:00,43.1,12,6730.76
2024-06-11T16:00,42.6,11,7369.66
2024-06-11T17:00,41.8,11,6951.68
2024-06-11T18:00,40.5,13,6323.06
2024-06-11T19:00,37.5,15,6004.92
2024-06-11T20:00,36.5,16,6128.57
2024-06-11T21:00,34.6,17,6573.67
2024-06-11T22:00,34.1,18,7263.89
2024-06-11T23:00,32.4,20,7619.91
2024-06-12T00:00,31.6,21,7415.53
2024-06-12T01:00,30.7,23,7101.14
2024-06-12T02:00,30.3,23,6768.04
2024-06-12T03:00,29.7,24,6474.19
2024-06-12T04:00,29.1,25,6123.73
2024-06-12T05:00,28.8,26,5692.08
2024-06-12T06:00,30.7,29,5281.8
2024-06-12T07:00,32.8,26,5104.2
2024-06-12T08:00,36.0,22,5128.93
2024-06-12T09:00,38.8,18,5591.57
2024-06-12T10:00,40.6,16,6169.74
2024-06-12T11:00,42.0,14,6515.75
2024-06-12T12:00,43.2,12,6739.14
2024-06-12T13:00,43.9,11,6671.74
2024-06-12T14:00,44.1,10,7380.92
2024-06-12T15:00,44.1,10,7686.34
2024-06-12T16:00,44.0,10,7501.44
2024-06-12T17:00,43.4,10,7056.63
2024-06-12T18:00,41.0,13,6424.77
2024-06-12T19:00,37.4,16,6171.92
2024-06-12T20:00,36.9,15,6310.94
2024-06-12T21:00,36.6,15,6737.19
2024-06-12T22:00,36.0,15,7388.15
2024-06-12T23:00,35.1,16,7715.85
2024-06-13T00:00,33.4,18,7574.0
2024-06-13T01:00,32.6,19,7273.38
2024-06-13T02:00,31.6,21,6982.78
2024-06-13T03:00,30.9,21,6621.76
2024-06-13T04:00,30.5,21,6284.83
2024-06-13T05:00,29.6,23,5911.12
2024-06-13T06:00,32.6,38,5552.18
2024-06-13T07:00,34.4,36,5416.83
2024-06-13T08:00,36.3,31,5457.82
2024-06-13T09:00,38.4,27,5821.4
2024-06-14T00:00,35.0,26,7784.05
2024-06-14T01:00,34.6,27,7458.06
2024-06-14T02:00,34.1,27,7110.61
2024-06-14T03:00,34.2,26,6767.03
2024-06-14T04:00,33.6,27,6471.97
2024-06-14T05:00,32.8,29,6081.08
2024-06-14T06:00,33.7,30,5706.72
2024-06-14T07:00,35.0,30,5525.57
2024-06-14T08:00,36.6,31,5511.87
2024-06-14T09:00,38.1,32,5907.77
2024-06-14T10:00,39.7,29,6484.96
2024-06-14T11:00,40.6,27,6890.08
2024-06-14T12:00,42.0,24,7259.83
2024-06-14T13:00,43.1,20,7446.37
2024-06-14T14:00,43.3,18,7924.57
2024-06-14T15:00,43.4,17,8107.87
2024-06-14T16:00,43.2,17,7948.3
2024-06-14T17:00,42.0,19,7423.96
2024-06-14T18:00,37.4,32,6621.75
2024-06-14T19:00,36.5,34,6182.58
2024-06-14T20:00,36.0,35,6160.91
2024-06-14T21:00,35.7,35,6450.44
2024-06-14T22:00,35.0,35,7113.54
2024-06-14T23:00,34.4,35,7616.7
2024-06-15T00:00,33.8,36,7565.62
2024-06-15T01:00,33.6,35,7277.22
2024-06-15T02:00,33.5,34,6942.69
2024-06-15T03:00,33.1,33,6627.1
2024-06-15T04:00,32.8,32,6257.6
2024-06-15T05:00,32.2,34,5851.14
2024-06-15T06:00,32.8,39,5477.85
2024-06-15T07:00,34.1,37,5257.15
2024-06-15T08:00,35.8,34,5168.11
2024-06-15T09:00,37.7,31,5422.39
2024-06-15T10:00,39.5,28,5899.78
2024-06-15T11:00,41.0,25,6335.2
2024-06-15T12:00,42.4,21,6685.93
2024-06-15T13:00,43.0,18,6918.09
2024-06-15T14:00,43.3,17,7397.34
2024-06-15T15:00,43.3,17,7655.41
2024-06-15T16:00,43.2,16,7465.1
2024-06-15T17:00,42.7,17,6968.27
2024-06-15T18:00,41.4,18,6393.94
2024-06-15T19:00,39.5,20,6095.44
2024-06-15T20:00,38.1,23,6274.88
2024-06-15T21:00,37.1,25,6719.42
2024-06-15T22:00,36.2,26,7357.55
2024-06-15T23:00,35.3,28,7719.45
2024-06-16T00:00,34.7,30,7668.15
2024-06-16T01:00,33.6,32,7424.03
2024-06-16T02:00,33.4,31,7113.63
2024-06-16T03:00,33.2,32,6781.31
2024-06-16T04:00,32.8,32,6458.13
2024-06-16T05:00,32.8,30,6073.13
2024-06-16T06:00,33.3,36,5668.51
2024-06-16T07:00,35.1,33,5363.66
2024-06-16T08:00,37.1,32,5060.13
2024-06-16T09:00,38.9,30,5313.92
2024-06-16T10:00,40.5,28,5664.84
2024-06-16T11:00,42.0,25,5987.47
2024-06-16T12:00,43.1,20,6372.46
2024-06-16T13:00,43.7,18,6652.55
2024-06-16T14:00,44.0,17,7101.21
2024-06-16T15:00,44.1,17,7299.24
2024-06-16T16:00,43.6,17,7102.55
2024-06-16T17:00,43.0,17,6536.66
2024-06-16T18:00,42.3,17,5973.25
2024-06-16T19:00,40.5,19,5835.82
2024-06-16T20:00,39.2,20,6084.14
2024-06-16T21:00,37.8,22,6634.63
2024-06-16T22:00,36.4,24,7304.3
2024-06-16T23:00,36.0,25,7716.52
2024-06-17T00:00,35.4,26,7699.27
2024-06-17T01:00,34.9,27,7439.86
2024-06-17T02:00,34.6,27,7174.79
2024-06-17T03:00,34.6,29,6875.18
2024-06-17T04:00,34.2,31,6563.19
2024-06-17T05:00,33.7,34,6129.19
2024-06-17T06:00,34.3,36,5717.78
2024-06-17T07:00,36.0,34,5437.47
2024-06-17T08:00,37.8,31,5376.36
2024-06-17T09:00,39.2,28,5696.19
2024-06-17T10:00,40.9,26,6190.95
2024-06-17T11:00,42.2,24,6606.84
2024-06-17T12:00,43.4,22,7007.5
2024-06-17T13:00,43.6,21,7124.04
2024-06-17T14:00,44.0,20,7101.8
2024-06-17T15:00,43.9,20,7889.66
2024-06-17T16:00,43.6,20,7758.63
2024-06-17T17:00,43.1,20,7271.01
2024-06-17T18:00,43.1,16,6741.07
2024-06-17T19:00,41.3,18,6457.21
2024-06-17T20:00,39.4,20,6811.89
2024-06-17T21:00,38.0,22,7407.49
2024-06-17T22:00,37.2,23,7984.28
2024-06-17T23:00,36.5,23,8171.36
2024-06-18T00:00,35.9,24,8080.25
2024-06-18T01:00,35.2,25,7882.27
2024-06-18T02:00,35.1,26,7646.65
2024-06-18T03:00,34.9,28,7382.59
2024-06-18T04:00,34.6,31,7092.05
2024-06-18T05:00,34.5,32,6714.25
2024-06-18T06:00,35.1,34,6292.24
2024-06-18T07:00,36.7,33,6076.07
2024-06-18T08:00,38.0,35,5884.19
2024-06-18T09:00,39.4,33,6262.97
2024-06-18T10:00,40.8,30,6847.62
2024-06-18T11:00,42.1,27,7293.03
2024-06-18T12:00,42.8,26,7737.4
2024-06-18T13:00,43.5,24,7965.85
2024-06-18T14:00,44.2,20,8441.68
2024-06-18T15:00,44.0,20,8507.7
2024-06-18T16:00,43.8,19,8298.83
2024-06-18T17:00,43.1,19,7720.7
2024-06-18T18:00,42.2,11,7035.79
2024-06-18T19:00,39.8,14,6724.65
2024-06-18T20:00,38.2,16,6995.71
2024-06-18T21:00,37.1,18,7562.22
2024-06-18T22:00,36.7,21,8100.3
2024-06-18T23:00,36.4,23,8272.55
2024-06-19T00:00,36.0,26,8128.02
2024-06-19T01:00,35.6,30,7862.97
2024-06-19T02:00,35.3,33,7632.05
2024-06-19T03:00,35.3,37,7372.51
2024-06-19T04:00,34.8,41,7076.18
2024-06-19T05:00,34.4,44,6682.58
2024-06-19T06:00,33.7,48,6268.97
2024-06-19T07:00,33.8,49,6027.04
2024-06-19T08:00,37.0,39,5998.97
2024-06-19T09:00,36.6,40,6431.21
2024-06-19T10:00,38.0,37,7000.98
2024-06-19T11:00,39.8,34,7377.72
2024-06-19T12:00,40.5,32,7758.52
2024-06-19T13:00,39.6,32,7969.02
2024-06-19T14:00,41.3,29,8385.21
2024-06-19T15:00,41.3,28,8565.14
2024-06-19T16:00,41.1,28,8382.8
2024-06-19T17:00,40.4,27,7761.21
2024-06-19T18:00,37.3,30,7064.89
2024-06-19T19:00,37.8,27,6775.25
2024-06-19T20:00,35.7,37,7021.4
2024-06-19T21:00,35.3,37,7398.11
2024-06-19T22:00,34.7,37,7694.61
2024-06-19T23:00,34.1,37,7376.07
2024-06-20T00:00,33.4,39,7309.77
2024-06-20T01:00,33.6,36,7152.03
2024-06-20T02:00,33.1,37,6929.38
2024-06-20T03:00,33.5,35,6684.69
2024-06-20T04:00,33.8,35,6363.66
2024-06-20T05:00,33.5,38,5926.49
2024-06-20T06:00,25.6,77,5589.09
2024-06-20T07:00,25.5,89,5343.3
2024-06-20T08:00,27.8,74,5157.95
2024-06-20T09:00,29.2,66,5429.27
2024-06-20T10:00,31.7,55,5951.77
2024-06-20T11:00,33.9,48,6366.6
2024-06-20T12:00,36.1,41,6624.5
2024-06-20T13:00,37.7,37,6793.8
2024-06-20T14:00,38.6,34,7270.81
2024-06-20T15:00,39.3,33,7602.92
2024-06-20T16:00,39.0,32,7585.26
2024-06-20T17:00,38.9,31,7178.28
2024-06-20T18:00,36.8,37,6575.44
2024-06-20T19:00,36.1,38,6359.05
2024-06-20T20:00,35.7,38,6555.51
2024-06-20T21:00,35.3,39,6958.88
2024-06-20T22:00,34.5,41,7505.76
2024-06-20T23:00,34.1,44,7717.47
2024-06-21T00:00,33.1,46,7472.11
2024-06-21T01:00,32.4,49,6979.18
2024-06-21T02:00,32.0,49,6774.24
2024-06-21T03:00,31.5,56,6464.12
2024-06-21T04:00,26.6,75,6139.36
2024-06-21T05:00,25.4,79,5671.95
2024-06-21T06:00,26.3,77,5281.42
2024-06-21T07:00,28.0,69,5081.95
2024-06-21T08:00,30.0,61,5071.85
2024-06-21T09:00,32.1,53,5551.23
2024-06-21T10:00,33.8,47,6225.63
2024-06-21T11:00,33.9,46,6570.32
2024-06-21T12:00,35.0,44,6970.22
2024-06-21T13:00,37.0,39,6962.74
2024-06-21T14:00,38.0,37,6754.51
2024-06-21T15:00,38.1,36,6143.36
2024-06-21T16:00,38.3,35,6283.81
2024-06-21T17:00,37.8,35,6247.45
2024-06-21T18:00,32.9,53,5983.53
2024-06-21T19:00,32.3,55,5798.43
2024-06-21T20:00,32.0,56,5878.59
2024-06-21T21:00,31.8,56,6112.26
2024-06-21T22:00,31.5,57,6568.15
2024-06-21T23:00,31.3,57,6826.96
2024-06-22T00:00,31.1,58,6616.31
2024-06-22T01:00,30.8,59,6317.19
2024-06-22T02:00,30.6,60,6020.26
2024-06-22T03:00,30.3,62,5743.14
2024-06-22T04:00,30.2,63,5456.76
2024-06-22T05:00,30.1,63,5156.3
2024-06-22T06:00,29.9,65,4929.68
2024-06-22T07:00,31.0,60,4772.64
2024-06-22T08:00,32.4,56,4733.82
2024-06-22T09:00,33.5,53,5033.68
2024-06-22T10:00,35.4,47,5546.3
2024-06-22T11:00,36.8,41,5893.61
2024-06-22T12:00,37.4,38,6180.25
2024-06-22T13:00,36.7,38,6221.17
2024-06-22T14:00,37.4,36,6665.12
2024-06-22T15:00,38.4,34,6942.24
2024-06-22T16:00,38.5,33,6690.64
2024-06-22T17:00,37.8,34,6201.21
2024-06-22T18:00,34.8,46,5814.27
2024-06-22T19:00,34.0,49,5680.41
2024-06-22T20:00,33.4,52,5910.54
2024-06-22T21:00,33.0,54,6209.27
2024-06-22T22:00,32.7,56,6644.21
2024-06-22T23:00,32.3,57,6872.95
2024-06-23T00:00,32.0,59,6682.01
2024-06-23T01:00,31.7,60,6362.76
2024-06-23T02:00,31.3,61,6052.5
2024-06-23T03:00,30.9,63,5758.61
2024-06-23T04:00,30.5,64,5468.0
2024-06-23T05:00,30.2,65,5162.11
2024-06-23T06:00,30.5,65,4921.26
2024-06-23T07:00,31.9,63,4764.48
2024-06-23T08:00,32.8,61,4692.39
2024-06-23T09:00,34.1,56,4871.78
2024-06-23T10:00,35.4,52,5240.91
2024-06-23T11:00,36.8,46,5658.9
2024-06-23T12:00,38.1,43,6018.48
2024-06-23T13:00,38.9,39,6257.54
2024-06-23T14:00,39.4,37,6561.32
2024-06-23T15:00,39.5,35,6485.38
2024-06-23T16:00,37.3,37,6293.81
2024-06-23T17:00,37.4,38,6070.96
2024-06-23T18:00,36.9,40,5768.12
2024-06-23T19:00,36.1,42,5766.99
2024-06-23T20:00,35.5,45,6128.17
2024-06-23T21:00,34.7,48,6571.27
2024-06-23T22:00,34.0,50,7059.14
2024-06-23T23:00,33.3,54,7278.19
2024-06-24T00:00,32.8,56,7090.47
2024-06-24T01:00,32.4,58,6773.06
2024-06-24T02:00,31.9,60,6467.21
2024-06-24T03:00,31.5,61,6151.4
2024-06-24T04:00,31.3,62,5860.15
2024-06-24T05:00,31.0,63,5552.78
2024-06-24T06:00,32.3,62,5309.61
2024-06-24T07:00,33.6,58,5224.35
2024-06-24T08:00,34.5,54,5308.08
2024-06-24T09:00,32.8,61,5807.79
2024-06-24T10:00,33.8,57,6389.01
2024-06-24T11:00,35.3,52,6749.04
2024-06-24T12:00,37.3,45,6973.02
2024-06-24T13:00,38.5,40,6895.43
2024-06-24T14:00,39.3,37,7321.4
2024-06-24T15:00,39.5,35,7406.24
2024-06-24T16:00,39.4,35,6990.92
2024-06-24T17:00,38.3,36,6491.42
2024-06-24T18:00,33.5,54,6110.99
2024-06-24T19:00,33.0,56,6066.55
2024-06-24T20:00,32.5,59,6291.04
2024-06-24T21:00,32.1,60,6631.65
2024-06-24T22:00,31.8,62,6996.27
2024-06-24T23:00,31.5,63,7057.81
2024-06-25T00:00,31.2,65,6774.81
2024-06-25T01:00,30.9,67,6400.69
2024-06-25T02:00,30.4,70,6052.48
2024-06-25T03:00,30.1,73,5764.56
2024-06-25T04:00,29.9,75,5495.7
2024-06-25T05:00,29.8,76,5236.93
2024-06-25T06:00,30.1,78,5064.25
2024-06-25T07:00,31.2,74,5033.15
2024-06-25T08:00,32.6,68,5150.28
2024-06-25T09:00,33.4,63,5611.79
2024-06-25T10:00,34.8,55,6185.86
2024-06-25T11:00,30.5,73,6542.09
2024-06-25T12:00,32.5,64,6815.42
2024-06-25T13:00,34.0,59,6921.78
2024-06-25T14:00,35.0,56,7297.53
2024-06-25T15:00,35.8,52,7615.45
2024-06-25T16:00,36.2,50,7419.9
2024-06-25T17:00,36.2,49,6950.46
2024-06-25T18:00,36.6,44,6604.4
2024-06-25T19:00,35.6,48,6499.94
2024-06-25T20:00,34.5,53,6780.59
2024-06-25T21:00,33.1,60,7122.02
2024-06-25T22:00,32.7,62,7459.85
2024-06-25T23:00,32.4,64,7531.29
2024-06-26T00:00,32.1,66,7242.75
2024-06-26T01:00,31.8,68,6843.66
2024-06-26T02:00,30.3,75,6520.61
2024-06-26T03:00,27.7,86,6240.66
2024-06-26T04:00,27.8,87,5963.76
2024-06-26T05:00,26.8,93,5679.15
2024-06-26T06:00,29.2,87,5429.27
2024-06-26T07:00,30.1,82,5339.95
2024-06-26T08:00,29.2,88,5448.78
2024-06-26T09:00,28.2,90,5948.31
2024-06-26T10:00,28.6,86,6406.74
2024-06-26T11:00,30.5,76,6488.57
2024-06-26T12:00,32.4,68,6766.49
2024-06-26T13:00,33.0,65,6935.62
2024-06-26T14:00,34.3,59,7474.05
2024-06-26T15:00,34.2,58,7627.22
2024-06-26T16:00,34.3,57,7306.17
2024-06-26T17:00,34.0,58,6711.79
2024-06-26T18:00,32.9,63,6271.3
2024-06-26T19:00,32.1,65,6188.58
2024-06-26T20:00,31.5,68,6420.73
2024-06-26T21:00,31.3,69,6709.06
2024-06-26T22:00,30.8,72,7094.84
2024-06-26T23:00,30.5,74,7237.14
2024-06-27T00:00,30.1,76,6949.99
2024-06-27T01:00,29.5,78,6590.47
2024-06-27T02:00,27.0,89,6255.67
2024-06-27T03:00,26.6,93,5961.09
2024-06-27T04:00,25.5,96,5740.65
2024-06-27T05:00,25.4,95,5504.26
2024-06-27T06:00,27.0,91,5318.47
2024-06-27T07:00,27.4,87,5151.02
2024-06-27T08:00,26.7,90,4902.69
2024-06-27T09:00,27.4,90,4964.05
2024-06-27T10:00,28.3,86,5433.97
2024-06-27T11:00,28.9,81,5880.75
2024-06-27T12:00,29.4,79,6160.26
2024-06-27T13:00,28.6,83,6202.52
2024-06-27T14:00,29.2,81,6585.56
2024-06-27T15:00,29.3,81,6797.11
2024-06-27T16:00,29.1,82,6586.52
2024-06-27T17:00,29.6,78,6278.67
2024-06-27T18:00,30.4,72,5918.2
2024-06-27T19:00,29.8,74,5729.78
2024-06-27T20:00,29.3,77,5900.1
2024-06-27T21:00,29.0,80,6177.08
2024-06-27T22:00,28.6,82,6630.03
2024-06-27T23:00,28.2,85,6797.91
2024-06-28T00:00,28.0,86,6536.53
2024-06-28T01:00,27.7,88,6200.82
2024-06-28T02:00,27.6,89,5844.78
2024-06-28T03:00,25.6,96,5364.17
2024-06-28T04:00,25.7,95,4705.63
2024-06-28T05:00,25.7,96,4167.92
2024-06-28T06:00,25.9,95,3842.38
2024-06-28T07:00,25.9,96,3846.68
2024-06-28T08:00,25.9,95,3912.53
2024-06-28T09:00,25.8,95,4183.98
2024-06-28T10:00,26.3,93,4724.76
2024-06-28T11:00,27.1,89,5190.64
2024-06-28T12:00,28.2,83,5387.15
2024-06-28T13:00,28.6,80,5426.18
2024-06-28T14:00,29.3,76,5755.34
2024-06-28T15:00,29.9,73,5926.15
2024-06-28T16:00,30.4,71,5880.59
2024-06-28T17:00,30.6,71,5744.65
2024-06-28T18:00,30.4,72,5566.37
2024-06-28T19:00,29.4,77,5499.07
2024-06-28T20:00,28.8,80,5571.96
2024-06-28T21:00,28.5,83,5717.9
2024-06-28T22:00,28.2,84,6042.28
2024-06-28T23:00,27.8,85,6165.15
2024-06-29T00:00,27.6,86,5909.9
2024-06-29T01:00,27.3,87,5581.67
2024-06-29T02:00,27.0,89,5312.3
2024-06-29T03:00,26.8,90,5069.55
2024-06-29T04:00,26.6,91,4860.7
2024-06-29T05:00,26.5,92,4667.58
2024-06-29T06:00,26.8,93,4573.58
2024-06-29T07:00,27.0,90,4536.36
2024-06-29T08:00,27.7,88,4456.64
2024-06-29T09:00,29.4,79,4720.16
2024-06-29T10:00,31.5,71,5253.98
2024-06-29T11:00,32.5,68,5555.98
2024-06-29T12:00,32.9,67,5759.76
2024-06-29T13:00,32.1,68,5825.41
2024-06-29T14:00,30.5,77,6121.5
2024-06-29T15:00,29.8,78,5870.28
2024-06-29T16:00,30.5,76,5625.23
2024-06-29T17:00,30.6,77,5415.98
2024-06-29T18:00,31.1,70,5264.89
2024-06-29T19:00,30.6,74,5320.23
2024-06-29T20:00,30.0,76,5543.21
2024-06-29T21:00,29.7,77,5739.71
2024-06-29T22:00,29.5,78,6033.05
2024-06-29T23:00,29.2,79,6071.28
2024-06-30T00:00,29.0,79,5957.0
2024-06-30T01:00,28.9,80,5679.01
2024-06-30T02:00,28.6,81,5367.02
2024-06-30T03:00,28.6,81,5099.8
2024-06-30T04:00,27.6,91,4865.62
2024-06-30T05:00,27.3,93,4640.44
2024-06-30T06:00,27.1,88,4471.59
2024-06-30T07:00,28.0,84,4368.25
2024-06-30T08:00,29.2,81,4336.78
2024-06-30T09:00,30.6,74,4543.26
2024-06-30T10:00,31.2,74,4870.38
2024-06-30T11:00,32.8,67,5242.68
2024-06-30T12:00,33.1,66,5563.53
2024-06-30T13:00,33.5,65,5752.9
2024-06-30T14:00,34.4,60,6086.26
2024-06-30T15:00,34.8,58,6214.59
2024-06-30T16:00,34.8,57,6019.13
2024-06-30T17:00,34.6,58,5763.49
2024-06-30T18:00,33.2,64,5556.02
2024-06-30T19:00,32.0,71,5657.47
2024-06-30T20:00,31.4,73,6013.68
2024-06-30T21:00,30.7,75,6414.34
2024-06-30T22:00,30.2,76,6709.79
2024-06-30T23:00,26.8,90,6693.39
2024-07-01T00:00,26.5,92,6309.14
2024-07-01T01:00,26.4,93,5974.62
2024-07-01T02:00,26.2,95,5636.4
2024-07-01T03:00,26.1,94,5327.91
2024-07-01T04:00,26.0,96,5072.59
2024-07-01T05:00,25.9,96,4832.16
2024-07-01T06:00,27.9,87,4674.65
2024-07-01T07:00,28.7,83,4623.83
2024-07-01T08:00,29.8,79,4760.72
2024-07-01T09:00,31.1,73,5197.77
2024-07-01T10:00,32.0,70,5661.28
2024-07-01T11:00,33.0,67,5895.9
2024-07-01T12:00,31.7,71,6053.4
2024-07-01T13:00,32.3,69,6145.53
2024-07-01T14:00,33.7,66,6611.26
2024-07-01T15:00,34.1,63,6859.55
2024-07-01T16:00,33.7,66,6728.43
2024-07-01T17:00,33.8,65,6430.9
2024-07-01T18:00,32.5,66,6105.54
2024-07-01T19:00,31.1,77,6082.67
2024-07-01T20:00,30.7,82,6337.72
2024-07-01T21:00,30.4,77,6666.6
2024-07-01T22:00,30.0,80,7058.0
2024-07-01T23:00,29.4,81,7136.76
2024-07-02T00:00,28.1,84,6776.35
2024-07-02T01:00,27.4,92,6380.56
2024-07-02T02:00,26.4,95,6039.52
2024-07-02T03:00,26.5,93,5713.72
2024-07-02T04:00,26.4,94,5458.83
2024-07-02T05:00,26.4,94,5195.72
2024-07-02T06:00,28.2,87,5037.55
2024-07-02T07:00,28.6,85,5025.07
2024-07-02T08:00,29.9,79,5116.6
2024-07-02T09:00,29.8,80,5487.87
2024-07-02T10:00,29.1,83,5899.87
2024-07-02T11:00,29.5,82,6182.31
2024-07-02T12:00,30.6,79,6397.73
2024-07-02T13:00,32.0,74,6506.05
2024-07-02T14:00,32.5,73,7016.8
2024-07-02T15:00,33.2,70,7226.38
2024-07-02T16:00,33.6,68,6950.62
2024-07-02T17:00,33.3,68,6578.65
2024-07-03T00:00,27.2,95,6617.39
2024-07-03T01:00,26.7,96,6222.91
2024-07-03T02:00,26.2,97,5863.51
2024-07-03T03:00,26.1,96,5559.07
2024-07-03T04:00,26.1,96,5321.11
2024-07-03T05:00,26.0,96,5070.46
2024-07-03T06:00,29.3,80,4986.1
2024-07-03T07:00,29.6,79,4970.99
2024-07-03T08:00,30.9,74,5077.17
2024-07-03T09:00,32.2,70,5510.73
2024-07-03T10:00,32.4,70,6003.31
2024-07-03T11:00,31.5,74,6250.51
2024-07-03T12:00,32.1,73,6429.2
2024-07-03T13:00,32.6,72,6368.57
2024-07-03T14:00,32.9,71,6448.99
2024-07-03T15:00,32.6,72,6082.03
2024-07-03T16:00,32.8,71,5776.02
2024-07-03T17:00,32.4,72,5576.95
2024-07-03T18:00,28.4,83,5385.19
2024-07-03T19:00,27.7,87,5316.86
2024-07-03T20:00,27.3,90,5358.52
2024-07-03T21:00,27.2,91,5500.03
2024-07-03T22:00,27.0,96,5817.93
2024-07-03T23:00,27.0,93,5930.8
2024-07-04T00:00,26.7,95,5647.35
2024-07-04T01:00,26.5,97,5317.05
2024-07-04T02:00,26.4,95,5058.27
2024-07-04T03:00,26.1,95,4806.63
2024-07-04T04:00,25.9,96,4599.61
2024-07-04T05:00,25.7,96,4415.8
2024-07-04T06:00,25.5,95,4404.01
2024-07-04T07:00,25.5,95,4434.52
2024-07-04T08:00,25.7,95,4509.46
2024-07-04T09:00,26.5,91,4900.47
2024-07-04T10:00,28.7,78,5379.23
2024-07-04T11:00,28.7,78,5578.62
2024-07-04T12:00,29.9,72,5623.19
2024-07-04T13:00,31.2,68,5531.44
2024-07-04T14:00,31.0,68,5774.05
2024-07-04T15:00,31.1,67,5923.16
2024-07-04T16:00,31.6,65,5793.1
2024-07-04T17:00,31.4,66,5638.89
2024-07-04T18:00,29.9,72,5451.04
2024-07-04T19:00,29.1,77,5433.24
2024-07-04T20:00,28.2,81,5525.19
2024-07-04T21:00,27.6,83,5654.84
2024-07-04T22:00,27.3,84,5959.85
2024-07-04T23:00,27.0,86,6033.51
2024-07-05T00:00,26.8,91,5675.43
2024-07-05T01:00,26.9,90,5307.76
2024-07-05T02:00,26.6,90,5015.95
2024-07-05T03:00,26.5,90,4760.97
2024-07-05T04:00,26.2,93,4567.12
2024-07-05T05:00,26.2,94,4409.95
2024-07-05T06:00,26.7,92,4422.27
2024-07-05T07:00,27.2,89,4457.3
2024-07-05T08:00,27.8,86,4618.03
2024-07-05T09:00,27.9,85,5028.1
2024-07-05T10:00,27.1,89,5477.89
2024-07-05T11:00,28.7,80,5685.53
2024-07-05T12:00,29.8,76,5781.63
2024-07-05T13:00,30.4,73,5687.51
2024-07-05T14:00,30.2,75,6066.31
2024-07-05T15:00,30.2,75,6213.41
2024-07-05T16:00,29.8,76,5940.15
2024-07-05T17:00,29.4,79,5728.87
2024-07-05T18:00,29.0,78,5454.38
2024-07-05T19:00,28.0,82,5397.7
2024-07-05T20:00,27.2,84,5392.8
2024-07-05T21:00,26.7,86,5480.02
2024-07-05T22:00,26.5,88,5776.25
2024-07-05T23:00,26.5,88,5891.38
2024-07-06T00:00,26.4,89,5619.46
2024-07-06T01:00,26.3,90,5267.01
2024-07-06T02:00,26.1,91,4967.73
2024-07-06T03:00,26.0,91,4723.58
2024-07-06T04:00,26.1,91,4535.63
2024-07-06T05:00,26.3,90,4391.5
2024-07-06T06:00,26.2,91,4324.17
2024-07-06T07:00,27.1,89,4311.36
2024-07-06T08:00,28.3,83,4355.48
2024-07-06T09:00,29.1,80,4613.32
2024-07-06T10:00,30.6,75,5039.36
2024-07-06T11:00,31.5,69,5291.55
2024-07-06T12:00,31.6,68,5437.88
2024-07-06T13:00,32.6,65,5454.1
2024-07-06T14:00,33.0,62,5781.01
2024-07-06T15:00,32.9,62,5893.73
2024-07-06T16:00,31.5,70,5740.65
2024-07-06T17:00,30.8,73,5550.63
2024-07-06T18:00,29.3,75,5314.28
2024-07-06T19:00,28.1,80,5224.83
2024-07-06T20:00,27.2,83,5222.48
2024-07-06T21:00,26.5,86,5300.39
2024-07-06T22:00,26.3,87,5512.49
2024-07-06T23:00,26.1,89,5616.94
2024-07-07T00:00,25.8,91,5364.41
2024-07-07T01:00,25.9,91,5080.83
2024-07-07T02:00,25.8,92,4830.49
2024-07-07T03:00,25.8,94,4580.35
2024-07-07T04:00,25.6,95,4387.95
2024-07-07T05:00,25.6,96,4201.52
2024-07-07T06:00,25.6,87,4053.75
2024-07-07T07:00,26.3,84,3999.36
2024-07-07T08:00,27.3,81,3969.03
2024-07-07T09:00,29.1,75,4175.38
2024-07-07T10:00,30.7,69,4435.37
2024-07-07T11:00,31.9,64,4721.34
2024-07-07T12:00,32.8,60,4949.84
2024-07-07T13:00,33.0,58,4984.21
2024-07-07T14:00,33.3,57,5221.58
2024-07-07T15:00,33.5,56,5275.37
2024-07-07T16:00,33.1,57,5130.56
2024-07-07T17:00,32.3,60,4902.78
2024-07-07T18:00,28.5,70,4703.41
2024-07-07T19:00,27.7,74,4709.91
2024-07-07T20:00,27.2,77,4878.44
2024-07-07T21:00,26.9,79,5132.1
2024-07-07T22:00,26.6,81,5460.31
2024-07-07T23:00,26.4,83,5587.67
2024-07-08T00:00,26.0,85,5298.31
2024-07-08T01:00,25.8,87,4957.67
2024-07-08T02:00,25.5,89,4694.6
2024-07-08T03:00,25.3,91,4459.75
2024-07-08T04:00,25.5,90,4276.36
2024-07-08T05:00,25.8,88,4163.7
2024-07-08T06:00,26.1,88,4155.33
2024-07-08T07:00,27.2,84,4145.75
2024-07-08T08:00,28.1,81,4231.56
2024-07-08T09:00,29.4,75,4642.74
2024-07-08T10:00,30.5,70,5023.81
2024-07-08T11:00,31.8,64,5180.28
2024-07-08T12:00,32.5,61,5243.31
2024-07-08T13:00,32.8,60,5146.94
2024-07-08T14:00,33.2,58,5400.18
2024-07-08T15:00,33.1,58,5512.13
2024-07-08T16:00,32.8,59,5397.4
2024-07-08T17:00,32.3,61,5307.81
2024-07-08T18:00,30.1,67,5118.73
2024-07-08T19:00,29.0,73,5093.28
2024-07-08T20:00,28.1,80,5159.31
2024-07-08T21:00,27.8,84,5314.53
2024-07-08T22:00,27.7,85,5643.72
2024-07-08T23:00,27.5,85,5721.3
2024-07-09T00:00,27.2,85,5414.7
2024-07-09T01:00,26.9,86,5061.89
2024-07-09T02:00,26.7,87,4792.79
2024-07-09T03:00,26.5,88,4565.61
2024-07-09T04:00,26.4,90,4396.55
2024-07-09T05:00,26.2,91,4263.56
2024-07-09T06:00,27.8,85,4298.9
2024-07-09T07:00,28.8,82,4384.97
2024-07-09T08:00,30.1,78,4542.3
2024-07-09T09:00,30.6,77,5083.67
2024-07-09T10:00,31.3,76,5606.05
2024-07-09T11:00,32.0,71,5597.06
2024-07-09T12:00,30.0,80,5431.06
2024-07-09T13:00,30.0,79,5303.39
2024-07-09T14:00,31.4,73,5599.66
2024-07-09T15:00,31.9,72,5794.47
2024-07-09T16:00,32.3,70,5730.4
2024-07-09T17:00,32.4,69,5612.71
2024-07-09T18:00,31.8,69,5419.26
2024-07-09T19:00,30.6,75,5400.15
2024-07-09T20:00,29.7,83,5473.72
2024-07-09T21:00,29.3,85,5617.11
2024-07-09T22:00,29.2,84,5904.55
2024-07-09T23:00,29.0,83,5946.59
2024-07-10T00:00,28.8,84,5568.78
2024-07-10T01:00,28.5,87,5214.36
2024-07-10T02:00,28.3,88,4946.9
2024-07-10T03:00,27.9,91,4723.26
2024-07-10T04:00,28.3,88,4538.87
2024-07-10T05:00,26.5,94,4408.19
2024-07-10T06:00,28.7,85,4425.21
2024-07-10T07:00,27.3,92,4513.9
2024-07-10T08:00,28.2,86,4713.38
2024-07-10T09:00,29.4,81,5227.79
2024-07-10T10:00,30.7,77,5792.48
2024-07-10T11:00,32.0,72,6019.48
2024-07-10T12:00,32.9,69,6097.24
2024-07-10T13:00,33.3,67,6181.69
2024-07-10T14:00,33.7,66,6315.45
2024-07-10T15:00,34.1,64,6188.07
2024-07-10T16:00,34.1,62,6003.4
2024-07-10T17:00,33.7,63,5888.97
2024-07-10T18:00,33.0,69,5662.16
2024-07-10T19:00,31.7,77,5605.09
2024-07-11T00:00,28.0,89,5898.72
2024-07-11T01:00,28.2,88,5502.98
2024-07-11T02:00,28.1,89,5235.21
2024-07-11T03:00,28.3,88,4978.38
2024-07-11T04:00,28.6,86,4774.61
2024-07-11T05:00,27.9,89,4635.13
2024-07-11T06:00,26.8,93,4634.14
2024-07-11T07:00,27.2,93,4675.45
2024-07-11T08:00,29.1,85,4841.03
2024-07-11T09:00,31.4,76,5330.37
2024-07-11T10:00,33.3,69,5848.62
2024-07-11T11:00,34.6,65,6147.25
2024-07-11T12:00,35.8,60,6403.15
2024-07-11T13:00,36.1,57,6521.9
2024-07-11T14:00,36.4,56,7054.3
2024-07-11T15:00,36.4,55,7276.89
2024-07-11T16:00,36.3,55,7066.39
2024-07-11T17:00,35.9,56,6756.94
2024-07-11T18:00,34.4,66,6377.33
2024-07-11T19:00,32.8,72,6431.78
2024-07-11T20:00,31.8,79,6673.48
2024-07-11T21:00,27.0,87,6966.56
2024-07-11T22:00,27.7,86,7328.38
2024-07-12T00:00,28.1,85,6805.26
2024-07-12T01:00,28.0,86,6294.58
2024-07-12T02:00,28.3,83,5917.56
2024-07-12T03:00,28.5,79,5611.13
2024-07-12T04:00,28.4,78,5330.19
2024-07-12T05:00,28.3,78,5010.52
2024-07-12T06:00,27.0,81,4844.85
2024-07-12T07:00,27.9,81,4700.5
2024-07-12T08:00,29.2,74,4768.5
2024-07-12T09:00,30.6,69,5233.57
2024-07-12T10:00,31.7,67,5693.24
2024-07-12T11:00,32.9,65,5885.58
2024-07-12T12:00,34.0,62,5985.58
2024-07-12T13:00,34.4,61,5941.4
2024-07-12T14:00,35.2,58,6370.92
2024-07-12T15:00,35.3,58,6453.74
2024-07-12T16:00,32.4,65,6257.68
2024-07-12T17:00,28.8,82,6009.14
2024-07-12T18:00,31.6,69,5772.55
2024-07-12T19:00,30.5,75,5774.15
2024-07-12T20:00,30.0,78,5892.46
2024-07-12T21:00,29.2,82,6082.48
2024-07-12T22:00,28.8,84,6433.96
2024-07-12T23:00,28.4,85,6579.98
2024-07-13T00:00,28.2,86,6296.88
2024-07-13T01:00,27.8,88,5931.86
2024-07-13T02:00,27.6,89,5594.49
2024-07-13T03:00,27.5,92,5311.64
2024-07-13T04:00,27.2,92,5065.47
2024-07-13T05:00,27.2,89,4823.31
2024-07-13T06:00,25.2,94,4566.96
2024-07-13T07:00,25.5,93,4423.82
2024-07-13T08:00,27.7,86,4406.32
2024-07-13T09:00,29.9,77,4716.46
2024-07-13T10:00,31.9,66,5182.25
2024-07-13T11:00,33.0,61,5509.01
2024-07-13T12:00,33.6,58,5705.19
2024-07-13T13:00,34.3,56,5692.71
2024-07-13T14:00,34.2,57,5857.41
2024-07-13T15:00,33.9,59,5665.56
2024-07-13T16:00,33.7,59,5641.35
2024-07-13T17:00,33.3,60,5606.3
2024-07-13T18:00,31.4,69,5428.3
2024-07-13T19:00,30.3,78,5405.15
2024-07-13T20:00,29.5,83,5571.13
2024-07-13T21:00,29.2,85,5796.96
2024-07-13T22:00,28.7,87,6148.01
2024-07-13T23:00,28.3,90,6273.98
2024-07-14T00:00,28.1,89,5985.78
2024-07-14T01:00,27.7,91,5643.18
2024-07-14T02:00,27.7,89,5364.38
2024-07-14T03:00,27.9,87,5130.43
2024-07-14T04:00,27.3,90,4921.39
2024-07-14T05:00,27.0,92,4708.99
2024-07-14T06:00,28.8,87,4557.76
2024-07-14T07:00,30.2,80,4457.81
2024-07-14T08:00,31.2,73,4432.72
2024-07-14T09:00,31.9,70,4643.21
2024-07-14T10:00,32.7,64,5020.22
2024-07-14T11:00,33.0,64,5316.95
2024-07-14T12:00,33.7,61,5503.11
2024-07-14T13:00,34.4,57,5577.64
2024-07-14T14:00,34.8,55,5922.62
2024-07-14T15:00,34.9,56,5945.6
2024-07-14T16:00,34.8,55,5817.16
2024-07-14T17:00,34.3,56,5652.55
2024-07-14T18:00,33.1,61,5471.19
2024-07-14T19:00,31.8,67,5564.23
2024-07-14T20:00,31.2,70,5873.8
2024-07-14T21:00,30.5,74,6234.32
2024-07-14T22:00,30.1,75,6633.3
2024-07-14T23:00,30.0,74,6811.48
2024-07-15T00:00,29.8,77,6517.57
2024-07-15T01:00,29.4,80,6137.83
2024-07-15T02:00,28.9,84,5820.32
2024-07-15T03:00,25.5,89,5520.16
2024-07-15T04:00,26.0,90,5293.96
2024-07-15T05:00,25.7,92,5061.64
2024-07-15T06:00,28.1,85,4965.11
2024-07-15T07:00,28.5,83,4981.57
2024-07-15T08:00,29.9,78,5027.4
2024-07-15T09:00,31.1,74,5176.4
2024-07-15T10:00,32.1,70,5270.3
2024-07-15T11:00,32.7,65,5483.92
2024-07-15T12:00,33.2,62,5849.32
2024-07-15T13:00,31.4,71,6023.76
2024-07-15T14:00,32.9,67,6557.94
2024-07-15T15:00,33.2,65,6836.66
2024-07-15T16:00,33.2,64,6606.98
2024-07-15T17:00,32.6,66,6287.04
2024-07-15T18:00,32.0,67,6006.26
2024-07-15T19:00,30.9,72,5989.18
2024-07-15T20:00,30.4,76,6178.23
2024-07-15T21:00,29.8,79,6446.28
2024-07-15T22:00,29.4,80,6800.86
2024-07-15T23:00,29.1,81,6856.43
2024-07-16T00:00,28.9,83,6488.51
2024-07-16T01:00,28.6,85,6103.76
2024-07-16T02:00,26.8,94,5779.67
2024-07-16T03:00,26.5,93,5497.5
2024-07-16T04:00,25.9,95,5265.06
2024-07-16T05:00,25.6,97,5064.07
2024-07-16T06:00,27.7,92,4963.02
2024-07-16T07:00,28.8,88,4982.34
2024-07-16T08:00,30.5,81,5151.27
2024-07-16T09:00,31.6,76,5643.91
2024-07-16T10:00,32.8,70,6122.99
2024-07-16T11:00,33.6,65,6390.86
2024-07-16T12:00,34.3,63,6551.5
2024-07-16T13:00,34.2,64,6649.77
2024-07-16T14:00,34.1,64,7147.22
2024-07-16T15:00,34.2,63,7365.81
2024-07-16T16:00,33.9,64,7112.11
2024-07-16T17:00,33.5,64,6773.13
2024-07-16T18:00,33.0,68,6457.22
2024-07-16T19:00,31.7,73,6402.18
2024-07-16T20:00,31.1,75,6620.95
2024-07-16T21:00,30.7,77,6899.33
2024-07-16T22:00,30.4,78,7157.42
2024-07-16T23:00,30.2,79,7301.99
2024-07-17T00:00,29.1,83,6987.69
2024-07-17T01:00,28.9,85,6626.92
2024-07-17T02:00,29.0,85,6277.79
2024-07-17T03:00,28.8,86,5929.97
2024-07-17T04:00,28.4,87,5661.16
2024-07-17T05:00,28.2,88,5376.01
2024-07-17T06:00,29.1,84,5135.88
2024-07-17T07:00,29.9,82,5053.89
2024-07-17T08:00,30.9,78,5088.01
2024-07-17T09:00,31.8,74,5496.06
2024-07-17T10:00,32.7,71,6055.97
2024-07-17T11:00,33.5,67,6388.36
2024-07-17T12:00,33.8,65,6660.03
2024-07-17T13:00,34.3,64,6745.97
2024-07-17T14:00,34.7,63,7013.87
2024-07-17T15:00,34.6,62,6832.97
2024-07-17T16:00,34.4,62,6672.79
2024-07-17T17:00,34.1,63,6470.06
2024-07-17T18:00,32.1,70,6231.71
2024-07-17T19:00,31.3,73,6227.07
2024-07-17T20:00,30.7,77,6492.86
2024-07-17T21:00,30.3,78,6854.41
2024-07-17T22:00,30.1,79,7202.01
2024-07-17T23:00,29.8,81,7209.49
2024-07-18T00:00,29.6,82,6839.65
2024-07-18T01:00,29.1,85,6455.12
2024-07-18T02:00,28.4,89,6148.2
2024-07-18T03:00,28.0,90,5836.93
2024-07-18T04:00,27.9,90,5585.1
2024-07-18T05:00,27.7,90,5389.49
2024-07-18T06:00,29.7,82,5230.84
2024-07-18T07:00,30.6,80,5205.59
2024-07-18T08:00,31.8,75,5346.59
2024-07-18T09:00,32.8,70,5843.3
2024-07-18T10:00,33.7,66,6392.28
2024-07-18T11:00,34.4,62,6648.97
2024-07-18T12:00,34.7,61,6652.47
2024-07-18T13:00,34.1,63,6212.85
2024-07-18T14:00,34.1,65,6590.78
2024-07-18T15:00,34.7,60,6676.36
2024-07-18T16:00,34.6,60,6457.12
2024-07-18T17:00,34.0,63,6274.3
2024-07-18T18:00,31.9,71,6117.11
2024-07-18T19:00,30.6,79,6163.8
2024-07-18T20:00,29.9,82,6317.4
2024-07-18T21:00,29.3,85,6514.47
2024-07-18T22:00,29.0,86,6812.66
2024-07-18T23:00,29.0,86,6820.93
2024-07-19T00:00,28.8,86,6418.99
2024-07-19T01:00,28.4,89,6071.86
2024-07-19T02:00,28.5,88,5783.32
2024-07-19T03:00,27.8,93,5513.89
2024-07-19T04:00,27.6,93,5297.17
2024-07-19T05:00,27.3,96,5127.78
2024-07-19T06:00,27.5,91,5059.48
2024-07-19T07:00,28.3,87,5034.05
2024-07-19T08:00,29.6,81,5190.21
2024-07-19T09:00,30.8,76,5660.71
2024-07-19T10:00,31.6,72,6179.11
2024-07-19T11:00,32.7,68,6469.27
2024-07-19T12:00,33.5,64,6670.54
2024-07-19T13:00,34.1,61,6727.45
2024-07-19T14:00,34.3,61,7117.05
2024-07-19T15:00,34.4,60,7279.41
2024-07-19T16:00,34.2,61,6997.84
2024-07-19T17:00,33.8,62,6659.8
2024-07-19T18:00,31.7,70,6360.84
2024-07-19T19:00,30.8,74,6310.28
2024-07-19T20:00,30.2,76,6410.11
2024-07-19T21:00,29.7,78,6570.72
2024-07-19T22:00,29.3,80,6875.43
2024-07-19T23:00,28.9,82,6838.03
2024-07-20T00:00,28.4,84,6486.89
2024-07-20T01:00,27.9,88,6113.78
2024-07-20T02:00,27.6,90,5792.7
2024-07-20T03:00,27.4,91,5484.8
2024-07-20T04:00,27.2,92,5242.05
2024-07-20T05:00,27.1,92,5023.92
2024-07-20T06:00,28.2,88,4879.11
2024-07-20T07:00,28.8,85,4838.34
2024-07-20T08:00,29.8,81,4891.89
2024-07-20T09:00,31.0,76,5216.13
2024-07-20T10:00,32.0,70,5638.87
2024-07-20T11:00,33.3,64,5958.86
2024-07-20T12:00,34.1,60,6196.86
2024-07-20T13:00,34.7,58,6349.75
2024-07-20T14:00,35.1,56,6723.68
2024-07-20T15:00,35.1,57,6898.17
2024-07-20T16:00,35.0,57,6708.86
2024-07-20T17:00,34.6,59,6434.67
2024-07-20T18:00,33.3,67,6150.88
2024-07-20T19:00,31.9,72,6154.03
2024-07-20T20:00,31.3,75,6400.16
2024-07-20T21:00,30.9,77,6661.66
2024-07-20T22:00,30.2,80,7078.24
2024-07-20T23:00,29.7,83,7175.23
2024-07-21T00:00,29.4,86,6889.24
2024-07-21T01:00,29.2,88,6560.86
2024-07-21T02:00,29.0,89,6258.61
2024-07-21T03:00,28.8,90,5952.35
2024-07-21T04:00,28.5,92,5687.17
2024-07-21T05:00,27.2,95,5414.42
2024-07-21T06:00,27.9,93,5103.67
2024-07-21T07:00,29.0,88,4941.86
2024-07-21T08:00,30.4,81,4836.46
2024-07-21T09:00,31.9,75,5068.93
2024-07-21T10:00,32.9,71,5526.14
2024-07-21T11:00,33.4,67,5940.36
2024-07-21T12:00,31.9,73,6228.4
2024-07-21T13:00,33.7,68,6269.9
2024-07-21T14:00,34.6,64,6619.85
2024-07-21T15:00,34.8,62,6694.7
2024-07-21T16:00,34.6,62,6407.02
2024-07-21T17:00,34.2,63,6064.21
2024-07-21T18:00,31.6,74,5893.36
2024-07-21T19:00,31.2,76,5963.81
2024-07-21T20:00,31.0,77,6242.84
2024-07-21T21:00,30.7,79,6596.84
2024-07-21T22:00,30.5,79,6983.89
2024-07-21T23:00,30.2,81,7059.88
2024-07-22T00:00,28.9,88,6749.84
2024-07-22T01:00,28.7,90,6407.17
2024-07-22T02:00,28.5,91,6094.33
2024-07-22T03:00,28.4,92,5798.56
2024-07-22T04:00,28.3,92,5564.17
2024-07-22T05:00,27.8,90,5343.38
2024-07-22T06:00,29.2,84,5197.77
2024-07-22T07:00,30.0,83,5194.92
2024-07-22T08:00,30.9,79,5355.45
2024-07-22T09:00,32.1,74,5854.32
2024-07-22T10:00,33.2,68,6361.53
2024-07-22T11:00,34.1,63,6713.04
2024-07-22T12:00,34.5,61,6963.32
2024-07-22T13:00,34.5,61,6502.25
2024-07-22T14:00,34.2,62,6323.24
2024-07-22T15:00,34.3,62,6524.63
2024-07-22T16:00,34.6,61,6499.79
2024-07-22T17:00,34.3,62,6289.11
2024-07-22T18:00,30.5,79,5977.54
2024-07-22T19:00,29.8,82,5994.69
2024-07-22T20:00,29.4,85,6170.92
2024-07-22T21:00,29.2,87,6390.22
2024-07-22T22:00,29.0,88,6715.5
2024-07-22T23:00,28.8,89,6708.61
2024-07-23T00:00,28.7,89,6335.08
2024-07-23T01:00,28.4,91,5952.32
2024-07-23T02:00,28.2,91,5652.56
2024-07-23T03:00,28.0,93,5419.35
2024-07-23T04:00,27.8,93,5186.63
2024-07-23T05:00,27.7,94,5020.06
2024-07-23T06:00,28.1,89,4947.59
2024-07-23T07:00,27.0,91,4979.73
2024-07-23T08:00,27.6,88,5174.84
2024-07-23T09:00,28.7,85,5688.19
2024-07-23T10:00,30.3,77,6205.24
2024-07-23T11:00,31.7,74,6450.08
2024-07-23T12:00,33.0,69,6592.18
2024-07-23T13:00,34.0,65,6514.51
2024-07-23T14:00,34.4,63,6748.79
2024-07-23T15:00,34.8,61,6898.76
2024-07-23T16:00,34.7,60,6814.24
2024-07-23T17:00,34.3,61,6621.99
2024-07-23T18:00,33.0,67,6330.06
2024-07-23T19:00,31.0,79,6360.56
2024-07-23T20:00,30.3,85,6526.2
2024-07-23T21:00,29.8,87,6766.37
2024-07-23T22:00,29.5,88,7019.62
2024-07-23T23:00,28.5,89,7011.82
2024-07-24T00:00,28.0,90,6639.82
2024-07-24T01:00,27.3,92,6244.38
2024-07-24T02:00,27.1,94,5914.72
2024-07-24T03:00,26.7,96,5598.99
2024-07-24T04:00,26.6,96,5293.42
2024-07-24T05:00,26.4,96,5096.75
2024-07-24T06:00,26.9,92,4928.54
2024-07-24T07:00,27.1,92,4549.9
2024-07-24T08:00,27.4,91,4590.71
2024-07-24T09:00,28.6,87,5050.56
2024-07-24T10:00,29.4,84,5507.88
2024-07-24T11:00,30.4,80,5777.89
2024-07-24T12:00,31.3,76,5975.69
2024-07-24T13:00,32.5,70,6015.13
2024-07-24T14:00,33.1,67,6509.48
2024-07-24T15:00,33.6,65,6720.79
2024-07-24T16:00,33.7,65,6549.14
2024-07-24T17:00,33.6,65,6353.57
2024-07-24T18:00,31.8,69,6188.27
2024-07-24T19:00,30.5,78,6238.92
2024-07-24T20:00,29.9,80,6407.33
2024-07-24T21:00,29.6,81,6622.37
2024-07-24T22:00,29.1,84,6897.47
2024-07-25T00:00,28.6,85,6457.78
2024-07-25T01:00,28.3,88,6032.09
2024-07-25T02:00,27.9,91,5723.4
2024-07-25T03:00,27.8,90,5437.72
2024-07-25T04:00,27.5,90,5211.7
2024-07-25T05:00,27.2,92,5023.96
2024-07-25T06:00,27.8,87,4925.88
2024-07-25T07:00,28.2,86,4867.38
2024-07-25T08:00,29.6,80,4852.73
2024-07-25T09:00,31.0,75,5218.54
2024-07-25T10:00,32.1,72,5714.72
2024-07-25T11:00,33.0,69,5977.28
2024-07-25T12:00,33.9,66,6174.7
2024-07-25T13:00,34.7,61,6242.27
2024-07-25T14:00,34.5,61,6755.9
2024-07-25T15:00,34.1,63,7018.92
2024-07-25T16:00,34.3,61,6840.87
2024-07-25T17:00,34.2,61,6586.82
2024-07-25T18:00,32.3,67,6316.28
2024-07-25T19:00,31.2,81,6321.88
2024-07-25T20:00,31.6,70,6474.8
2024-07-25T21:00,30.7,76,6651.96
2024-07-25T22:00,30.4,77,6973.53
2024-07-25T23:00,29.6,79,6973.42
2024-07-26T00:00,29.2,83,6578.34
2024-07-26T01:00,28.5,86,6189.24
2024-07-26T02:00,28.1,87,5870.43
2024-07-26T03:00,27.9,88,5587.12
2024-07-26T04:00,27.8,89,5316.06
2024-07-26T05:00,27.4,93,5018.85
2024-07-26T06:00,27.5,95,4742.38
2024-07-26T07:00,27.7,93,4666.55
2024-07-26T08:00,28.0,92,4825.3
2024-07-26T09:00,28.4,93,5285.95
2024-07-26T10:00,28.6,92,5842.17
2024-07-26T11:00,29.5,87,6184.29
2024-07-26T12:00,30.9,77,6339.37
2024-07-26T13:00,31.9,70,6251.8
2024-07-26T14:00,32.2,68,6653.33
2024-07-26T15:00,32.7,67,6841.59
2024-07-26T16:00,32.7,68,6661.53
2024-07-26T17:00,32.6,69,6469.48
2024-07-26T18:00,33.0,65,6257.74
2024-07-26T19:00,31.8,70,6303.89
2024-07-26T20:00,31.1,74,6432.3
2024-07-26T21:00,30.6,77,6625.84
2024-07-26T22:00,30.1,80,6892.39
2024-07-27T00:00,28.9,86,6478.79
2024-07-27T01:00,28.7,88,6083.95
2024-07-27T02:00,28.5,89,5769.8
2024-07-27T03:00,28.3,89,5481.43
2024-07-27T04:00,28.1,89,5229.51
2024-07-27T05:00,28.0,91,5048.27
2024-07-27T06:00,28.6,89,4901.14
2024-07-27T07:00,29.4,85,4874.69
2024-07-27T08:00,30.7,79,4923.7
2024-07-27T09:00,31.9,75,5257.06
2024-07-27T10:00,32.8,72,5751.92
2024-07-27T11:00,34.0,65,6069.37
2024-07-27T12:00,33.8,64,6385.43
2024-07-27T13:00,31.9,72,6538.74
2024-07-27T14:00,30.0,82,6876.47
2024-07-27T15:00,31.1,78,6706.6
2024-07-27T16:00,31.6,76,6497.43
2024-07-27T17:00,31.4,77,6342.19
2024-07-27T18:00,32.4,73,5919.65
2024-07-27T19:00,31.5,79,5815.94
2024-07-27T20:00,30.8,85,6092.1
2024-07-27T21:00,30.5,84,6337.46
2024-07-27T22:00,29.9,85,6695.34
2024-07-27T23:00,29.5,87,6747.53
2024-07-28T00:00,29.2,90,6401.44
2024-07-28T01:00,28.9,93,5981.66
2024-07-28T02:00,28.9,91,5664.61
2024-07-28T03:00,28.8,91,5431.37
2024-07-28T04:00,28.8,92,5233.57
2024-07-28T05:00,28.6,92,5026.6
2024-07-28T06:00,29.2,91,4860.28
2024-07-28T07:00,30.5,83,4772.47
2024-07-28T08:00,32.0,75,4759.3
2024-07-28T09:00,33.3,67,5019.45
2024-07-28T10:00,34.4,64,5492.65
2024-07-28T11:00,31.8,75,5852.61
2024-07-28T12:00,30.7,78,5950.88
2024-07-28T13:00,32.3,74,6268.55
2024-07-28T14:00,34.2,66,6596.94
2024-07-28T15:00,35.0,62,6657.68
2024-07-28T16:00,35.1,60,6437.52
2024-07-28T17:00,34.6,61,6107.5
2024-07-28T18:00,33.4,66,5805.48
2024-07-28T19:00,32.4,70,5897.81
2024-07-28T20:00,31.6,72,6309.09
2024-07-28T21:00,31.0,75,6766.26
2024-07-28T22:00,30.4,78,7020.56
2024-07-28T23:00,29.9,80,7093.96
2024-07-29T00:00,29.5,82,6734.85
2024-07-29T01:00,29.1,84,6331.97
2024-07-29T02:00,28.8,85,6004.55
2024-07-29T03:00,28.6,86,5696.45
2024-07-29T04:00,28.5,87,5460.37
2024-07-29T05:00,28.3,88,5257.69
2024-07-29T06:00,28.8,84,5120.81
2024-07-29T07:00,29.8,80,5135.33
2024-07-29T08:00,31.0,76,5275.86
2024-07-29T09:00,32.3,70,5746.56
2024-07-29T10:00,33.4,65,6244.38
2024-07-29T11:00,34.4,62,6489.04
2024-07-29T12:00,35.3,58,6612.86
2024-07-29T13:00,35.7,57,6794.98
2024-07-29T14:00,35.4,58,7287.76
2024-07-29T15:00,35.2,59,7589.47
2024-07-29T16:00,34.3,62,7379.87
2024-07-29T17:00,33.5,65,6969.9
2024-07-29T18:00,33.7,63,6567.6
2024-07-29T19:00,32.8,68,6554.46
2024-07-29T20:00,32.0,72,6868.8
2024-07-29T21:00,31.4,75,7223.83
2024-07-29T22:00,31.0,77,7634.95
2024-07-30T00:00,30.6,79,7197.22
2024-07-30T01:00,30.4,79,6801.43
2024-07-30T02:00,30.0,80,6489.11
2024-07-30T03:00,29.6,82,6185.79
2024-07-30T04:00,29.3,84,5920.92
2024-07-30T05:00,29.0,86,5660.17
2024-07-30T06:00,30.1,83,5497.63
2024-07-30T07:00,31.0,80,5466.8
2024-07-30T08:00,32.3,74,5607.37
2024-07-30T09:00,33.7,66,6054.25
2024-07-30T10:00,34.9,61,6615.15
2024-07-30T11:00,35.7,57,6849.91
2024-07-30T12:00,36.2,56,7033.44
2024-07-30T13:00,36.1,56,7179.62
2024-07-30T14:00,36.4,55,7731.01
2024-07-30T15:00,36.3,56,7904.76
2024-07-30T16:00,36.0,57,7722.44
2024-07-30T17:00,35.6,57,7346.55
2024-07-30T18:00,34.1,64,6952.15
2024-07-30T19:00,33.1,68,6932.43
2024-07-30T20:00,32.6,70,7141.53
2024-07-30T21:00,32.1,72,7455.7
2024-07-30T22:00,31.6,74,7741.15
2024-07-30T23:00,30.5,79,7743.18
2024-07-31T00:00,29.9,82,7389.52
2024-07-31T01:00,29.6,83,6997.65
2024-07-31T02:00,29.3,84,6669.13
2024-07-31T03:00,29.2,84,6349.45
2024-07-31T04:00,28.8,87,6080.74
2024-07-31T05:00,28.6,87,5828.9
2024-07-31T06:00,28.3,90,5631.24
2024-07-31T07:00,28.6,86,5577.63
2024-07-31T08:00,29.8,81,5655.17
2024-07-31T09:00,31.0,77,6082.19
2024-07-31T10:00,32.7,72,6626.84
2024-07-31T11:00,33.9,67,6946.68
2024-07-31T12:00,35.3,62,7202.21
2024-07-31T13:00,36.5,58,7334.02
2024-07-31T14:00,37.1,54,7804.33
2024-07-31T15:00,36.7,54,8108.85
2024-07-31T16:00,35.8,58,7869.43
2024-07-31T17:00,33.2,69,7420.33
2024-07-31T18:00,33.8,69,6788.36
2024-07-31T19:00,28.6,93,5675.09
2024-07-31T20:00,28.0,92,5244.4
2024-07-31T21:00,27.1,97,5459.65
2024-07-31T22:00,26.8,95,5633.1
2024-07-31T23:00,26.5,97,5792.72
2024-08-01T00:00,26.7,97,5665.47
2024-08-01T01:00,27.1,96,5437.7
2024-08-01T02:00,27.3,96,5212.04
2024-08-01T03:00,27.4,97,5035.8
2024-08-01T04:00,26.8,97,4859.07
2024-08-01T05:00,26.5,98,4680.77
2024-08-01T06:00,25.5,96,4602.08
2024-08-01T07:00,25.7,95,4587.97
2024-08-01T08:00,26.2,93,4672.75
2024-08-01T09:00,27.0,90,5101.14
2024-08-01T10:00,28.1,82,5583.44
2024-08-01T11:00,29.2,79,5817.98
2024-08-01T12:00,29.6,75,5951.01
2024-08-01T13:00,30.5,72,5963.74
2024-08-01T14:00,31.2,70,6297.03
2024-08-01T15:00,31.2,71,6434.05
2024-08-01T16:00,31.0,71,6319.76
2024-08-01T17:00,31.0,71,6077.85
2024-08-01T18:00,29.7,75,5830.05
2024-08-01T19:00,28.8,81,5791.7
2024-08-01T20:00,28.4,82,5877.52
2024-08-01T21:00,27.6,84,6061.72
2024-08-01T22:00,27.1,86,6414.8
2024-08-01T23:00,26.7,90,6456.17
2024-08-02T00:00,26.6,93,6164.22
2024-08-02T01:00,26.3,95,5746.34
2024-08-02T02:00,26.1,93,5364.99
2024-08-02T03:00,25.9,91,5122.24
2024-08-02T04:00,25.5,93,4939.39
2024-08-02T05:00,25.5,93,4806.08
2024-08-02T06:00,26.4,90,4755.73
2024-08-02T07:00,26.8,88,4800.51
2024-08-02T08:00,28.1,83,4960.78
2024-08-02T09:00,29.5,77,5347.93
2024-08-02T10:00,30.1,77,5765.82
2024-08-02T11:00,31.1,73,6131.9
2024-08-02T12:00,31.5,69,6257.06
2024-08-02T13:00,31.8,69,5895.78
2024-08-02T14:00,32.2,68,6169.83
2024-08-02T15:00,31.1,72,6346.62
2024-08-02T16:00,31.4,73,6252.95
2024-08-02T17:00,30.5,75,6114.94
2024-08-02T18:00,28.3,84,5929.61
2024-08-02T19:00,27.7,86,5937.02
2024-08-02T20:00,27.6,87,6001.63
2024-08-02T21:00,27.5,89,6100.22
2024-08-02T22:00,27.4,90,6341.18
2024-08-02T23:00,27.4,90,6362.67
2024-08-03T00:00,27.2,91,6023.06
2024-08-03T01:00,26.7,90,5632.43
2024-08-03T02:00,26.4,92,5327.47
2024-08-03T03:00,26.1,95,5065.64
2024-08-03T04:00,26.0,95,4853.55
2024-08-03T05:00,26.0,95,4678.09
2024-08-03T06:00,27.1,91,4576.34
2024-08-03T07:00,27.9,87,4563.96
2024-08-03T08:00,28.7,84,4601.97
2024-08-03T09:00,30.0,78,4914.06
2024-08-03T10:00,30.6,75,5328.4
2024-08-03T11:00,31.3,72,5597.57
2024-08-03T12:00,31.8,70,5784.71
2024-08-03T13:00,32.4,69,5837.49
2024-08-03T14:00,31.5,70,6174.59
2024-08-03T15:00,30.9,74,6230.59
2024-08-03T16:00,31.7,71,6024.56
2024-08-03T17:00,31.5,71,5925.24
2024-08-03T18:00,29.6,80,5660.93
2024-08-03T19:00,28.8,83,5575.66
2024-08-03T20:00,28.3,85,5660.03
2024-08-03T21:00,28.0,87,5852.0
2024-08-03T22:00,27.9,87,6120.74
2024-08-03T23:00,27.6,87,6227.39
2024-08-04T00:00,27.4,86,5963.56
2024-08-04T01:00,27.2,86,5642.28
2024-08-04T02:00,27.1,86,5346.13
2024-08-04T03:00,27.0,86,5090.55
2024-08-04T04:00,26.9,87,4865.71
2024-08-04T05:00,26.9,87,4665.25
2024-08-04T06:00,27.2,86,4480.99
2024-08-04T07:00,28.1,81,4371.31
2024-08-04T08:00,29.5,72,4311.98
2024-08-04T09:00,30.3,69,4443.14
2024-08-04T10:00,31.0,67,4756.11
2024-08-04T11:00,31.9,63,5061.94
2024-08-04T12:00,32.6,60,5287.78
2024-08-04T13:00,33.0,59,5295.77
2024-08-04T14:00,33.5,57,5557.62
2024-08-04T15:00,33.4,57,5720.08
2024-08-04T16:00,32.7,62,5653.4
2024-08-04T17:00,32.3,64,5502.3
2024-08-04T18:00,30.2,75,5301.6
2024-08-04T19:00,29.4,77,5146.57
2024-08-04T20:00,29.2,77,5320.23
2024-08-04T21:00,29.1,77,5705.82
2024-08-04T22:00,28.8,78,6166.62
2024-08-04T23:00,28.4,79,6254.84
2024-08-05T00:00,28.0,80,5950.95
2024-08-05T01:00,27.3,83,5593.65
2024-08-05T02:00,27.1,85,5286.76
2024-08-05T03:00,26.9,84,5010.77
2024-08-05T04:00,26.8,85,4809.52
2024-08-05T05:00,26.8,86,4645.69
2024-08-05T06:00,26.4,92,4570.5
2024-08-05T07:00,27.2,87,4552.1
2024-08-05T08:00,27.6,83,4639.83
2024-08-05T09:00,27.7,83,5014.21
2024-08-05T10:00,29.8,73,5491.69
2024-08-05T11:00,30.5,70,5651.81
2024-08-05T12:00,31.5,66,5693.77
2024-08-05T13:00,32.4,62,5703.44
2024-08-05T14:00,32.6,61,6057.03
2024-08-05T15:00,32.5,62,6268.32
2024-08-05T16:00,32.3,62,6178.24
2024-08-05T17:00,31.4,66,5915.84
2024-08-05T18:00,29.7,73,5680.17
2024-08-05T19:00,28.9,76,5702.34
2024-08-05T20:00,28.7,77,5832.02
2024-08-05T21:00,28.4,79,6024.16
2024-08-05T22:00,28.2,80,6343.82
2024-08-05T23:00,28.2,81,6402.94
2024-08-06T00:00,28.0,82,6011.52
2024-08-06T01:00,27.7,84,5640.09
2024-08-06T02:00,27.4,83,5303.34
2024-08-06T03:00,27.1,84,5029.02
2024-08-06T04:00,26.7,86,4814.1
2024-08-06T05:00,26.4,88,4678.27
2024-08-06T06:00,26.8,88,4609.2
2024-08-06T07:00,27.6,82,4611.72
2024-08-06T08:00,28.7,76,4703.32
2024-08-06T09:00,29.4,74,5124.06
2024-08-06T10:00,29.3,75,5582.32
2024-08-06T11:00,30.0,72,5793.99
2024-08-06T12:00,30.9,68,5835.94
2024-08-06T13:00,31.2,66,5858.95
2024-08-06T14:00,31.2,66,6340.64
2024-08-06T15:00,31.3,65,6581.96
2024-08-06T16:00,31.8,63,6385.47
2024-08-06T17:00,31.5,64,6134.62
2024-08-06T18:00,30.7,71,5851.86
2024-08-06T19:00,29.4,75,5826.83
2024-08-06T20:00,28.8,79,5917.41
2024-08-06T21:00,28.6,80,6090.37
2024-08-06T22:00,28.1,80,6382.64
2024-08-06T23:00,27.5,80,6373.92
2024-08-07T00:00,27.1,81,6013.39
2024-08-07T01:00,26.7,83,5638.86
2024-08-07T02:00,26.4,84,5317.01
2024-08-07T03:00,26.6,84,5036.42
2024-08-07T04:00,26.6,85,4814.45
2024-08-07T05:00,26.6,86,4676.51
2024-08-07T06:00,26.8,90,4652.19
2024-08-07T07:00,26.8,90,4647.72
2024-08-07T08:00,26.9,90,4729.41
2024-08-07T09:00,26.6,91,5121.12
2024-08-07T10:00,27.0,90,5528.31
2024-08-07T11:00,27.6,85,5711.66
2024-08-07T12:00,28.3,81,5809.06
2024-08-07T13:00,29.2,77,5730.37
2024-08-07T14:00,30.1,74,6027.67
2024-08-07T15:00,30.0,74,6145.99
2024-08-07T16:00,29.5,76,5910.86
2024-08-07T17:00,28.9,78,5605.73
2024-08-07T18:00,26.8,92,5436.26
2024-08-07T19:00,26.9,92,5479.28
2024-08-07T20:00,26.5,95,5460.51
2024-08-07T21:00,26.2,93,5536.76
2024-08-07T22:00,25.9,95,5778.11
2024-08-07T23:00,25.5,98,5763.75
2024-08-08T00:00,25.6,97,5405.11
2024-08-08T01:00,25.7,96,5058.06
2024-08-08T02:00,25.5,96,4812.99
2024-08-08T03:00,25.6,96,4610.23
2024-08-08T04:00,25.7,95,4435.43
2024-08-08T05:00,25.6,96,4352.58
2024-08-08T06:00,25.7,94,4366.45
2024-08-08T07:00,26.0,92,4418.48
2024-08-08T08:00,26.8,88,4543.5
2024-08-08T09:00,27.9,83,4966.05
2024-08-08T10:00,29.4,75,5413.71
2024-08-08T11:00,30.6,70,5621.21
2024-08-08T12:00,31.1,71,5765.58
2024-08-08T13:00,31.5,69,5742.28
2024-08-08T14:00,31.1,70,6112.27
2024-08-08T15:00,30.9,72,6108.31
2024-08-08T16:00,28.8,82,6034.36
2024-08-08T17:00,29.0,81,5882.66
2024-08-08T18:00,27.7,90,5725.8
2024-08-08T19:00,26.8,93,5709.13
2024-08-08T20:00,26.3,95,5613.8
2024-08-08T21:00,26.2,96,5669.79
2024-08-08T22:00,26.2,96,5923.19
2024-08-08T23:00,26.0,97,5918.58
2024-08-09T00:00,25.9,96,5601.32
2024-08-09T01:00,25.8,96,5289.15
2024-08-09T02:00,25.7,97,5020.82
2024-08-09T03:00,25.6,96,4778.56
2024-08-09T04:00,25.5,95,4620.68
2024-08-09T05:00,25.3,96,4534.65
2024-08-09T06:00,26.1,91,4565.41
2024-08-09T07:00,26.6,89,4588.92
2024-08-09T08:00,27.3,88,4686.78
2024-08-09T09:00,28.2,84,5137.32
2024-08-09T10:00,29.9,75,5589.18
2024-08-09T11:00,30.6,73,5803.49
2024-08-09T12:00,31.3,72,5944.01
2024-08-09T13:00,31.8,71,5878.55
2024-08-09T14:00,31.7,71,6291.82
2024-08-09T15:00,31.6,71,6407.89
2024-08-09T16:00,31.2,72,6109.19
2024-08-09T17:00,26.7,94,5825.64
2024-08-09T18:00,28.7,83,5557.97
2024-08-09T19:00,27.0,92,5512.47
2024-08-09T20:00,26.8,93,5502.2
2024-08-09T21:00,25.9,94,5556.99
2024-08-09T22:00,25.7,96,5787.52
2024-08-09T23:00,25.7,96,5825.63
2024-08-10T00:00,25.5,96,5536.4
2024-08-10T01:00,25.2,97,5225.18
2024-08-10T02:00,24.9,97,4967.59
2024-08-10T03:00,24.9,99,4732.84
2024-08-10T04:00,24.9,97,4584.17
2024-08-10T05:00,25.0,97,4478.44
2024-08-10T06:00,26.3,94,4433.98
2024-08-10T07:00,26.7,93,4414.77
2024-08-10T08:00,27.5,89,4467.69
2024-08-10T09:00,28.4,84,4761.99
2024-08-10T10:00,29.5,78,5188.82
2024-08-10T11:00,30.1,76,5472.79
2024-08-10T12:00,30.9,73,5571.6
2024-08-10T13:00,31.1,71,5502.21
2024-08-10T14:00,31.2,72,5585.76
2024-08-10T15:00,31.2,73,5558.31
2024-08-10T16:00,31.3,72,5460.71
2024-08-10T17:00,28.9,82,5398.93
2024-08-10T18:00,28.1,85,5276.74
2024-08-10T19:00,26.6,93,5370.67
2024-08-10T20:00,26.6,94,5440.11
2024-08-10T21:00,26.5,94,5519.3
2024-08-10T22:00,26.1,95,5714.92
2024-08-11T00:00,25.7,98,5496.97
2024-08-11T01:00,25.6,97,5194.49
2024-08-11T02:00,25.7,95,4946.95
2024-08-11T03:00,25.8,94,4732.19
2024-08-11T04:00,25.8,94,4552.67
2024-08-11T05:00,25.6,94,4389.36
2024-08-11T06:00,26.0,94,4250.25
2024-08-11T07:00,26.2,93,4214.69
2024-08-11T08:00,26.6,91,4206.87
2024-08-11T09:00,27.8,87,4377.81
2024-08-11T10:00,28.7,83,4662.24
2024-08-11T11:00,29.6,79,4837.68
2024-08-11T12:00,30.2,77,4883.22
2024-08-11T13:00,30.7,74,4790.33
2024-08-11T14:00,30.9,74,5014.53
2024-08-11T15:00,29.1,81,5033.4
2024-08-11T16:00,29.1,80,4812.72
2024-08-11T17:00,29.2,81,4705.64
2024-08-11T18:00,27.0,89,4710.53
2024-08-11T19:00,26.5,92,4779.61
2024-08-11T20:00,26.2,93,4867.68
2024-08-11T21:00,26.0,95,4971.61
2024-08-11T22:00,25.8,96,5157.31
2024-08-12T00:00,25.6,95,4902.09
2024-08-12T01:00,25.7,95,4639.62
2024-08-12T02:00,25.7,95,4421.55
2024-08-12T03:00,25.6,95,4250.99
2024-08-12T04:00,25.8,96,4136.46
2024-08-12T05:00,25.6,95,4116.1
2024-08-12T06:00,25.8,91,4222.38
2024-08-12T07:00,26.4,90,4299.7
2024-08-12T08:00,26.5,89,4411.83
2024-08-12T09:00,26.3,91,4791.06
2024-08-12T10:00,26.6,90,5220.97
2024-08-12T11:00,27.3,89,5473.16
2024-08-12T12:00,28.3,86,5429.01
2024-08-12T13:00,28.7,83,5306.11
2024-08-12T14:00,30.0,77,5380.97
2024-08-12T15:00,28.2,84,5450.34
2024-08-12T16:00,27.8,86,5370.1
2024-08-12T17:00,27.7,86,5334.51
2024-08-12T18:00,26.9,93,5264.37
2024-08-12T19:00,26.8,95,5279.56
2024-08-12T20:00,26.6,95,5283.57
2024-08-12T21:00,26.5,95,5301.71
2024-08-12T22:00,26.2,96,5313.01
2024-08-12T23:00,25.9,96,5108.97
2024-08-13T00:00,25.6,97,4902.61
2024-08-13T01:00,25.6,97,4622.41
2024-08-13T02:00,25.5,97,4402.56
2024-08-13T03:00,25.4,97,4221.24
2024-08-13T04:00,25.2,98,4099.69
2024-08-13T05:00,25.2,98,4065.83
2024-08-13T06:00,25.7,96,4193.65
2024-08-13T07:00,26.5,91,4280.18
2024-08-13T08:00,26.8,90,4398.61
2024-08-13T09:00,27.4,88,4809.48
2024-08-13T10:00,28.7,80,5306.01
2024-08-13T11:00,28.8,80,5516.23
2024-08-13T12:00,30.5,78,5608.74
2024-08-13T13:00,30.8,74,5520.97
2024-08-13T14:00,29.3,82,5779.02
2024-08-13T15:00,28.1,85,5875.81
2024-08-13T16:00,28.3,85,5759.28
2024-08-13T17:00,28.5,84,5571.07
2024-08-13T18:00,28.8,85,5401.28
2024-08-13T19:00,27.7,91,5444.57
2024-08-13T20:00,27.4,94,5413.95
2024-08-13T21:00,27.0,95,5468.74
2024-08-13T22:00,26.7,95,5672.07
2024-08-14T00:00,26.5,97,5256.86
2024-08-14T01:00,26.2,98,4915.63
2024-08-14T02:00,26.0,98,4655.74
2024-08-14T03:00,25.9,98,4432.11
2024-08-14T04:00,26.0,98,4290.96
2024-08-14T05:00,26.1,96,4248.9
2024-08-14T06:00,26.6,95,4349.8
2024-08-14T07:00,27.1,90,4424.55
2024-08-14T08:00,27.7,89,4548.09
2024-08-14T09:00,28.9,84,5025.29
2024-08-14T10:00,29.8,80,5500.78
2024-08-14T11:00,30.0,78,5688.98
2024-08-14T12:00,30.7,76,5695.53
2024-08-14T13:00,28.9,84,5800.69
2024-08-14T14:00,29.7,81,6125.65
2024-08-14T15:00,30.0,81,6238.67
2024-08-14T16:00,29.7,81,6077.65
2024-08-14T17:00,29.6,82,5863.36
2024-08-14T18:00,29.2,88,5624.33
2024-08-14T19:00,28.1,92,5681.24
2024-08-14T20:00,28.1,91,5725.09
2024-08-14T21:00,27.5,94,5770.4
2024-08-15T00:00,26.7,93,5707.89
2024-08-15T01:00,26.4,95,5359.91
2024-08-15T02:00,26.2,96,5077.4
2024-08-15T03:00,26.1,97,4839.37
2024-08-15T04:00,26.0,98,4679.22
2024-08-15T05:00,26.2,97,4517.66
2024-08-15T06:00,26.7,94,4380.07
2024-08-15T07:00,27.5,90,4237.47
2024-08-15T08:00,28.5,85,4051.74
2024-08-15T09:00,29.3,81,3948.25
2024-08-15T10:00,30.5,77,4091.13
2024-08-15T11:00,31.6,73,4228.84
2024-08-15T12:00,31.7,74,4394.01
2024-08-15T13:00,32.0,74,4544.6
2024-08-15T14:00,32.2,75,4703.91
2024-08-15T15:00,32.0,75,4670.63
2024-08-15T16:00,31.7,76,4500.62
2024-08-15T17:00,31.3,77,4389.85
2024-08-15T18:00,28.8,87,4435.97
2024-08-15T19:00,26.5,95,4780.37
2024-08-15T20:00,26.5,94,5083.54
2024-08-15T21:00,26.3,93,5154.14
2024-08-15T22:00,26.1,95,5301.71
2024-08-15T23:00,25.9,97,5342.94
2024-08-16T00:00,25.6,97,5078.41
2024-08-16T01:00,25.6,97,4785.7
2024-08-16T02:00,25.6,97,4558.15
2024-08-16T03:00,25.5,98,4368.06
2024-08-16T04:00,25.5,98,4256.02
2024-08-16T05:00,25.7,96,4197.85
2024-08-16T06:00,25.8,94,4227.4
2024-08-16T07:00,26.6,90,4303.06
2024-08-16T08:00,27.6,87,4466.78
2024-08-16T09:00,28.4,84,5024.17
2024-08-16T10:00,29.6,79,5524.07
2024-08-16T11:00,31.0,74,5857.82
2024-08-16T12:00,31.7,72,6007.11
2024-08-16T13:00,32.3,68,5961.89
2024-08-16T14:00,31.3,74,6303.33
2024-08-16T15:00,31.0,77,6492.68
2024-08-16T16:00,30.9,78,6303.15
2024-08-16T17:00,27.5,90,6066.23
2024-08-16T18:00,28.2,86,5822.22
2024-08-16T19:00,27.0,91,5889.0
2024-08-16T20:00,26.8,93,5865.39
2024-08-16T21:00,26.7,94,5972.15
2024-08-16T22:00,26.5,95,6247.67
2024-08-16T23:00,26.4,95,6262.34
2024-08-17T00:00,26.2,97,5925.54
2024-08-17T01:00,26.2,97,5582.73
2024-08-17T02:00,26.1,97,5286.57
2024-08-17T03:00,26.0,98,5015.21
2024-08-17T04:00,25.8,99,4829.72
2024-08-17T05:00,25.7,99,4714.59
2024-08-17T06:00,26.7,94,4683.74
2024-08-17T07:00,27.3,91,4635.25
2024-08-17T08:00,28.2,86,4678.48
2024-08-17T09:00,29.2,81,5057.67
2024-08-17T10:00,30.0,77,5541.17
2024-08-17T11:00,30.8,74,5812.23
2024-08-17T12:00,31.2,73,5972.58
2024-08-17T13:00,31.5,73,5916.51
2024-08-17T14:00,31.6,73,6051.13
2024-08-17T15:00,31.9,72,5935.65
2024-08-17T16:00,31.5,73,5802.27
2024-08-17T17:00,28.6,82,5727.34
2024-08-17T18:00,29.1,82,5659.2
2024-08-17T19:00,28.3,89,5717.47
2024-08-17T20:00,28.4,84,5768.34
2024-08-17T21:00,27.9,90,5913.3
2024-08-17T22:00,27.5,92,6125.79
2024-08-17T23:00,28.1,87,6183.69
2024-08-18T00:00,27.1,93,5899.64
2024-08-18T01:00,27.0,93,5586.03
2024-08-18T02:00,26.9,94,5322.68
2024-08-18T03:00,26.6,96,5091.36
2024-08-18T04:00,26.4,97,4892.78
2024-08-18T05:00,26.2,96,4661.1
2024-08-18T06:00,27.2,93,4678.86
2024-08-18T07:00,28.2,86,4601.97
2024-08-18T08:00,29.5,81,4594.29
2024-08-18T09:00,30.7,76,4856.35
2024-08-18T10:00,31.7,72,5263.25
2024-08-18T11:00,32.1,69,5542.28
2024-08-18T12:00,32.6,68,5676.23
2024-08-18T13:00,32.7,67,5559.36
2024-08-18T14:00,31.2,70,5779.26
2024-08-18T15:00,29.3,79,5850.72
2024-08-18T16:00,30.1,78,5674.14
2024-08-18T17:00,30.1,79,5501.53
2024-08-18T18:00,30.1,78,5375.39
2024-08-18T19:00,29.1,82,5558.89
2024-08-18T20:00,28.7,85,5766.48
2024-08-18T21:00,28.6,84,5977.45
2024-08-18T22:00,28.3,85,6250.58
2024-08-18T23:00,28.0,86,6350.15
2024-08-19T00:00,27.8,87,6077.52
2024-08-19T01:00,27.8,86,5763.71
2024-08-19T02:00,26.9,88,5479.04
2024-08-19T03:00,26.5,93,5234.65
2024-08-19T04:00,26.8,92,5038.94
2024-08-19T05:00,26.2,96,4909.76
2024-08-19T06:00,26.7,92,4798.95
2024-08-19T07:00,27.5,89,4762.27
2024-08-19T08:00,28.4,83,4786.82
2024-08-19T09:00,29.6,78,4934.36
2024-08-19T10:00,31.0,72,5158.76
2024-08-19T11:00,31.6,71,5385.05
2024-08-19T12:00,32.2,69,5508.08
2024-08-19T13:00,32.7,67,5564.92
2024-08-19T14:00,32.7,67,5731.98
2024-08-19T15:00,31.7,69,5686.81
2024-08-19T16:00,31.7,68,5466.0
2024-08-19T17:00,31.0,72,5174.04
2024-08-19T18:00,29.3,82,4990.27
2024-08-19T19:00,28.4,85,5210.04
2024-08-19T20:00,28.0,87,5414.15
2024-08-19T21:00,27.9,88,5684.56
2024-08-19T22:00,27.7,89,5943.47
2024-08-19T23:00,27.6,90,6009.12
2024-08-20T00:00,27.3,90,5749.39
2024-08-20T01:00,27.2,90,5451.27
2024-08-20T02:00,26.9,91,5145.48
2024-08-20T03:00,26.5,93,4905.47
2024-08-20T04:00,26.8,92,4726.23
2024-08-20T05:00,26.5,93,4603.22
2024-08-20T06:00,26.4,93,4501.88
2024-08-20T07:00,26.6,91,4290.24
2024-08-20T08:00,27.2,89,4329.52
2024-08-20T09:00,27.6,87,4673.22
2024-08-20T10:00,28.8,82,5074.97
2024-08-20T11:00,30.1,76,5298.98
2024-08-20T12:00,30.9,74,5453.04
2024-08-20T13:00,31.5,74,5409.87
2024-08-20T14:00,31.6,74,5695.22
2024-08-20T15:00,31.6,72,5881.32
2024-08-20T16:00,29.4,79,5753.5
2024-08-20T17:00,27.2,90,5649.71
2024-08-20T18:00,29.6,79,5407.45
2024-08-20T19:00,28.2,85,5526.32
2024-08-20T20:00,27.6,87,5526.01
2024-08-20T21:00,27.2,89,5600.17
2024-08-20T22:00,27.2,90,5838.79
2024-08-20T23:00,27.0,92,5830.4
2024-08-21T00:00,26.7,95,5501.71
2024-08-21T01:00,26.8,93,5155.71
2024-08-21T02:00,26.2,97,4877.65
2024-08-21T03:00,26.0,97,4640.9
2024-08-21T04:00,25.3,97,4473.76
2024-08-21T05:00,25.1,98,4381.92
2024-08-21T06:00,25.1,96,4400.69
2024-08-21T07:00,25.7,93,4417.43
2024-08-21T08:00,27.0,88,4516.72
2024-08-21T09:00,28.7,82,4933.07
2024-08-21T10:00,29.7,78,5409.26
2024-08-21T11:00,30.8,74,5680.48
2024-08-21T12:00,31.4,73,5767.97
2024-08-21T13:00,31.7,72,5788.02
2024-08-21T14:00,32.0,71,6240.05
2024-08-21T15:00,31.7,71,6459.83
2024-08-21T16:00,30.8,72,6277.28
2024-08-21T17:00,31.1,71,6072.54
2024-08-21T18:00,29.7,81,5847.39
2024-08-21T19:00,28.7,87,5852.69
2024-08-21T20:00,28.1,90,5815.81
2024-08-21T21:00,27.8,93,5846.29
2024-08-21T22:00,27.6,93,6015.27
2024-08-22T00:00,24.9,99,5924.95
2024-08-22T01:00,25.2,96,5569.49
2024-08-22T02:00,24.7,99,5272.43
2024-08-22T03:00,25.1,94,4982.41
2024-08-22T04:00,24.8,97,4808.94
2024-08-22T05:00,24.9,96,4692.02
2024-08-22T06:00,26.1,93,4671.81
2024-08-22T07:00,26.9,92,4653.32
2024-08-22T08:00,28.3,87,4724.01
2024-08-22T09:00,29.7,81,5146.56
2024-08-22T10:00,30.9,77,5654.86
2024-08-22T11:00,31.7,74,5933.36
2024-08-22T12:00,32.1,73,6121.44
2024-08-22T13:00,32.5,73,6151.1
2024-08-22T14:00,32.6,73,6587.21
2024-08-22T15:00,32.8,72,6805.77
2024-08-22T16:00,30.4,76,6632.94
2024-08-22T17:00,29.9,79,6378.96
2024-08-22T18:00,29.3,80,6105.9
2024-08-22T19:00,28.1,86,6190.49
2024-08-22T20:00,27.4,88,6183.44
2024-08-22T21:00,26.9,90,6246.4
2024-08-22T22:00,26.6,91,6429.18
2024-08-23T00:00,25.9,98,6048.3
2024-08-23T01:00,25.8,99,5684.62
2024-08-23T02:00,25.6,99,5415.04
2024-08-23T03:00,25.6,99,5131.24
2024-08-23T04:00,25.6,98,4919.96
2024-08-23T05:00,25.2,97,4785.42
2024-08-23T06:00,24.9,93,4772.86
2024-08-23T07:00,25.6,90,4765.03
2024-08-23T08:00,25.7,89,4836.84
2024-08-23T09:00,26.7,84,5207.37
2024-08-23T10:00,27.5,82,5511.99
2024-08-23T11:00,27.9,82,5478.38
2024-08-23T12:00,28.9,79,5488.24
2024-08-23T13:00,28.9,78,5375.07
2024-08-23T14:00,29.9,74,5660.16
2024-08-23T15:00,30.4,72,5796.18
2024-08-23T16:00,30.7,70,5740.21
2024-08-23T17:00,30.7,70,5638.27
2024-08-23T18:00,29.5,79,5461.72
2024-08-23T19:00,28.4,83,5493.67
2024-08-23T20:00,27.8,86,5413.12
2024-08-23T21:00,27.3,88,5432.82
2024-08-23T22:00,26.9,90,5649.88
2024-08-23T23:00,26.5,93,5713.48
2024-08-24T00:00,26.2,95,5432.83
2024-08-24T01:00,25.9,96,5131.99
2024-08-24T02:00,25.8,96,4866.56
2024-08-24T03:00,25.9,94,4646.22
2024-08-24T04:00,25.7,96,4487.48
2024-08-24T05:00,25.3,98,4395.09
2024-08-24T06:00,26.9,92,4369.38
2024-08-24T07:00,27.2,90,4391.45
2024-08-24T08:00,28.5,86,4447.58
2024-08-24T09:00,27.7,83,4753.27
2024-08-24T10:00,27.3,85,5216.39
2024-08-24T11:00,28.3,83,5490.95
2024-08-24T12:00,30.0,74,5624.96
2024-08-24T13:00,30.9,72,5596.22
2024-08-24T14:00,31.5,71,5860.55
2024-08-24T15:00,31.5,69,5969.55
2024-08-24T16:00,31.5,69,5874.08
2024-08-24T17:00,31.1,71,5723.26
2024-08-24T18:00,30.3,76,5527.51
2024-08-24T19:00,29.0,84,5622.65
2024-08-24T20:00,28.6,86,5668.73
2024-08-24T21:00,28.4,86,5753.4
2024-08-25T00:00,27.7,89,5776.51
2024-08-25T01:00,26.1,92,5318.15
2024-08-25T02:00,24.9,95,4888.23
2024-08-25T03:00,25.0,95,4674.77
2024-08-25T04:00,25.1,94,4511.05
2024-08-25T05:00,25.1,94,4399.94
2024-08-25T06:00,26.9,85,4288.33
2024-08-25T07:00,27.6,82,4245.72
2024-08-25T08:00,28.5,79,4222.85
2024-08-25T09:00,29.5,75,4417.46
2024-08-25T10:00,30.5,71,4762.19
2024-08-25T11:00,31.4,68,5038.1
2024-08-25T12:00,32.1,67,5204.01
2024-08-25T13:00,32.2,66,5202.21
2024-08-25T14:00,32.2,66,5430.88
2024-08-25T15:00,32.1,66,5511.33
2024-08-25T16:00,31.2,72,5387.64
2024-08-25T17:00,30.0,76,5218.56
2024-08-25T18:00,29.7,75,5058.88
2024-08-25T19:00,29.2,75,5220.45
2024-08-25T20:00,28.9,76,5351.74
2024-08-25T21:00,28.6,79,5607.18
2024-08-25T22:00,28.2,81,5919.77
2024-08-26T00:00,27.6,84,5820.97
2024-08-26T01:00,27.2,86,5508.38
2024-08-26T02:00,26.8,89,5193.27
2024-08-26T03:00,26.5,91,4943.12
2024-08-26T04:00,26.2,92,4743.39
2024-08-26T05:00,26.0,93,4581.47
2024-08-26T06:00,27.0,86,4445.71
2024-08-26T07:00,27.8,82,4412.44
2024-08-26T08:00,28.7,80,4370.92
2024-08-26T09:00,29.0,74,4604.43
2024-08-26T10:00,29.6,78,5006.22
2024-08-26T11:00,30.9,73,5210.05
2024-08-26T12:00,31.4,70,5407.37
2024-08-26T13:00,31.6,69,5486.07
2024-08-26T14:00,29.9,75,5727.86
2024-08-26T15:00,29.4,79,5714.09
2024-08-26T16:00,30.1,76,5403.23
2024-08-26T17:00,29.8,75,5217.02
2024-08-26T18:00,27.9,86,5108.18
2024-08-26T19:00,27.1,89,5263.11
2024-08-26T20:00,26.7,89,5331.91
2024-08-26T21:00,26.6,88,5431.52
2024-08-26T22:00,26.4,88,5573.56
2024-08-26T23:00,26.3,89,5616.58
2024-08-27T00:00,26.1,90,5151.39
2024-08-27T01:00,25.4,92,5175.37
2024-08-27T02:00,24.3,93,4914.7
2024-08-27T03:00,24.4,94,4709.57
2024-08-27T04:00,24.7,95,4540.29
2024-08-27T05:00,25.1,95,4456.8
2024-08-27T06:00,25.5,94,4452.53
2024-08-27T07:00,26.6,88,4475.59
2024-08-27T08:00,27.4,84,4587.22
2024-08-27T09:00,28.7,80,5030.99
2024-08-27T10:00,29.8,75,5461.75
2024-08-27T11:00,30.6,73,5620.64
2024-08-27T12:00,31.0,71,5720.52
2024-08-27T13:00,31.2,70,5590.33
2024-08-27T14:00,28.9,78,5883.79
2024-08-27T15:00,30.1,74,6084.47
2024-08-27T16:00,29.0,77,5953.2
2024-08-27T17:00,29.0,77,5651.36
2024-08-27T18:00,27.4,87,5476.41
2024-08-27T19:00,27.0,89,5528.4
2024-08-27T20:00,26.4,90,5486.08
2024-08-27T21:00,25.6,93,5583.65
2024-08-27T22:00,25.0,94,5846.38
2024-08-28T00:00,24.6,95,5585.1
2024-08-28T01:00,24.4,96,5224.66
2024-08-28T02:00,24.3,96,4955.72
2024-08-28T03:00,24.2,97,4530.26
2024-08-28T04:00,24.3,97,4298.08
2024-08-28T05:00,24.3,97,4247.13
2024-08-28T06:00,25.2,95,4314.0
2024-08-28T07:00,25.9,90,4330.15
2024-08-28T08:00,26.7,87,4434.62
2024-08-28T09:00,27.7,84,4869.64
2024-08-28T10:00,28.8,78,5345.67
2024-08-28T11:00,29.9,73,5510.89
2024-08-28T12:00,30.0,72,5562.78
2024-08-28T13:00,30.2,72,5508.25
2024-08-28T14:00,30.3,74,5885.62
2024-08-28T15:00,30.3,73,6083.45
2024-08-28T16:00,28.4,80,5904.61
2024-08-28T17:00,28.7,80,5659.59
2024-08-28T18:00,26.6,91,5427.16
2024-08-28T19:00,26.5,95,5435.8
2024-08-28T20:00,26.5,94,5353.42
2024-08-28T21:00,26.0,93,5438.57
2024-08-28T22:00,25.6,94,5662.88
2024-08-28T23:00,25.3,94,5717.38
2024-08-29T00:00,24.7,96,5391.63
2024-08-29T01:00,24.7,95,5031.51
2024-08-29T02:00,24.8,94,4718.54
2024-08-29T03:00,24.4,96,4411.43
2024-08-29T04:00,24.4,96,4189.92
2024-08-29T05:00,24.4,97,4119.39
2024-08-29T06:00,24.9,94,4168.58
2024-08-29T07:00,25.1,95,4197.56
2024-08-29T08:00,25.3,95,4297.35
2024-08-29T09:00,25.7,94,4618.31
2024-08-29T10:00,26.8,92,4969.42
2024-08-29T11:00,28.3,84,5197.49
2024-08-29T12:00,29.7,77,5302.23
2024-08-29T13:00,30.3,71,5200.52
2024-08-29T14:00,30.6,70,5440.51
2024-08-29T15:00,30.8,69,5454.47
2024-08-29T16:00,30.9,67,5327.38
2024-08-29T17:00,30.5,70,5287.62
2024-08-29T18:00,28.0,85,5235.79
2024-08-29T19:00,27.1,89,5275.81
2024-08-29T20:00,26.6,91,5126.22
2024-08-29T21:00,26.3,92,5094.48
2024-08-29T22:00,26.2,93,5243.07
2024-08-30T00:00,25.8,93,4966.6
2024-08-30T01:00,25.6,93,4664.95
2024-08-30T02:00,25.4,94,4426.3
2024-08-30T03:00,25.2,96,4232.33
2024-08-30T04:00,25.1,97,4111.15
2024-08-30T05:00,25.0,98,4089.2
2024-08-30T06:00,25.5,96,4212.41
2024-08-30T07:00,26.4,93,4298.21
2024-08-30T08:00,27.9,88,4471.95
2024-08-30T09:00,29.3,82,4912.64
2024-08-30T10:00,30.2,79,5397.38
2024-08-30T11:00,30.8,77,5608.22
2024-08-30T12:00,31.3,74,5690.65
2024-08-30T13:00,31.2,73,5596.73
2024-08-30T14:00,31.1,73,5992.81
2024-08-30T15:00,30.4,76,6172.65
2024-08-30T16:00,27.5,87,5941.99
2024-08-30T17:00,27.9,87,5706.22
2024-08-30T18:00,26.8,89,5632.76
2024-08-30T19:00,26.6,95,5659.58
2024-08-30T20:00,26.6,94,5595.47
2024-08-30T21:00,26.5,94,5656.55
2024-08-30T22:00,26.4,94,5873.15
2024-08-31T00:00,26.7,91,5578.97
2024-08-31T01:00,26.6,91,5224.46
2024-08-31T02:00,26.3,93,4950.98
2024-08-31T03:00,25.7,96,4693.21
2024-08-31T04:00,25.7,96,4525.24
2024-08-31T05:00,25.6,96,4442.28
2024-08-31T06:00,26.2,93,4400.2
2024-08-31T07:00,27.2,90,4459.21
2024-08-31T08:00,28.7,84,4537.14
2024-08-31T09:00,30.0,77,4876.08
2024-08-31T10:00,31.0,72,5363.09
2024-08-31T11:00,31.8,67,5493.02
2024-08-31T12:00,32.6,63,5643.2
2024-08-31T13:00,33.1,61,5605.63
2024-08-31T14:00,33.3,60,5887.24
2024-08-31T15:00,33.2,60,6010.72
2024-08-31T16:00,33.0,61,5930.28
2024-08-31T17:00,32.0,67,5757.36
2024-08-31T18:00,30.4,74,5642.24
2024-08-31T19:00,29.5,77,5748.53
2024-08-31T20:00,29.0,79,5806.89
2024-08-31T21:00,28.6,80,5966.4
2024-08-31T22:00,28.1,82,6196.15
2024-09-01T00:00,27.0,88,5912.16
2024-09-01T01:00,26.9,88,5557.83
2024-09-01T02:00,26.7,89,5267.95
2024-09-01T03:00,26.4,90,4998.77
2024-09-01T04:00,26.2,91,4786.39
2024-09-01T05:00,25.9,93,4628.19
2024-09-01T06:00,27.1,88,4491.03
2024-09-01T07:00,28.1,85,4431.31
2024-09-01T08:00,29.6,78,4408.73
2024-09-01T09:00,30.8,71,4627.11
2024-09-01T10:00,31.6,66,4938.99
2024-09-01T11:00,32.4,63,5231.84
2024-09-01T12:00,33.1,60,5447.89
2024-09-01T13:00,33.4,59,5499.67
2024-09-01T14:00,33.5,58,5774.29
2024-09-01T15:00,33.2,60,5874.46
2024-09-01T16:00,33.2,60,5739.78
2024-09-01T17:00,32.3,66,5500.18
2024-09-01T18:00,30.8,72,5374.2
2024-09-01T19:00,29.7,77,5594.31
2024-09-01T20:00,29.2,80,5859.89
2024-09-01T21:00,29.0,79,6145.91
2024-09-01T22:00,28.0,84,6478.82
2024-09-01T23:00,27.4,88,6464.95
2024-09-02T00:00,26.9,91,6045.25
2024-09-02T01:00,26.6,94,5600.44
2024-09-02T02:00,26.6,94,5271.19
2024-09-02T03:00,26.4,94,5005.69
2024-09-02T04:00,25.5,95,4788.74
2024-09-02T05:00,25.1,94,4662.67
2024-09-02T06:00,26.4,90,4677.21
2024-09-02T07:00,26.7,88,4656.05
2024-09-02T08:00,27.2,86,4712.28
2024-09-02T09:00,27.8,85,5111.28
2024-09-02T10:00,29.4,81,5547.63
2024-09-02T11:00,30.4,74,5569.88
2024-09-02T12:00,30.6,72,5650.06
2024-09-02T13:00,31.0,71,5667.43
2024-09-02T14:00,31.3,71,6057.33
2024-09-02T15:00,31.5,71,6245.11
2024-09-02T16:00,28.4,83,6091.71
2024-09-02T17:00,28.6,83,5902.69
2024-09-02T18:00,29.3,76,5682.14
2024-09-02T19:00,28.2,81,5771.17
2024-09-02T20:00,27.6,83,5769.85
2024-09-02T21:00,27.0,86,5950.99
2024-09-02T22:00,27.0,85,6222.58
2024-09-02T23:00,26.9,85,6228.76
2024-09-03T00:00,26.6,87,5902.47
2024-09-03T01:00,26.4,89,5531.35
2024-09-03T02:00,26.2,90,5234.52
2024-09-03T03:00,26.0,91,4981.09
2024-09-03T04:00,25.9,92,4795.65
2024-09-03T05:00,25.8,93,4693.89
2024-09-03T06:00,25.7,95,4686.23
2024-09-03T07:00,25.5,95,4690.86
2024-09-03T08:00,26.0,91,4828.76
2024-09-03T09:00,26.0,90,5256.76
2024-09-03T10:00,26.6,87,5702.6
2024-09-03T11:00,28.9,80,5915.81
2024-09-03T12:00,30.1,74,5936.75
2024-09-03T13:00,31.0,73,5999.14
2024-09-03T14:00,31.5,72,6291.84
2024-09-03T15:00,31.6,72,6510.92
2024-09-03T16:00,31.3,71,6275.06
2024-09-03T17:00,30.3,76,6037.82
2024-09-03T18:00,26.6,93,5843.08
2024-09-03T19:00,26.3,93,5888.95
2024-09-03T20:00,26.3,94,5856.8
2024-09-03T21:00,26.0,96,5887.52
2024-09-03T22:00,25.8,94,5949.17
2024-09-03T23:00,25.4,92,5930.27
2024-09-04T00:00,25.0,95,5636.73
2024-09-04T01:00,24.7,97,5289.17
2024-09-04T02:00,24.5,97,5007.56
2024-09-04T03:00,24.5,97,4749.48
2024-09-04T04:00,24.5,96,4557.92
2024-09-04T05:00,24.4,97,4470.05
2024-09-04T06:00,24.7,95,4486.19
2024-09-04T07:00,25.6,92,4483.13
2024-09-04T08:00,26.8,88,4592.54
2024-09-04T09:00,27.7,84,4971.15
2024-09-04T10:00,28.2,81,5457.29
2024-09-04T11:00,29.2,78,5621.17
2024-09-04T12:00,29.6,75,5586.92
2024-09-04T13:00,30.3,73,5171.37
2024-09-04T14:00,30.8,73,5123.85
2024-09-04T15:00,30.8,73,5193.44
2024-09-04T16:00,30.7,73,5178.11
2024-09-04T17:00,30.1,74,5105.98
2024-09-04T18:00,27.9,84,5077.4
2024-09-04T19:00,27.3,91,5090.75
2024-09-04T20:00,27.0,90,4921.64
2024-09-04T21:00,26.8,91,4863.22
2024-09-04T22:00,26.5,92,4980.52
2024-09-04T23:00,26.1,93,4988.05
2024-09-05T00:00,25.9,95,4737.94
2024-09-05T01:00,25.8,95,4461.73
2024-09-05T02:00,25.5,96,4236.56
2024-09-05T03:00,25.2,97,4043.83
2024-09-05T04:00,25.0,97,3916.89
2024-09-05T05:00,24.8,98,3887.17
2024-09-05T06:00,25.5,94,3978.58
2024-09-05T07:00,26.6,89,4056.56
2024-09-05T08:00,27.9,82,4167.22
2024-09-05T09:00,29.1,74,4617.02
2024-09-05T10:00,30.1,68,5080.38
2024-09-05T11:00,30.9,65,5298.11
2024-09-05T12:00,31.3,63,5392.02
2024-09-05T13:00,31.4,64,5341.45
2024-09-05T14:00,31.6,64,5571.46
2024-09-05T15:00,31.5,65,5617.24
2024-09-05T16:00,30.8,69,5367.07
2024-09-05T17:00,28.9,80,5460.22
2024-09-05T18:00,25.4,92,5425.72
2024-09-05T19:00,25.6,94,5452.55
2024-09-05T20:00,25.7,94,5341.1
2024-09-05T21:00,25.8,94,5397.98
2024-09-05T22:00,25.8,95,5630.94
2024-09-05T23:00,25.5,96,5654.89
2024-09-06T00:00,26.0,93,5351.52
2024-09-06T01:00,25.8,95,5010.27
2024-09-06T02:00,25.1,98,4738.27
2024-09-06T03:00,24.2,100,4513.63
2024-09-06T04:00,24.3,98,4380.07
2024-09-06T05:00,24.3,98,4331.88
2024-09-06T06:00,24.6,96,4387.98
2024-09-06T07:00,25.3,92,4419.48
2024-09-06T08:00,26.4,88,4453.51
2024-09-06T09:00,28.1,80,4844.41
2024-09-06T10:00,29.1,76,5220.03
2024-09-06T11:00,30.0,75,5347.32
2024-09-06T12:00,30.6,71,5406.71
2024-09-06T13:00,27.8,82,5320.26
2024-09-06T14:00,28.1,82,5615.78
2024-09-06T15:00,27.8,83,5749.82
2024-09-06T16:00,27.5,84,5660.69
2024-09-06T17:00,27.7,82,5449.7
2024-09-06T18:00,26.1,90,5297.94
2024-09-06T19:00,25.8,94,5292.09
2024-09-06T20:00,25.7,96,5134.19
2024-09-06T21:00,25.6,97,5089.2
2024-09-06T22:00,25.3,97,5227.14
2024-09-06T23:00,25.1,97,5222.6
2024-09-07T00:00,24.7,98,4973.94
2024-09-07T01:00,24.6,96,4687.54
2024-09-07T02:00,24.5,97,4451.65
2024-09-07T03:00,24.3,97,4247.4
2024-09-07T04:00,24.1,98,4096.73
2024-09-07T05:00,24.2,97,4033.08
2024-09-07T06:00,24.7,94,4053.44
2024-09-07T07:00,25.2,90,4108.11
2024-09-07T08:00,25.4,90,4151.92
2024-09-07T09:00,26.2,88,4401.6
2024-09-07T10:00,28.0,81,4742.08
2024-09-07T11:00,29.1,79,4979.49
2024-09-07T12:00,30.1,73,5065.12
2024-09-07T13:00,30.1,72,5033.51
2024-09-07T14:00,30.1,73,5342.04
2024-09-07T15:00,30.4,71,5405.24
2024-09-07T16:00,30.1,72,5220.88
2024-09-07T17:00,29.7,75,5144.15
2024-09-07T18:00,26.8,93,5141.31
2024-09-07T19:00,26.8,94,5081.33
2024-09-07T20:00,26.4,96,4947.88
2024-09-07T21:00,26.3,97,4968.13
2024-09-07T22:00,26.3,96,5070.44
2024-09-07T23:00,26.2,97,5096.82
2024-09-08T00:00,25.9,94,4895.09
2024-09-08T01:00,25.6,94,4634.94
2024-09-08T02:00,25.7,94,4408.19
2024-09-08T03:00,25.8,91,4235.38
2024-09-08T04:00,25.0,95,4104.61
2024-09-08T05:00,24.4,96,4045.65
2024-09-08T06:00,25.7,95,4005.61
2024-09-08T07:00,26.1,94,4016.01
2024-09-08T08:00,27.1,90,4040.56
2024-09-08T09:00,28.4,84,4274.09
2024-09-08T10:00,29.5,81,4575.93
2024-09-08T11:00,30.5,77,4760.7
2024-09-08T12:00,31.0,74,4846.49
2024-09-08T13:00,31.2,74,4717.29
2024-09-08T14:00,31.3,73,4742.24
2024-09-08T15:00,31.0,72,4726.78
2024-09-08T16:00,30.3,75,4669.49
2024-09-08T17:00,29.5,80,4662.11
2024-09-08T18:00,27.1,91,4717.89
2024-09-08T19:00,26.8,91,4863.66
2024-09-08T20:00,26.6,92,4878.34
2024-09-08T21:00,26.4,93,4941.01
2024-09-08T22:00,26.3,93,5086.71
2024-09-08T23:00,26.2,93,5087.04
2024-09-09T00:00,25.9,94,4844.29
2024-09-09T01:00,25.9,93,4570.17
2024-09-09T02:00,25.7,94,4348.45
2024-09-09T03:00,25.4,95,4181.98
2024-09-09T04:00,25.4,95,4053.68
2024-09-09T05:00,25.2,96,4055.07
2024-09-09T06:00,26.0,93,4212.39
2024-09-09T07:00,26.9,91,4297.94
2024-09-09T08:00,28.3,85,4430.49
2024-09-09T09:00,29.7,75,4852.56
2024-09-09T10:00,30.7,69,5315.28
2024-09-09T11:00,31.5,65,5524.96
2024-09-09T12:00,32.2,63,5652.29
2024-09-09T13:00,32.6,61,5578.9
2024-09-09T14:00,32.7,60,5690.93
2024-09-09T15:00,32.6,61,5692.21
2024-09-09T16:00,32.1,63,5551.8
2024-09-09T17:00,31.5,69,5485.85
2024-09-09T18:00,28.6,84,5404.28
2024-09-09T19:00,27.7,87,5433.01
2024-09-09T20:00,26.8,89,5323.82
2024-09-09T21:00,26.6,91,5324.73
2024-09-09T22:00,26.5,92,5457.76
2024-09-09T23:00,26.2,94,5467.26
2024-09-10T00:00,26.1,95,5201.12
2024-09-10T01:00,26.0,95,4925.22
2024-09-10T02:00,26.2,93,4683.39
2024-09-10T03:00,25.4,97,4482.12
2024-09-10T04:00,25.2,98,4407.33
2024-09-10T05:00,24.9,98,4359.43
2024-09-10T06:00,25.7,93,4461.45
2024-09-10T07:00,26.1,91,4536.86
2024-09-10T08:00,26.7,89,4645.58
2024-09-10T09:00,28.0,83,5017.33
2024-09-10T10:00,28.9,81,5452.27
2024-09-10T11:00,29.1,81,5590.93
2024-09-10T12:00,30.0,79,5699.39
2024-09-10T13:00,30.7,78,5702.57
2024-09-10T14:00,30.5,79,5953.09
2024-09-10T15:00,30.5,78,5917.61
2024-09-10T16:00,28.4,84,5488.98
2024-09-10T17:00,27.5,86,5342.81
2024-09-10T18:00,26.8,89,5251.93
2024-09-10T19:00,26.8,90,5210.61
2024-09-10T20:00,26.7,90,5109.26
2024-09-10T21:00,26.5,92,5088.45
2024-09-10T22:00,25.8,97,5239.27
2024-09-10T23:00,25.5,98,5227.2
2024-09-11T00:00,25.9,97,5015.82
2024-09-11T01:00,25.5,99,4770.08
2024-09-11T02:00,25.4,99,4567.06
2024-09-11T03:00,25.5,98,4413.78
2024-09-11T04:00,25.3,99,4315.02
2024-09-11T05:00,25.0,99,4305.57
2024-09-11T06:00,25.6,98,4432.95
2024-09-11T07:00,26.7,91,4490.7
2024-09-11T08:00,28.0,87,4560.47
2024-09-11T09:00,29.1,81,4795.65
2024-09-11T10:00,30.3,78,5114.41
2024-09-11T11:00,31.0,74,5272.52
2024-09-11T12:00,31.7,73,5375.89
2024-09-11T13:00,29.4,79,5343.97
2024-09-11T14:00,28.0,86,5578.59
2024-09-11T15:00,27.9,86,5647.63
2024-09-11T16:00,28.1,87,5454.63
2024-09-11T17:00,28.2,89,5365.65
2024-09-11T18:00,28.8,85,5331.01
2024-09-12T00:00,27.2,89,5135.92
2024-09-12T01:00,26.7,91,4821.53
2024-09-12T02:00,25.6,93,4603.1
2024-09-12T03:00,25.8,91,4402.28
2024-09-12T04:00,25.5,92,4220.04
2024-09-12T05:00,25.8,92,4155.56
2024-09-12T06:00,25.7,92,4231.49
2024-09-12T07:00,25.5,93,4281.98
2024-09-12T08:00,25.8,92,4382.14
2024-09-12T09:00,25.5,93,4713.78
2024-09-12T10:00,25.3,93,5020.02
2024-09-12T11:00,25.4,92,5113.39
2024-09-12T12:00,25.9,91,5134.32
2024-09-12T13:00,26.1,90,4969.57
2024-09-12T14:00,26.0,90,5092.89
2024-09-12T15:00,25.3,90,5068.55
2024-09-12T16:00,25.3,90,4926.56
2024-09-12T17:00,25.2,91,4863.12
2024-09-12T18:00,25.1,90,4787.65
2024-09-12T19:00,24.4,90,4689.78
2024-09-12T20:00,24.1,92,4410.42
2024-09-12T21:00,24.4,93,4243.66
2024-09-12T22:00,24.3,92,4252.9
2024-09-13T00:00,23.9,94,3995.46
2024-09-13T01:00,23.7,94,3791.99
2024-09-13T02:00,23.7,94,3607.94
2024-09-13T03:00,23.4,93,3437.73
2024-09-13T04:00,23.4,92,3346.16
2024-09-13T05:00,23.3,91,3391.06
2024-09-13T06:00,24.1,93,3612.42
2024-09-13T07:00,24.3,94,3750.96
2024-09-13T08:00,24.9,91,3866.43
2024-09-13T09:00,26.0,85,4282.64
2024-09-13T10:00,27.4,83,4676.9
2024-09-13T11:00,30.0,75,4809.56
2024-09-13T12:00,29.6,77,4848.82
2024-09-13T13:00,25.8,90,4661.34
2024-09-13T14:00,26.5,88,4717.11
2024-09-13T15:00,28.3,83,4698.94
2024-09-13T16:00,28.3,80,4572.55
2024-09-13T17:00,26.6,86,4537.75
2024-09-13T18:00,24.9,92,4488.53
2024-09-13T19:00,24.6,94,4327.61
2024-09-13T20:00,24.7,94,4116.64
2024-09-13T21:00,24.5,93,3929.08
2024-09-13T22:00,24.2,94,3886.32
2024-09-14T00:00,23.7,95,3591.7
2024-09-14T01:00,24.0,94,3428.36
2024-09-14T02:00,24.0,94,3311.63
2024-09-14T03:00,23.6,97,3203.44
2024-09-14T04:00,23.1,99,3183.38
2024-09-14T05:00,22.6,99,3252.14
2024-09-14T06:00,24.0,87,3423.73
2024-09-14T07:00,24.8,84,3570.99
2024-09-14T08:00,25.8,81,3647.56
2024-09-14T09:00,26.7,78,3897.45
2024-09-14T10:00,27.8,76,4236.21
2024-09-14T11:00,28.6,75,4420.52
2024-09-14T12:00,29.6,72,4548.36
2024-09-14T13:00,29.9,69,4482.95
2024-09-14T14:00,29.7,66,4549.51
2024-09-14T15:00,29.4,67,4594.99
2024-09-14T16:00,29.1,70,4586.0
2024-09-14T17:00,28.4,76,4601.52
2024-09-14T18:00,28.5,76,4605.22
2024-09-14T19:00,24.4,92,4596.37
2024-09-14T20:00,24.2,92,4423.38
2024-09-14T21:00,24.1,93,4271.02
2024-09-14T22:00,24.1,89,4268.66
2024-09-15T00:00,23.2,94,4030.09
2024-09-15T01:00,23.3,93,3879.75
2024-09-15T02:00,23.2,94,3758.49
2024-09-15T03:00,22.7,96,3654.44
2024-09-15T04:00,22.7,95,3619.02
2024-09-15T05:00,22.5,96,3606.63
2024-09-15T06:00,24.1,88,3674.95
2024-09-15T07:00,24.8,84,3751.97
2024-09-15T08:00,26.0,78,3801.2
2024-09-15T09:00,27.4,72,3904.34
2024-09-15T10:00,28.6,69,4133.08
2024-09-15T11:00,29.7,66,4312.5
2024-09-15T12:00,30.5,64,4393.25
2024-09-15T13:00,31.0,62,4314.07
2024-09-15T14:00,31.2,60,4422.31
2024-09-15T15:00,30.9,61,4438.55
2024-09-15T16:00,30.5,64,4400.04
2024-09-15T17:00,29.6,68,4402.08
2024-09-15T18:00,25.9,80,4523.17
2024-09-15T19:00,25.2,87,4603.05
2024-09-15T20:00,25.0,85,4527.93
2024-09-15T21:00,25.4,81,4479.05
2024-09-15T22:00,25.4,82,4501.78
2024-09-16T00:00,24.5,88,4272.93
2024-09-16T01:00,24.3,88,4062.28
2024-09-16T02:00,24.2,85,3864.32
2024-09-16T03:00,24.2,82,3718.62
2024-09-16T04:00,24.2,78,3654.74
2024-09-16T05:00,23.7,78,3693.36
2024-09-16T06:00,24.2,81,3754.47
2024-09-16T07:00,25.0,79,3853.96
2024-09-16T08:00,26.4,75,3917.86
2024-09-16T09:00,28.0,70,4218.26
2024-09-16T10:00,29.4,65,4577.02
2024-09-16T11:00,30.5,62,4757.27
2024-09-16T12:00,31.5,56,4859.27
2024-09-16T13:00,31.8,54,4748.68
2024-09-16T14:00,32.1,53,4906.85
2024-09-16T15:00,32.1,53,4987.46
2024-09-16T16:00,31.5,59,4926.07
2024-09-16T17:00,30.3,66,4911.85
2024-09-16T18:00,27.9,70,4939.31
2024-09-16T19:00,26.8,75,5000.04
2024-09-16T20:00,25.9,79,4892.81
2024-09-16T21:00,25.1,82,4875.37
2024-09-16T22:00,25.2,80,4957.04
2024-09-17T00:00,24.3,84,4694.85
2024-09-17T01:00,24.0,86,4405.39
2024-09-17T02:00,24.4,83,4168.11
2024-09-17T03:00,24.3,83,4032.52
2024-09-17T04:00,23.9,85,3932.46
2024-09-17T05:00,24.0,82,3948.93
2024-09-17T06:00,24.2,82,4122.45
2024-09-17T07:00,24.9,82,4185.4
2024-09-17T08:00,26.4,78,4261.88
2024-09-17T09:00,28.1,74,4560.04
2024-09-17T10:00,29.5,67,4924.51
2024-09-17T11:00,30.3,63,5106.11
2024-09-17T12:00,30.5,63,5231.66
2024-09-17T13:00,31.3,61,5186.95
2024-09-17T14:00,31.5,60,5427.15
2024-09-17T15:00,31.5,59,5420.89
2024-09-17T16:00,31.3,60,5391.39
2024-09-17T17:00,30.2,70,5296.38
2024-09-17T18:00,30.3,63,5182.73
2024-09-17T19:00,28.0,78,5023.28
2024-09-17T20:00,27.9,78,4810.55
2024-09-17T21:00,27.9,76,4803.03
2024-09-17T22:00,28.0,75,4969.69
2024-09-18T00:00,25.9,86,4719.51
2024-09-18T01:00,25.4,88,4424.98
2024-09-18T02:00,24.8,91,4186.19
2024-09-18T03:00,24.9,90,4019.48
2024-09-18T04:00,24.7,91,3917.7
2024-09-18T05:00,24.3,92,3932.69
2024-09-18T06:00,25.3,93,4069.66
2024-09-18T07:00,25.6,92,4139.82
2024-09-18T08:00,26.2,88,4271.6
2024-09-18T09:00,27.1,84,4690.41
2024-09-18T10:00,27.7,77,5063.42
2024-09-18T11:00,27.5,69,5109.27
2024-09-18T12:00,26.5,69,5015.18
2024-09-18T13:00,25.8,75,4762.12
2024-09-18T14:00,25.7,76,4784.55
2024-09-18T15:00,24.8,82,4780.92
2024-09-18T16:00,24.2,90,4720.77
2024-09-18T17:00,24.0,90,4742.05
2024-09-18T18:00,23.7,89,4730.44
2024-09-18T19:00,23.3,90,4613.65
2024-09-18T20:00,22.9,89,4305.3
2024-09-18T21:00,22.8,91,4096.48
2024-09-18T22:00,23.0,92,4045.12
2024-09-19T00:00,22.8,94,3703.54
2024-09-19T01:00,22.9,93,3561.99
2024-09-19T02:00,23.0,93,3432.08
2024-09-19T03:00,23.0,94,3329.34
2024-09-19T04:00,23.0,95,3297.93
2024-09-19T05:00,23.1,96,3409.32
2024-09-19T06:00,23.5,96,3665.38
2024-09-19T07:00,24.8,91,3798.48
2024-09-19T08:00,26.1,85,3907.57
2024-09-19T09:00,27.3,82,4251.51
2024-09-19T10:00,28.5,78,4613.88
2024-09-19T11:00,28.9,74,4739.99
2024-09-19T12:00,28.9,75,4816.11
2024-09-19T13:00,29.4,75,4697.98
2024-09-19T14:00,29.6,73,4874.74
2024-09-19T15:00,29.8,70,4958.88
2024-09-19T16:00,29.8,70,4943.91
2024-09-19T17:00,29.3,73,4944.35
2024-09-19T18:00,27.1,85,4974.26
2024-09-19T19:00,26.7,87,4922.31
2024-09-19T20:00,26.3,90,4715.62
2024-09-19T21:00,25.8,93,4559.72
2024-09-19T22:00,25.4,94,4550.11
2024-09-20T00:00,24.3,96,4187.34
2024-09-20T01:00,24.3,96,3942.85
2024-09-20T02:00,24.3,97,3766.15
2024-09-20T03:00,24.4,98,3641.86
2024-09-20T04:00,24.2,98,3586.26
2024-09-20T05:00,24.2,98,3655.11
2024-09-20T06:00,24.0,99,3901.26
2024-09-20T07:00,25.5,93,4034.62
2024-09-20T08:00,27.3,79,4164.31
2024-09-20T09:00,28.4,73,4538.7
2024-09-20T10:00,29.4,69,4927.58
2024-09-20T11:00,30.1,66,5072.14
2024-09-20T12:00,30.8,63,5143.72
2024-09-20T13:00,31.1,59,5010.03
2024-09-20T14:00,31.1,58,5228.3
2024-09-20T15:00,31.1,59,5367.72
2024-09-20T16:00,30.8,61,5328.12
2024-09-20T17:00,29.7,70,5241.22
2024-09-20T18:00,27.9,78,5226.76
2024-09-20T19:00,26.9,81,5223.31
2024-09-20T20:00,26.3,83,5015.31
2024-09-20T21:00,26.0,84,4925.25
2024-09-20T22:00,25.8,85,4997.01
2024-09-21T00:00,25.1,88,4687.75
2024-09-21T01:00,24.8,90,4423.2
2024-09-21T02:00,24.8,90,4221.34
2024-09-21T03:00,24.9,90,4050.95
2024-09-21T04:00,24.8,94,3953.36
2024-09-21T05:00,25.0,91,3989.75
2024-09-21T06:00,25.5,89,4117.19
2024-09-21T07:00,26.2,89,4154.2
2024-09-21T08:00,27.5,83,4199.23
2024-09-21T09:00,28.9,76,4453.63
2024-09-21T10:00,30.0,71,4811.37
2024-09-21T11:00,30.8,67,5041.46
2024-09-21T12:00,31.2,65,5156.97
2024-09-21T13:00,31.5,64,5113.31
2024-09-21T14:00,31.6,62,5274.29
2024-09-21T15:00,31.6,62,5342.93
2024-09-21T16:00,31.5,63,5288.2
2024-09-21T17:00,30.6,73,5204.88
2024-09-21T18:00,28.5,82,5208.5
2024-09-21T19:00,27.8,81,5288.62
2024-09-21T20:00,27.1,82,5185.29
2024-09-21T21:00,26.7,84,5198.5
2024-09-21T22:00,26.6,83,5339.84
2024-09-22T00:00,26.2,83,5111.8
2024-09-22T01:00,26.0,84,4788.77
2024-09-22T02:00,25.3,88,4560.81
2024-09-22T03:00,25.6,87,4366.95
2024-09-22T04:00,26.3,83,4241.82
2024-09-22T05:00,26.4,83,4180.9
2024-09-22T06:00,26.0,89,4154.35
2024-09-22T07:00,27.3,86,4146.92
2024-09-22T08:00,29.0,80,4148.4
2024-09-22T09:00,30.1,76,4333.89
2024-09-22T10:00,31.2,70,4708.19
2024-09-22T11:00,31.9,66,4918.73
2024-09-22T12:00,32.5,64,5075.81
2024-09-22T13:00,32.8,62,5093.78
2024-09-22T14:00,33.1,60,5283.49
2024-09-22T15:00,33.0,59,5339.7
2024-09-22T16:00,32.8,60,5236.78
2024-09-22T17:00,31.7,72,5141.71
2024-09-22T18:00,30.0,78,5183.79
2024-09-22T19:00,29.1,80,5322.11
2024-09-22T20:00,28.4,82,5369.08
2024-09-22T21:00,28.0,83,5489.87
2024-09-22T22:00,27.4,86,5648.51
2024-09-23T00:00,26.1,92,5341.19
2024-09-23T01:00,25.8,92,5044.33
2024-09-23T02:00,26.0,90,4803.08
2024-09-23T03:00,25.6,92,4578.84
2024-09-23T04:00,25.3,93,4446.48
2024-09-23T05:00,25.1,93,4354.37
2024-09-23T06:00,25.5,92,4428.8
2024-09-23T07:00,26.9,88,4516.12
2024-09-23T08:00,28.7,80,4644.23
2024-09-23T09:00,30.3,73,5055.5
2024-09-23T10:00,31.5,67,5449.42
2024-09-23T11:00,32.3,65,5632.88
2024-09-23T12:00,32.9,63,5772.94
2024-09-23T13:00,33.2,62,5827.55
2024-09-23T14:00,33.3,61,6176.72
2024-09-23T15:00,33.2,61,6361.65
2024-09-23T16:00,32.8,62,6183.4
2024-09-23T17:00,31.6,69,6013.62
2024-09-23T18:00,29.9,73,5868.81
2024-09-23T19:00,28.9,78,5909.19
2024-09-23T20:00,28.3,81,5903.76
2024-09-23T21:00,27.5,85,6087.46
2024-09-23T22:00,27.3,83,6287.11
2024-09-23T23:00,26.8,85,6283.59
2024-09-24T00:00,26.2,89,5906.33
2024-09-24T01:00,25.9,90,5547.37
2024-09-24T02:00,25.9,88,5235.27
2024-09-24T03:00,25.8,89,5014.86
2024-09-24T04:00,25.5,91,4840.82
2024-09-24T05:00,25.2,93,4766.94
2024-09-24T06:00,26.1,91,4809.81
2024-09-24T07:00,27.6,87,4841.12
2024-09-24T08:00,29.5,78,4961.05
2024-09-24T09:00,30.9,71,5378.07
2024-09-24T10:00,31.7,66,5875.08
2024-09-24T11:00,32.4,63,6031.69
2024-09-24T12:00,32.9,61,6123.97
2024-09-24T13:00,33.3,59,5977.02
2024-09-24T14:00,33.6,56,6320.59
2024-09-24T15:00,33.5,56,6690.53
2024-09-24T16:00,33.2,58,6531.0
2024-09-24T17:00,32.0,71,6218.15
2024-09-24T18:00,30.1,81,6141.29
2024-09-24T19:00,29.3,83,6227.96
2024-09-24T20:00,29.1,81,6211.15
2024-09-24T21:00,28.7,82,6244.92
2024-09-24T22:00,28.2,83,6552.64
2024-09-25T00:00,27.6,85,6171.37
2024-09-25T01:00,27.4,87,5836.44
2024-09-25T02:00,26.9,90,5556.01
2024-09-25T03:00,26.8,92,5302.31
2024-09-25T04:00,26.7,91,5116.78
2024-09-25T05:00,26.4,93,4987.72
2024-09-25T06:00,26.9,93,4946.58
2024-09-25T07:00,27.9,91,4952.15
2024-09-25T08:00,29.2,86,5082.43
2024-09-25T09:00,30.4,79,5467.17
2024-09-25T10:00,31.5,74,5875.88
2024-09-25T11:00,32.4,66,6023.9
2024-09-25T12:00,33.0,63,6187.14
2024-09-25T13:00,32.8,62,6346.12
2024-09-25T14:00,31.6,68,6542.78
2024-09-25T15:00,31.0,75,6648.31
2024-09-25T16:00,31.1,75,6363.94
2024-09-25T17:00,30.5,77,6093.45
2024-09-25T18:00,28.9,79,5925.23
2024-09-25T19:00,28.4,82,6046.37
2024-09-25T20:00,28.0,85,5955.94
2024-09-25T21:00,27.5,87,6022.19
2024-09-25T22:00,26.9,87,6185.04
2024-09-26T00:00,26.1,90,5772.19
2024-09-26T01:00,25.9,91,5458.28
2024-09-26T02:00,25.7,93,5216.66
2024-09-26T03:00,25.5,94,5000.05
2024-09-26T04:00,25.4,95,4839.25
2024-09-26T05:00,25.3,96,4771.72
2024-09-26T06:00,25.6,91,4658.4
2024-09-26T07:00,26.2,90,4625.18
2024-09-26T08:00,27.3,85,4714.23
2024-09-26T09:00,27.9,84,5120.08
2024-09-26T10:00,29.0,79,5584.29
2024-09-26T11:00,29.9,74,5850.48
2024-09-26T12:00,30.8,71,5955.73
2024-09-26T13:00,31.0,70,5842.0
2024-09-26T14:00,31.4,66,6116.13
2024-09-26T15:00,31.3,66,6238.94
2024-09-26T16:00,30.5,68,6148.49
2024-09-26T17:00,29.8,74,5956.81
2024-09-26T18:00,28.6,78,5853.33
2024-09-26T19:00,28.2,79,5868.9
2024-09-26T20:00,27.7,81,5771.92
2024-09-26T21:00,27.5,81,5837.04
2024-09-26T22:00,27.3,82,6039.7
2024-09-27T00:00,26.4,85,5767.85
2024-09-27T01:00,26.1,86,5464.42
2024-09-27T02:00,25.7,88,5196.98
2024-09-27T03:00,25.4,89,4966.44
2024-09-27T04:00,25.2,89,4798.48
2024-09-27T05:00,25.0,88,4723.86
2024-09-27T06:00,25.4,88,4762.76
2024-09-27T07:00,25.9,84,4766.23
2024-09-27T08:00,26.6,81,4725.64
2024-09-27T09:00,27.8,78,4958.66
2024-09-27T10:00,29.1,71,5353.98
2024-09-27T11:00,29.5,69,5526.76
2024-09-27T12:00,30.0,68,5713.05
2024-09-27T13:00,30.8,65,5659.82
2024-09-27T14:00,30.9,65,5867.34
2024-09-27T15:00,30.7,64,5998.8
2024-09-27T16:00,29.3,73,5917.21
2024-09-27T17:00,28.9,75,5758.9
2024-09-27T18:00,27.6,79,5695.55
2024-09-27T19:00,26.9,83,5637.77
2024-09-27T20:00,26.3,86,5450.72
2024-09-27T21:00,25.9,88,5384.48
2024-09-27T22:00,25.4,86,5416.07
2024-09-28T00:00,24.4,86,5163.4
2024-09-28T01:00,24.0,88,4884.28
2024-09-28T02:00,23.6,91,4661.58
2024-09-28T03:00,23.3,93,4460.23
2024-09-28T04:00,23.2,94,4326.65
2024-09-28T05:00,23.1,95,4276.44
2024-09-28T06:00,23.2,95,4244.24
2024-09-28T07:00,24.2,91,4250.17
2024-09-28T08:00,25.3,86,4264.66
2024-09-28T09:00,26.6,81,4439.49
2024-09-28T10:00,28.2,73,4730.58
2024-09-28T11:00,29.0,71,4929.53
2024-09-28T12:00,30.0,65,5059.76
2024-09-28T13:00,30.2,64,4999.25
2024-09-28T14:00,30.5,63,5157.53
2024-09-28T15:00,30.4,63,5317.34
2024-09-28T16:00,29.9,65,5261.24
2024-09-28T17:00,29.1,71,5176.05
2024-09-28T18:00,27.0,79,5207.49
2024-09-28T19:00,26.1,84,5210.21
2024-09-28T20:00,25.6,86,5098.38
2024-09-28T21:00,25.3,87,5086.79
2024-09-28T22:00,24.9,89,5182.34
2024-09-29T00:00,23.8,93,5067.33
2024-09-29T01:00,23.5,93,4808.03
2024-09-29T02:00,23.2,94,4600.56
2024-09-29T03:00,23.0,96,4403.5
2024-09-29T04:00,22.9,97,4266.11
2024-09-29T05:00,22.6,98,4208.02
2024-09-29T06:00,23.3,96,4164.33
2024-09-29T07:00,24.2,93,4150.93
2024-09-29T08:00,25.6,85,4122.36
2024-09-29T09:00,27.1,78,4225.71
2024-09-29T10:00,27.8,75,4435.08
2024-09-29T11:00,28.6,72,4626.62
2024-09-29T12:00,29.2,70,4759.1
2024-09-29T13:00,30.3,65,4749.8
2024-09-29T14:00,30.7,64,4932.36
2024-09-29T15:00,30.5,64,4977.56
2024-09-29T16:00,30.3,65,4926.16
2024-09-29T17:00,29.3,72,4845.33
2024-09-29T18:00,28.0,80,4931.86
2024-09-29T19:00,27.1,85,5030.28
2024-09-29T20:00,26.2,89,5046.94
2024-09-29T21:00,25.8,89,5136.13
2024-09-29T22:00,25.3,91,5343.14
2024-09-30T00:00,25.4,88,5195.79
2024-09-30T01:00,24.5,91,4915.04
2024-09-30T02:00,24.5,91,4698.82
2024-09-30T03:00,24.2,92,4505.18
2024-09-30T04:00,23.8,94,4387.95
2024-09-30T05:00,23.5,95,4359.53
2024-09-30T06:00,24.1,94,4456.25
2024-09-30T07:00,25.4,91,4490.66
2024-09-30T08:00,27.3,83,4582.61
2024-09-30T09:00,29.0,74,4956.37
2024-09-30T10:00,30.2,67,5328.35
2024-09-30T11:00,31.1,62,5502.14
2024-09-30T12:00,31.9,58,5667.51
2024-09-30T13:00,32.4,54,5532.23
2024-09-30T14:00,32.7,54,5729.78
2024-09-30T15:00,32.4,55,5849.39
2024-09-30T16:00,31.9,60,5746.74
2024-09-30T17:00,30.4,68,5599.86
2024-09-30T18:00,28.1,77,5556.8
2024-09-30T19:00,27.7,80,5545.43
2024-09-30T20:00,27.8,77,5440.42
2024-09-30T21:00,26.5,83,5474.19
2024-09-30T22:00,25.9,85,5644.35
2024-10-01T00:00,25.1,89,5408.66
2024-10-01T01:00,24.8,91,5098.86
2024-10-01T02:00,24.6,92,4860.9
2024-10-01T03:00,24.3,94,4612.75
2024-10-01T04:00,24.2,93,4390.99
2024-10-01T05:00,24.0,93,4354.71
2024-10-01T06:00,24.4,91,4428.18
2024-10-01T07:00,25.6,87,4454.18
2024-10-01T08:00,27.4,80,4518.41
2024-10-01T09:00,29.2,73,4890.13
2024-10-01T10:00,30.4,66,5267.15
2024-10-01T11:00,31.5,61,5409.6
2024-10-01T12:00,32.3,59,5541.76
2024-10-01T13:00,32.9,58,5568.68
2024-10-01T14:00,33.1,58,5856.4
2024-10-01T15:00,33.2,57,5998.5
2024-10-01T16:00,32.8,60,5877.93
2024-10-01T17:00,31.3,67,5735.26
2024-10-01T18:00,28.9,76,5664.91
2024-10-01T19:00,28.4,78,5667.93
2024-10-01T20:00,29.8,69,5555.83
2024-10-01T21:00,29.1,72,5642.7
2024-10-01T22:00,26.4,85,5866.33
2024-10-02T00:00,25.7,87,5655.75
2024-10-02T01:00,24.9,92,5310.92
2024-10-02T02:00,24.9,91,5031.19
2024-10-02T03:00,24.7,92,4792.67
2024-10-02T04:00,24.8,91,4590.14
2024-10-02T05:00,24.8,89,4476.21
2024-10-02T06:00,25.8,87,4383.07
2024-10-02T07:00,26.9,85,4263.22
2024-10-02T08:00,28.7,80,4084.09
2024-10-02T09:00,30.3,73,4053.38
2024-10-02T10:00,31.8,63,4266.78
2024-10-02T11:00,33.0,57,4459.88
2024-10-02T12:00,33.8,52,4585.7
2024-10-02T13:00,34.3,49,4645.58
2024-10-02T14:00,34.6,47,4785.84
2024-10-02T15:00,34.5,47,4872.44
2024-10-02T16:00,33.6,53,4752.66
2024-10-02T17:00,31.4,63,4635.66
2024-10-02T18:00,28.9,74,4722.65
2024-10-02T19:00,28.7,73,4951.73
2024-10-02T20:00,28.0,74,5113.14
2024-10-02T21:00,27.5,72,5397.9
2024-10-02T22:00,26.7,75,5658.76
2024-10-03T00:00,26.1,75,5518.57
2024-10-03T01:00,25.2,79,5184.18
2024-10-03T02:00,24.6,83,4906.58
2024-10-03T03:00,24.5,83,4660.98
2024-10-03T04:00,24.5,81,4470.11
2024-10-03T05:00,24.9,70,4388.47
2024-10-03T06:00,25.9,59,4418.66
2024-10-03T07:00,26.3,63,4344.01
2024-10-03T08:00,28.0,64,4382.26
2024-10-03T09:00,29.8,59,4749.93
2024-10-03T10:00,31.2,55,5150.91
2024-10-03T11:00,32.3,52,5341.1
2024-10-03T12:00,33.1,49,5535.24
2024-10-03T13:00,33.7,47,5490.99
2024-10-03T14:00,33.9,47,5820.02
2024-10-03T15:00,33.8,47,6090.85
2024-10-03T16:00,33.0,55,5991.06
2024-10-03T17:00,30.6,74,5789.56
2024-10-03T18:00,29.5,67,5720.29
2024-10-03T19:00,27.4,76,5644.01
2024-10-03T20:00,27.1,77,5541.82
2024-10-03T21:00,28.7,69,5612.09
2024-10-03T22:00,26.3,77,5826.25
2024-10-04T00:00,25.1,81,5614.22
2024-10-04T01:00,25.1,81,5243.5
2024-10-04T02:00,24.4,84,4943.48
2024-10-04T03:00,24.7,82,4697.63
2024-10-04T04:00,24.5,82,4517.43
2024-10-04T05:00,23.8,82,4460.24
2024-10-04T06:00,25.6,61,4510.97
2024-10-04T07:00,25.8,64,4421.64
2024-10-04T08:00,27.5,62,4435.06
2024-10-04T09:00,29.1,56,4779.04
2024-10-04T10:00,30.6,54,5285.23
2024-10-04T11:00,31.7,53,5393.74
2024-10-04T12:00,32.7,52,5626.69
2024-10-04T13:00,33.2,51,5610.56
2024-10-04T14:00,33.5,51,5964.97
2024-10-04T15:00,33.4,52,6011.14
2024-10-04T16:00,32.8,57,5924.74
2024-10-04T17:00,30.9,75,5794.24
2024-10-04T18:00,29.1,72,5860.72
2024-10-04T19:00,30.0,65,5813.92
2024-10-04T20:00,28.3,73,5680.56
2024-10-04T21:00,26.4,82,5723.69
2024-10-04T22:00,26.5,79,5920.36
2024-10-05T00:00,25.9,81,5711.23
2024-10-05T01:00,25.5,83,5375.52
2024-10-05T02:00,24.7,86,5087.92
2024-10-05T03:00,24.4,87,4830.08
2024-10-05T04:00,24.2,82,4636.41
2024-10-05T05:00,24.3,75,4437.14
2024-10-05T06:00,25.4,68,4413.52
2024-10-05T07:00,26.1,68,4360.9
2024-10-05T08:00,27.4,67,4322.96
2024-10-05T09:00,28.9,65,4582.09
2024-10-05T10:00,30.3,62,5064.13
2024-10-05T11:00,31.6,58,5232.36
2024-10-05T12:00,32.6,54,5388.05
2024-10-05T13:00,33.3,51,5376.09
2024-10-05T14:00,33.5,49,5661.32
2024-10-05T15:00,33.6,48,5809.92
2024-10-06T00:00,26.2,69,5601.78
2024-10-06T01:00,25.7,71,5307.84
2024-10-06T02:00,25.1,72,4994.03
2024-10-06T03:00,24.7,72,4749.13
2024-10-06T04:00,24.2,74,4560.63
2024-10-06T05:00,23.7,75,4463.24
2024-10-06T06:00,23.8,81,4305.35
2024-10-06T07:00,25.1,78,4196.04
2024-10-06T08:00,27.3,72,4149.42
2024-10-06T09:00,29.2,65,4331.3
2024-10-06T10:00,30.8,59,4612.74
2024-10-06T11:00,31.9,55,4768.76
2024-10-06T12:00,32.8,49,4901.2
2024-10-06T13:00,33.4,45,4813.43
2024-10-06T14:00,33.6,42,4990.59
2024-10-06T15:00,32.6,43,5095.14
2024-10-06T16:00,31.2,51,5026.46
2024-10-06T17:00,29.5,60,4920.26
2024-10-06T18:00,28.6,62,5005.91
2024-10-06T19:00,27.1,68,5069.69
2024-10-06T20:00,25.8,75,5076.85
2024-10-06T21:00,25.3,77,5212.22
2024-10-06T22:00,24.8,78,5437.86
2024-10-06T23:00,24.7,77,5491.02
2024-10-07T00:00,24.7,77,5260.0
2024-10-07T01:00,24.0,80,4959.56
2024-10-07T02:00,23.2,83,4711.35
2024-10-07T03:00,22.8,86,4484.2
2024-10-07T04:00,21.9,90,4320.63
2024-10-07T05:00,21.9,90,4269.91
2024-10-07T06:00,22.9,88,4319.44
2024-10-07T07:00,24.2,84,4299.62
2024-10-07T08:00,26.1,76,4352.21
2024-10-07T09:00,27.7,69,4706.34
2024-10-07T10:00,29.2,63,5078.74
2024-10-07T11:00,30.6,56,5221.98
2024-10-07T12:00,31.6,52,5325.05
2024-10-07T13:00,32.2,49,5220.62
2024-10-07T14:00,32.4,48,5489.36
2024-10-07T15:00,32.2,48,5635.45
2024-10-07T16:00,31.6,51,5560.73
2024-10-07T17:00,29.4,63,5442.48
2024-10-07T18:00,27.1,68,5417.97
2024-10-07T19:00,26.1,73,5331.73
2024-10-07T20:00,25.5,76,5166.33
2024-10-07T21:00,25.1,76,5185.49
2024-10-07T22:00,25.0,75,5346.31
2024-10-08T00:00,23.0,88,5217.97
2024-10-08T01:00,23.8,84,4910.32
2024-10-08T02:00,23.3,87,4642.89
2024-10-08T03:00,22.4,91,4396.5
2024-10-08T04:00,23.7,86,4236.82
2024-10-08T05:00,22.2,92,4181.84
2024-10-08T06:00,23.1,91,4254.5
2024-10-08T07:00,24.4,85,4236.66
2024-10-08T08:00,26.6,78,4270.11
2024-10-08T09:00,28.5,72,4675.87
2024-10-08T10:00,30.1,62,5129.96
2024-10-08T11:00,31.1,55,5273.34
2024-10-08T12:00,31.9,50,5314.28
2024-10-08T13:00,32.3,47,5124.28
2024-10-08T14:00,32.5,44,5421.96
2024-10-08T15:00,32.2,45,5579.92
2024-10-08T16:00,31.5,48,5432.92
2024-10-08T17:00,29.6,56,5306.36
2024-10-08T18:00,27.8,61,5346.79
2024-10-08T19:00,27.0,64,5231.08
2024-10-08T20:00,25.6,71,5030.78
2024-10-08T21:00,24.6,77,4980.85
2024-10-08T22:00,25.1,74,5106.95
2024-10-09T00:00,25.5,69,4999.16
2024-10-09T01:00,24.1,75,4697.01
2024-10-09T02:00,22.3,83,4425.62
2024-10-09T03:00,21.5,86,4195.06
2024-10-09T04:00,21.0,89,4031.38
2024-10-09T05:00,20.6,89,3986.13
2024-10-09T06:00,21.9,83,4058.16
2024-10-09T07:00,23.4,79,4073.42
2024-10-09T08:00,25.7,71,4153.63
2024-10-09T09:00,27.7,63,4544.8
2024-10-09T10:00,29.5,55,4969.61
2024-10-09T11:00,30.7,49,5094.32
2024-10-09T12:00,31.5,46,5166.09
2024-10-09T13:00,32.0,45,5014.36
2024-10-09T14:00,32.2,43,5239.39
2024-10-09T15:00,31.9,42,5391.47
2024-10-09T16:00,31.1,45,5340.26
2024-10-09T17:00,29.4,50,5268.66
2024-10-09T18:00,27.3,60,5298.82
2024-10-09T19:00,25.9,69,5165.09
2024-10-09T20:00,25.9,69,4913.6
2024-10-09T21:00,26.7,63,4848.52
2024-10-09T22:00,24.5,72,4958.33
2024-10-10T00:00,23.5,74,4887.12
2024-10-10T01:00,23.2,76,4582.44
2024-10-10T02:00,23.4,76,4327.06
2024-10-10T03:00,22.9,79,4100.85
2024-10-10T04:00,21.9,82,3951.82
2024-10-10T05:00,21.0,83,3897.12
2024-10-10T06:00,22.3,77,3956.33
2024-10-10T07:00,23.4,76,3979.38
2024-10-10T08:00,25.4,68,4050.91
2024-10-10T09:00,27.3,59,4503.76
2024-10-10T10:00,29.0,53,4934.23
2024-10-10T11:00,30.5,46,5090.43
2024-10-10T12:00,31.6,41,5143.01
2024-10-10T13:00,32.1,38,4961.29
2024-10-10T14:00,32.3,36,5140.58
2024-10-10T15:00,32.1,35,5281.68
2024-10-10T16:00,31.2,38,5227.59
2024-10-10T17:00,28.9,45,5174.09
2024-10-10T18:00,26.4,52,5095.46
2024-10-10T19:00,25.5,58,4916.93
2024-10-10T20:00,24.7,62,4632.37
2024-10-10T21:00,23.8,62,4551.24
2024-10-10T22:00,23.3,63,4620.47
2024-10-11T00:00,22.2,67,4515.23
2024-10-11T01:00,21.5,67,4272.76
2024-10-11T02:00,20.7,66,4045.43
2024-10-11T03:00,20.1,67,3851.97
2024-10-11T04:00,19.4,69,3748.66
2024-10-11T05:00,19.1,69,3778.46
2024-10-11T06:00,19.4,72,3887.1
2024-10-11T07:00,21.0,68,3918.95
2024-10-11T08:00,23.7,62,4023.25
2024-10-11T09:00,26.5,54,4336.95
2024-10-11T10:00,28.7,48,4731.87
2024-10-11T11:00,30.3,41,4882.48
2024-10-11T12:00,31.2,37,4936.33
2024-10-11T13:00,31.6,36,4732.66
2024-10-11T14:00,31.7,36,4922.91
2024-10-11T15:00,31.3,37,5005.08
2024-10-11T16:00,30.6,40,4908.9
2024-10-11T17:00,27.9,51,4900.74
2024-10-11T18:00,25.8,54,4960.26
2024-10-11T19:00,24.4,61,4749.43
2024-10-11T20:00,24.4,61,4430.31
2024-10-11T21:00,23.7,61,4249.23
2024-10-11T22:00,23.1,64,4275.21
2024-10-12T00:00,21.8,71,4201.95
2024-10-12T01:00,20.7,78,4011.4
2024-10-12T02:00,20.3,80,3809.77
2024-10-12T03:00,20.0,80,3632.43
2024-10-12T04:00,19.5,81,3528.94
2024-10-12T05:00,19.1,82,3507.74
2024-10-12T06:00,19.6,83,3535.89
2024-10-12T07:00,21.5,76,3522.79
2024-10-12T08:00,24.5,69,3466.82
2024-10-12T09:00,27.3,57,3558.66
2024-10-12T10:00,29.3,48,3837.42
2024-10-12T11:00,30.5,43,3975.92
2024-10-12T12:00,31.2,40,4032.92
2024-10-12T13:00,31.7,37,3926.36
2024-10-12T14:00,32.0,35,3989.93
2024-10-12T15:00,31.8,35,3997.66
2024-10-12T16:00,31.0,40,3833.1
2024-10-12T17:00,28.1,54,3709.52
2024-10-12T18:00,27.6,49,3742.01
2024-10-12T19:00,25.8,59,3624.66
2024-10-12T20:00,24.4,66,3597.43
2024-10-12T21:00,24.2,66,3724.4
2024-10-12T22:00,22.7,71,3809.59
2024-10-13T00:00,22.5,69,3803.07
2024-10-13T01:00,22.1,71,3620.37
2024-10-13T02:00,22.0,70,3449.96
2024-10-13T03:00,21.3,72,3294.45
2024-10-13T04:00,20.7,76,3201.54
2024-10-13T05:00,20.1,78,3189.04
2024-10-13T06:00,19.7,84,3205.78
2024-10-13T07:00,21.8,77,3230.49
2024-10-13T08:00,25.0,68,3273.61
2024-10-13T09:00,27.7,56,3538.66
2024-10-13T10:00,29.5,45,3882.56
2024-10-13T11:00,30.7,38,4057.22
2024-10-13T12:00,31.5,34,4130.9
2024-10-13T13:00,31.9,32,3984.39
2024-10-13T14:00,32.1,31,4072.45
2024-10-13T15:00,31.8,32,4092.65
2024-10-13T16:00,30.9,37,4000.92
2024-10-13T17:00,28.0,56,4010.83
2024-10-13T18:00,27.8,43,4264.45
2024-10-13T19:00,27.0,49,4208.06
2024-10-13T20:00,25.9,54,4020.8
2024-10-13T21:00,25.7,56,3981.72
2024-10-13T22:00,24.3,65,4045.65
2024-10-14T00:00,22.8,68,3902.24
2024-10-14T01:00,22.2,68,3678.97
2024-10-14T02:00,21.9,69,3487.83
2024-10-14T03:00,21.5,69,3344.29
2024-10-14T04:00,21.1,70,3254.92
2024-10-14T05:00,21.2,69,3337.05
2024-10-14T06:00,20.5,79,3599.55
2024-10-14T07:00,22.1,76,3637.16
2024-10-14T08:00,24.4,69,3683.17
2024-10-14T09:00,26.8,59,4066.19
2024-10-14T10:00,28.7,51,4471.51
2024-10-14T11:00,30.2,42,4605.95
2024-10-14T12:00,31.1,36,4650.75
2024-10-14T13:00,31.7,34,4434.5
2024-10-14T14:00,31.8,32,4570.96
2024-10-14T15:00,31.4,34,4623.28
2024-10-14T16:00,30.3,38,4575.22
2024-10-14T17:00,27.7,46,4565.57
2024-10-14T18:00,26.5,47,4615.03
2024-10-14T19:00,24.4,57,4457.41
2024-10-14T20:00,26.5,47,4200.32
2024-10-14T21:00,25.6,50,4045.09
2024-10-14T22:00,23.4,59,4042.26
2024-10-15T00:00,22.4,62,3779.7
2024-10-15T01:00,22.0,62,3562.92
2024-10-15T02:00,21.0,66,3380.05
2024-10-15T03:00,20.4,68,3229.95
2024-10-15T04:00,19.9,70,3153.34
2024-10-15T05:00,19.4,70,3233.05
2024-10-15T06:00,19.7,74,3537.9
2024-10-15T07:00,21.1,71,3601.54
2024-10-15T08:00,23.9,64,3621.78
2024-10-15T09:00,26.5,56,3965.53
2024-10-15T10:00,28.6,48,4344.95
2024-10-15T11:00,30.0,44,4465.86
2024-10-15T12:00,30.9,42,4505.42
2024-10-15T13:00,31.6,39,4311.08
2024-10-15T14:00,31.9,36,4507.89
2024-10-15T15:00,31.7,35,4635.6
2024-10-15T16:00,30.9,39,4574.37
2024-10-15T17:00,27.9,50,4589.42
2024-10-15T18:00,25.6,56,4661.74
2024-10-15T19:00,25.3,58,4518.26
2024-10-15T20:00,24.2,62,4225.86
2024-10-15T21:00,23.9,60,4091.35
2024-10-15T22:00,23.1,63,4079.43
2024-10-16T00:00,21.4,70,3781.83
2024-10-16T01:00,20.3,74,3550.48
2024-10-16T02:00,20.6,70,3374.24
2024-10-16T03:00,19.8,70,3240.17
2024-10-16T04:00,19.7,70,3174.93
2024-10-16T05:00,19.6,69,3282.96
2024-10-16T06:00,20.2,71,3581.88
2024-10-16T07:00,21.8,69,3637.42
2024-10-16T08:00,24.7,63,3689.3
2024-10-16T09:00,27.4,54,4053.4
2024-10-16T10:00,29.5,46,4468.66
2024-10-16T11:00,30.9,41,4599.85
2024-10-16T12:00,31.7,37,4620.38
2024-10-16T13:00,32.0,35,4375.49
2024-10-16T14:00,32.4,34,4569.63
2024-10-16T15:00,31.9,35,4669.8
2024-10-16T16:00,30.8,45,4620.02
2024-10-16T17:00,28.1,58,4688.39
2024-10-16T18:00,28.4,52,4742.17
2024-10-16T19:00,26.6,59,4585.78
2024-10-16T20:00,25.8,62,4280.87
2024-10-16T21:00,25.4,62,4107.98
2024-10-16T22:00,24.7,66,4095.58
2024-10-16T23:00,23.6,68,4061.23
2024-10-17T00:00,23.0,70,3850.33
2024-10-17T01:00,23.3,68,3635.15
2024-10-17T02:00,22.8,70,3621.81
2024-10-17T03:00,22.5,72,3525.31
2024-10-17T04:00,21.8,76,3492.82
2024-10-17T05:00,20.6,83,3531.7
2024-10-17T06:00,20.7,85,3655.05
2024-10-17T07:00,22.9,77,3738.89
2024-10-17T08:00,25.6,70,3732.18
2024-10-17T09:00,28.0,61,4088.44
2024-10-17T10:00,29.7,52,4588.48
2024-10-17T11:00,30.9,47,4705.64
2024-10-17T12:00,31.7,44,4717.81
2024-10-17T13:00,32.3,41,4515.16
2024-10-17T14:00,32.7,38,4660.38
2024-10-17T15:00,32.8,35,4722.19
2024-10-17T16:00,31.8,41,4692.07
2024-10-17T17:00,29.2,53,4732.96
2024-10-17T18:00,28.2,57,4809.0
2024-10-17T19:00,26.4,64,4654.71
2024-10-17T20:00,24.9,71,4339.24
2024-10-17T21:00,23.9,75,4173.5
2024-10-17T22:00,23.0,79,4169.51
2024-10-18T00:00,22.1,80,3902.77
2024-10-18T01:00,22.3,78,3670.32
2024-10-18T02:00,21.4,82,3474.54
2024-10-18T03:00,20.9,85,3338.33
2024-10-18T04:00,20.5,87,3297.53
2024-10-18T05:00,20.1,89,3393.09
2024-10-18T06:00,20.4,87,3692.25
2024-10-18T07:00,22.6,79,3767.04
2024-10-18T08:00,25.5,71,3825.62
2024-10-18T09:00,28.0,64,4214.38
2024-10-18T10:00,30.2,52,4593.21
2024-10-18T11:00,31.7,44,4739.04
2024-10-18T12:00,32.5,40,4766.9
2024-10-18T13:00,33.1,36,4536.65
2024-10-18T14:00,33.4,34,4709.83
2024-10-18T15:00,33.3,33,4833.7
2024-10-18T16:00,32.1,41,4783.8
2024-10-18T17:00,28.7,59,4796.66
2024-10-18T18:00,27.5,57,4866.81
2024-10-18T19:00,26.1,65,4683.99
2024-10-18T20:00,25.0,69,4402.07
2024-10-18T21:00,24.1,73,4219.58
2024-10-18T22:00,23.1,77,4212.52
2024-10-18T23:00,22.8,78,4184.1
2024-10-19T00:00,22.4,79,3978.1
2024-10-19T01:00,22.3,79,3753.71
2024-10-19T02:00,22.5,77,3555.71
2024-10-19T03:00,22.4,78,3422.68
2024-10-19T04:00,22.0,79,3363.73
2024-10-19T05:00,21.7,80,3412.93
2024-10-19T06:00,21.0,85,3596.87
2024-10-19T07:00,22.7,80,3657.34
2024-10-19T08:00,25.6,73,3699.22
2024-10-19T09:00,28.4,59,4018.97
2024-10-19T10:00,30.5,50,4382.98
2024-10-19T11:00,31.8,45,4520.62
2024-10-19T12:00,32.6,41,4515.32
2024-10-19T13:00,33.2,38,4398.8
2024-10-19T14:00,33.7,34,4461.68
2024-10-19T15:00,33.5,33,4578.47
2024-10-19T16:00,32.1,41,4521.66
2024-10-19T17:00,28.7,60,4548.34
2024-10-19T18:00,27.7,62,4668.98
2024-10-19T19:00,26.7,67,4542.98
2024-10-19T20:00,26.0,69,4289.15
2024-10-19T21:00,25.6,71,4161.33
2024-10-19T22:00,26.5,66,4193.72
2024-10-19T23:00,25.5,70,4285.57
2024-10-20T00:00,25.0,72,4106.79
2024-10-20T01:00,25.2,70,3892.9
2024-10-20T02:00,24.4,74,3682.29
2024-10-20T03:00,23.2,80,3566.62
2024-10-20T04:00,20.9,91,3562.95
2024-10-20T05:00,20.2,95,3553.98
2024-10-20T06:00,21.0,94,3564.53
2024-10-20T07:00,22.6,87,3495.68
2024-10-20T08:00,25.2,79,3524.88
2024-10-20T09:00,27.8,69,3756.18
2024-10-20T10:00,29.9,59,4085.46
2024-10-20T11:00,31.4,49,4289.3
2024-10-20T12:00,32.3,43,4370.82
2024-10-20T13:00,32.7,40,4224.81
2024-10-20T14:00,33.0,37,4338.25
2024-10-20T15:00,32.8,35,4465.86
2024-10-20T16:00,31.7,43,4430.85
2024-10-20T17:00,29.2,49,4463.72
2024-10-20T18:00,26.6,69,4623.36
2024-10-20T19:00,25.5,73,4525.55
2024-10-20T20:00,24.9,74,4305.21
2024-10-20T21:00,24.3,76,4344.06
2024-10-20T22:00,23.2,82,4376.31
2024-10-20T23:00,22.7,84,4290.72
2024-10-21T00:00,22.4,85,4022.74
2024-10-21T01:00,21.9,86,3800.72
2024-10-21T02:00,21.2,89,3699.4
2024-10-21T03:00,21.0,89,3580.39
2024-10-21T04:00,20.8,89,3510.19
2024-10-21T05:00,20.5,89,3580.15
2024-10-21T06:00,20.0,95,3827.78
2024-10-21T07:00,22.1,85,3886.82
2024-10-21T08:00,24.8,75,3935.7
2024-10-21T09:00,27.4,65,4283.99
2024-10-21T10:00,29.2,58,4661.8
2024-10-21T11:00,30.2,54,4809.44
2024-10-21T12:00,31.1,51,4908.66
2024-10-21T13:00,31.7,46,4694.75
2024-10-21T14:00,32.2,41,4813.88
2024-10-21T15:00,32.3,38,4947.48
2024-10-21T16:00,31.4,43,4866.22
2024-10-21T17:00,28.3,55,4882.36
2024-10-21T18:00,26.8,63,5005.77
2024-10-21T19:00,25.4,71,4901.85
2024-10-21T20:00,25.0,73,4614.41
2024-10-21T21:00,23.8,81,4481.65
2024-10-21T22:00,23.0,85,4503.09
2024-10-22T00:00,23.5,80,4204.92
2024-10-22T01:00,23.2,80,3968.42
2024-10-22T02:00,22.0,84,3794.37
2024-10-22T03:00,20.7,89,3663.95
2024-10-22T04:00,20.5,91,3604.3
2024-10-22T05:00,20.1,92,3698.12
2024-10-22T06:00,20.1,93,3985.73
2024-10-22T07:00,22.1,84,3954.15
2024-10-22T08:00,24.7,75,3907.44
2024-10-22T09:00,27.1,65,4245.53
2024-10-22T10:00,28.8,55,4656.75
2024-10-22T11:00,29.8,50,4807.55
2024-10-22T12:00,30.6,46,4788.55
2024-10-22T13:00,31.3,42,4590.86
2024-10-22T14:00,31.5,41,4751.56
2024-10-22T15:00,31.2,41,4852.04
2024-10-22T16:00,30.4,44,4794.73
2024-10-22T17:00,27.4,58,4805.43
2024-10-22T18:00,26.0,63,4866.36
2024-10-22T19:00,25.9,63,4665.37
2024-10-22T20:00,25.0,66,4371.57
2024-10-22T21:00,23.2,77,4210.05
2024-10-22T22:00,24.0,73,4215.47
2024-10-23T00:00,24.3,71,3917.59
2024-10-23T01:00,24.0,72,3675.3
2024-10-23T02:00,22.2,80,3487.25
2024-10-23T03:00,20.6,89,3345.16
2024-10-23T04:00,20.4,91,3295.96
2024-10-23T05:00,20.1,91,3395.93
2024-10-23T06:00,20.9,89,3696.93
2024-10-23T07:00,22.5,82,3742.82
2024-10-23T08:00,24.8,73,3813.05
2024-10-23T09:00,27.2,65,4209.66
2024-10-23T10:00,29.4,55,4608.38
2024-10-23T11:00,30.8,46,4655.33
2024-10-23T12:00,31.7,40,4617.63
2024-10-23T13:00,32.1,36,4429.75
2024-10-23T14:00,32.1,34,4573.88
2024-10-23T15:00,31.7,34,4725.01
2024-10-23T16:00,30.7,38,4710.94
2024-10-23T17:00,28.5,44,4784.22
2024-10-23T18:00,27.4,55,4849.18
2024-10-23T19:00,26.4,56,4728.86
2024-10-23T20:00,25.7,56,4407.71
2024-10-23T21:00,24.8,57,4204.61
2024-10-23T22:00,24.1,58,4182.62
2024-10-24T00:00,22.7,62,3901.81
2024-10-24T01:00,22.0,65,3665.15
2024-10-24T02:00,21.4,67,3490.24
2024-10-24T03:00,20.9,70,3368.09
2024-10-24T04:00,20.5,72,3335.8
2024-10-24T05:00,20.2,74,3421.34
2024-10-24T06:00,20.5,77,3740.89
2024-10-24T07:00,21.5,76,3751.21
2024-10-24T08:00,23.6,71,3765.9
2024-10-24T09:00,25.9,65,4084.79
2024-10-24T10:00,27.9,59,4472.88
2024-10-24T11:00,29.7,53,4612.34
2024-10-24T12:00,31.2,46,4641.92
2024-10-24T13:00,32.2,42,4419.9
2024-10-24T14:00,32.6,39,4588.67
2024-10-24T15:00,32.4,39,4690.59
2024-10-24T16:00,31.2,44,4655.24
2024-10-24T17:00,28.4,53,4753.39
2024-10-24T18:00,26.9,59,4828.16
2024-10-24T19:00,25.8,60,4646.78
2024-10-24T20:00,24.9,58,4346.22
2024-10-24T21:00,24.1,56,4152.61
2024-10-24T22:00,23.2,58,4084.9
2024-10-25T00:00,21.7,65,3778.63
2024-10-25T01:00,21.2,68,3566.24
2024-10-25T02:00,20.5,71,3385.03
2024-10-25T03:00,20.0,73,3268.49
2024-10-25T04:00,19.5,76,3235.44
2024-10-25T05:00,19.1,79,3308.92
2024-10-25T06:00,19.5,80,3605.39
2024-10-25T07:00,20.8,77,3672.61
2024-10-25T08:00,23.3,71,3704.03
2024-10-25T09:00,25.8,64,4061.78
2024-10-25T10:00,28.2,58,4426.93
2024-10-25T11:00,30.0,51,4551.81
2024-10-25T12:00,31.2,45,4560.63
2024-10-25T13:00,31.9,41,4323.93
2024-10-25T14:00,32.1,39,4454.17
2024-10-25T15:00,31.8,39,4544.56
2024-10-25T16:00,30.7,43,4517.38
2024-10-25T17:00,28.4,50,4593.3
2024-10-25T18:00,26.7,57,4705.5
2024-10-25T19:00,25.9,56,4491.55
2024-10-25T20:00,24.6,56,4142.22
2024-10-25T21:00,23.2,61,3928.93
2024-10-25T22:00,22.3,66,3888.57
2024-10-26T00:00,21.6,73,3622.62
2024-10-26T01:00,21.0,76,3429.04
2024-10-26T02:00,20.0,82,3241.74
2024-10-26T03:00,19.5,84,3100.35
2024-10-26T04:00,19.2,85,3086.88
2024-10-26T05:00,19.0,85,3178.91
2024-10-26T06:00,19.5,85,3382.1
2024-10-26T07:00,20.6,81,3473.5
2024-10-26T08:00,23.0,72,3473.99
2024-10-26T09:00,25.5,64,3705.18
2024-10-26T10:00,27.4,57,4065.43
2024-10-26T11:00,29.1,51,4084.05
2024-10-26T12:00,30.4,46,4273.19
2024-10-26T13:00,31.3,42,4114.48
2024-10-26T14:00,31.6,40,4208.16
2024-10-26T15:00,31.4,41,4227.26
2024-10-26T16:00,30.5,45,4198.89
2024-10-26T17:00,27.5,55,4304.78
2024-10-26T18:00,26.4,58,4411.24
2024-10-26T19:00,25.6,62,4285.94
2024-10-26T20:00,24.0,70,4026.0
2024-10-26T21:00,23.3,73,3768.21
2024-10-26T22:00,22.5,76,3695.38
2024-10-27T00:00,21.1,84,3453.07
2024-10-27T01:00,20.9,88,3311.97
2024-10-27T02:00,20.5,92,3170.83
2024-10-27T03:00,20.4,93,3079.51
2024-10-27T04:00,20.5,93,3064.02
2024-10-27T05:00,20.4,94,3130.21
2024-10-27T06:00,20.4,96,3232.13
2024-10-27T07:00,21.7,92,3317.36
2024-10-27T08:00,24.2,83,3360.27
2024-10-27T09:00,26.7,72,3587.39
2024-10-27T10:00,28.6,62,3885.75
2024-10-27T11:00,29.7,55,4048.86
2024-10-27T12:00,30.4,52,4092.26
2024-10-27T13:00,30.9,49,3932.47
2024-10-27T14:00,31.1,47,3987.92
2024-10-27T15:00,30.9,47,3990.66
2024-10-27T16:00,30.5,49,3940.42
2024-10-27T17:00,27.7,62,4033.52
2024-10-27T18:00,26.6,69,4213.56
2024-10-27T19:00,25.6,73,4117.81
2024-10-27T20:00,24.9,74,3964.92
2024-10-27T21:00,24.2,77,3854.46
2024-10-27T22:00,23.4,82,3794.89
2024-10-27T23:00,22.7,85,3720.94
2024-10-28T00:00,22.3,87,3523.31
2024-10-28T01:00,21.8,88,3337.96
2024-10-28T02:00,21.6,88,3165.23
2024-10-28T03:00,21.1,91,3068.35
2024-10-28T04:00,21.0,91,3035.74
2024-10-28T05:00,21.0,91,3129.5
2024-10-28T06:00,21.8,90,3446.3
2024-10-28T07:00,23.2,84,3510.62
2024-10-28T08:00,25.6,75,3594.49
2024-10-28T09:00,27.7,64,3992.46
2024-10-28T10:00,29.2,56,4353.86
2024-10-28T11:00,30.1,52,4576.1
2024-10-28T12:00,30.7,49,4644.72
2024-10-28T13:00,31.2,47,4455.46
2024-10-28T14:00,31.4,46,4594.46
2024-10-28T15:00,31.1,47,4664.36
2024-10-28T16:00,30.5,49,4633.34
2024-10-28T17:00,28.0,59,4675.41
2024-10-28T18:00,26.5,67,4782.38
2024-10-28T19:00,25.6,70,4557.01
2024-10-28T20:00,24.6,75,4382.98
2024-10-28T21:00,24.0,77,4088.31
2024-10-28T22:00,23.5,80,4054.88
2024-10-28T23:00,23.2,81,3940.33
2024-10-29T00:00,22.7,84,3724.96
2024-10-29T01:00,22.0,88,3524.29
2024-10-29T02:00,21.3,92,3355.12
2024-10-29T03:00,21.0,92,3230.65
2024-10-29T04:00,20.7,92,3221.67
2024-10-29T05:00,20.6,92,3355.77
2024-10-29T06:00,21.0,92,3640.15
2024-10-29T07:00,22.8,84,3698.2
2024-10-29T08:00,25.5,75,3757.66
2024-10-29T09:00,28.1,65,4150.55
2024-10-29T10:00,29.9,57,4548.29
2024-10-29T11:00,31.1,51,4695.91
2024-10-29T12:00,31.9,48,4713.25
2024-10-29T13:00,32.5,46,4521.72
2024-10-29T14:00,32.9,44,4666.6
2024-10-29T15:00,32.9,43,4699.42
2024-10-29T16:00,32.2,46,4662.91
2024-10-29T17:00,29.4,59,4709.42
2024-10-29T18:00,28.3,63,4793.7
2024-10-29T19:00,27.3,66,4594.71
2024-10-29T20:00,26.3,70,4321.03
2024-10-29T21:00,25.3,74,4162.02
2024-10-29T22:00,24.4,79,4136.41
2024-10-29T23:00,24.1,80,4088.05
2024-10-30T00:00,23.8,81,3876.44
2024-10-30T01:00,23.2,83,3668.97
2024-10-30T02:00,22.8,85,3485.03
2024-10-30T03:00,22.2,89,3281.82
2024-10-30T04:00,21.7,91,3263.2
2024-10-30T05:00,21.6,91,3327.65
2024-10-30T06:00,21.3,93,3521.03
2024-10-30T07:00,22.6,86,3632.01
2024-10-30T08:00,25.5,67,3738.23
2024-10-30T09:00,28.0,48,4098.15
2024-10-30T10:00,30.1,41,4512.05
2024-10-30T11:00,31.8,39,4699.58
2024-10-30T12:00,33.0,39,4721.99
2024-10-30T13:00,33.9,39,4522.29
2024-10-30T14:00,34.3,33,4604.12
2024-10-30T15:00,33.9,33,4543.88
2024-10-30T16:00,32.6,39,4422.29
2024-10-30T17:00,29.4,49,4413.3
2024-10-30T18:00,28.0,61,4502.83
2024-10-30T19:00,27.4,65,4315.15
2024-10-30T20:00,26.1,72,4114.28
2024-10-30T21:00,25.2,77,4027.89
2024-10-30T22:00,24.9,78,3983.19
2024-10-30T23:00,25.6,73,3935.93
2024-10-31T00:00,23.9,80,3736.39
2024-10-31T01:00,22.4,86,3538.69
2024-10-31T02:00,21.5,89,3357.69
2024-10-31T03:00,21.1,89,3243.26
2024-10-31T04:00,21.1,88,3193.19
2024-10-31T05:00,21.0,89,3208.83
2024-10-31T06:00,20.8,90,3266.78
2024-10-31T07:00,22.0,84,3263.36
2024-10-31T08:00,24.5,74,3252.63
2024-10-31T09:00,27.2,64,3355.91
2024-10-31T10:00,29.5,54,3511.21
2024-10-31T11:00,31.1,47,3587.11
2024-10-31T12:00,32.0,43,3598.89
2024-10-31T13:00,32.6,39,3506.36
2024-10-31T14:00,32.8,36,3438.48
2024-10-31T15:00,32.5,35,3372.76
2024-10-31T16:00,31.5,38,3339.75
2024-10-31T17:00,28.9,46,3584.08
2024-10-31T18:00,27.0,58,3830.83
2024-10-31T19:00,26.1,61,3667.3
2024-10-31T20:00,24.9,62,3494.32
2024-10-31T21:00,24.6,54,3492.62
2024-10-31T22:00,24.0,52,3471.22
2024-10-31T23:00,23.5,52,3459.94
2024-11-01T00:00,22.6,54,3341.68
2024-11-01T01:00,21.7,58,3192.48
2024-11-01T02:00,21.1,61,3043.44
2024-11-01T03:00,20.6,65,2917.36
2024-11-01T04:00,20.1,68,2860.48
2024-11-01T05:00,19.7,71,2889.45
2024-11-01T06:00,19.3,81,2930.96
2024-11-01T07:00,20.3,78,2937.46
2024-11-01T08:00,22.9,70,2954.58
2024-11-01T09:00,25.8,60,3088.14
2024-11-01T10:00,28.3,50,3241.65
2024-11-01T11:00,30.2,39,3349.59
2024-11-01T12:00,31.3,32,3398.64
2024-11-01T13:00,31.9,28,3289.97
2024-11-01T14:00,32.0,27,3226.81
2024-11-01T15:00,31.7,26,3169.65
2024-11-01T16:00,30.6,29,3139.97
2024-11-01T17:00,26.3,42,3270.75
2024-11-01T18:00,25.3,50,3481.29
2024-11-01T19:00,24.5,53,3430.9
2024-11-01T20:00,24.6,51,3368.61
2024-11-01T21:00,22.4,58,3325.05
2024-11-01T22:00,22.7,54,3227.96
2024-11-01T23:00,21.2,59,3145.16
2024-11-02T00:00,20.8,61,2984.64
2024-11-02T01:00,20.2,61,2832.61
2024-11-02T02:00,19.5,63,2699.96
2024-11-02T03:00,19.4,62,2637.61
2024-11-02T04:00,19.2,63,2633.61
2024-11-02T05:00,19.1,63,2699.27
2024-11-02T06:00,17.7,78,2764.53
2024-11-02T07:00,19.7,71,2843.4
2024-11-02T08:00,22.9,63,2879.52
2024-11-02T09:00,26.2,53,3018.83
2024-11-02T10:00,28.6,45,3178.13
2024-11-02T11:00,30.3,39,3234.1
2024-11-02T12:00,31.2,36,3237.55
2024-11-02T13:00,31.7,33,3141.12
2024-11-02T14:00,31.7,32,3104.3
2024-11-02T15:00,31.4,33,3097.1
2024-11-02T16:00,30.2,38,3081.46
2024-11-02T17:00,26.7,49,3250.62
2024-11-02T18:00,26.0,49,3448.92
2024-11-02T19:00,24.5,54,3362.09
2024-11-02T20:00,23.9,55,3267.03
2024-11-02T21:00,23.0,59,3173.83
2024-11-02T22:00,22.0,63,3061.05
2024-11-02T23:00,20.8,68,2971.41
2024-11-03T00:00,20.2,70,2813.94
2024-11-03T01:00,19.6,73,2697.9
2024-11-03T02:00,19.2,74,2590.15
2024-11-03T03:00,18.6,76,2524.21
2024-11-03T04:00,18.4,76,2528.32
2024-11-03T05:00,18.2,76,2612.52
2024-11-03T06:00,18.3,81,2734.65
2024-11-03T07:00,20.6,73,2857.15
2024-11-03T08:00,23.5,65,2952.03
2024-11-03T09:00,26.4,55,3146.44
2024-11-03T10:00,28.6,42,3294.14
2024-11-03T11:00,29.9,35,3363.53
2024-11-03T12:00,30.9,30,3324.51
2024-11-03T13:00,31.3,27,3165.13
2024-11-03T14:00,31.3,27,3149.37
2024-11-03T15:00,30.9,28,3112.49
2024-11-03T16:00,29.5,33,3092.53
2024-11-03T17:00,25.6,44,3294.72
2024-11-03T18:00,24.0,53,3480.75
2024-11-03T19:00,23.2,57,3337.33
2024-11-03T20:00,24.9,50,3222.66
2024-11-03T21:00,24.7,50,3119.11
2024-11-03T22:00,24.1,53,3026.19
2024-11-03T23:00,23.7,54,2901.94
2024-11-04T00:00,21.5,64,2744.59
2024-11-04T01:00,20.9,67,2619.61
2024-11-04T02:00,19.1,75,2518.75
2024-11-04T03:00,18.7,77,2466.34
2024-11-04T04:00,18.1,80,2487.24
2024-11-04T05:00,17.7,82,2660.68
2024-11-04T06:00,17.5,87,3012.61
2024-11-04T07:00,18.5,82,3076.33
2024-11-04T08:00,21.5,71,3123.5
2024-11-04T09:00,24.5,60,3388.9
2024-11-04T10:00,26.9,51,3610.26
2024-11-04T11:00,28.5,45,3746.66
2024-11-04T12:00,29.6,41,3758.54
2024-11-04T13:00,30.1,39,3611.58
2024-11-04T14:00,30.4,38,3700.38
2024-11-04T15:00,30.2,38,3790.09
2024-11-04T16:00,29.1,42,3757.05
2024-11-05T00:00,19.9,82,2842.0
2024-11-05T01:00,18.9,87,2692.14
2024-11-05T02:00,19.2,87,2593.98
2024-11-05T03:00,18.7,92,2527.6
2024-11-05T04:00,18.3,94,2562.61
2024-11-05T05:00,18.1,94,2769.23
2024-11-05T06:00,18.2,94,3190.99
2024-11-05T07:00,19.3,90,3324.09
2024-11-05T08:00,21.8,82,3301.24
2024-11-05T09:00,24.3,72,3609.24
2024-11-05T10:00,26.5,64,3907.62
2024-11-05T11:00,27.9,56,3972.32
2024-11-05T12:00,28.6,54,3940.59
2024-11-05T13:00,29.2,51,3732.1
2024-11-05T14:00,29.4,50,3805.63
2024-11-05T15:00,29.3,50,3889.1
2024-11-05T16:00,28.7,52,3851.07
2024-11-05T17:00,25.9,61,4015.57
2024-11-05T18:00,25.2,59,4114.55
2024-11-05T19:00,23.8,64,3901.57
2024-11-05T20:00,24.3,60,3620.45
2024-11-05T21:00,23.9,62,3411.91
2024-11-05T22:00,21.4,74,3272.06
2024-11-06T00:00,20.9,78,2803.29
2024-11-06T01:00,21.4,77,2681.31
2024-11-06T02:00,21.3,77,2586.31
2024-11-06T03:00,20.9,79,2519.53
2024-11-06T04:00,19.7,84,2541.4
2024-11-06T05:00,18.3,90,2765.25
2024-11-06T06:00,18.1,94,3219.32
2024-11-06T07:00,19.7,88,3358.06
2024-11-06T08:00,22.5,76,3385.95
2024-11-06T09:00,25.6,62,3678.2
2024-11-06T10:00,27.6,53,3923.08
2024-11-06T11:00,28.6,49,3997.56
2024-11-06T12:00,29.4,44,3996.93
2024-11-06T13:00,30.0,41,3813.97
2024-11-06T14:00,30.2,40,3890.59
2024-11-06T15:00,30.0,41,3916.85
2024-11-06T16:00,29.1,44,3898.66
2024-11-06T17:00,26.0,56,4066.0
2024-11-06T18:00,24.9,65,4132.02
2024-11-06T19:00,23.4,73,3922.26
2024-11-06T20:00,22.7,74,3611.27
2024-11-06T21:00,22.1,76,3363.39
2024-11-06T22:00,21.6,77,3220.24
2024-11-07T00:00,21.3,77,2847.26
2024-11-07T01:00,20.8,79,2693.01
2024-11-07T02:00,20.2,81,2576.8
2024-11-07T03:00,20.0,81,2520.04
2024-11-07T04:00,19.7,83,2565.71
2024-11-07T05:00,19.3,85,2689.84
2024-11-07T06:00,19.0,90,2929.54
2024-11-07T07:00,20.6,83,3191.96
2024-11-07T08:00,23.5,73,3372.72
2024-11-07T09:00,26.2,63,3699.01
2024-11-07T10:00,27.9,55,3987.92
2024-11-07T11:00,28.9,50,4062.47
2024-11-07T12:00,29.5,47,4062.09
2024-11-07T13:00,30.0,44,3835.02
2024-11-07T14:00,30.1,42,3878.51
2024-11-07T15:00,29.9,41,3826.66
2024-11-07T16:00,29.2,44,3732.06
2024-11-07T17:00,26.3,55,3817.64
2024-11-07T18:00,25.4,63,3935.11
2024-11-07T19:00,23.9,69,3757.18
2024-11-07T20:00,23.1,72,3506.42
2024-11-07T21:00,22.6,73,3315.18
2024-11-07T22:00,22.2,74,3154.57
2024-11-08T00:00,21.8,74,2784.89
2024-11-08T01:00,22.8,69,2647.08
2024-11-08T02:00,21.9,74,2557.03
2024-11-08T03:00,21.4,77,2526.37
2024-11-08T04:00,19.0,88,2599.11
2024-11-08T05:00,19.2,86,2782.48
2024-11-08T06:00,19.6,85,3144.39
2024-11-08T07:00,21.0,81,3283.56
2024-11-08T08:00,23.8,72,3345.68
2024-11-08T09:00,26.4,62,3641.65
2024-11-08T10:00,28.2,53,3963.07
2024-11-08T11:00,29.1,49,4068.71
2024-11-08T12:00,29.7,47,4087.8
2024-11-08T13:00,30.1,45,3866.97
2024-11-08T14:00,30.3,44,3937.56
2024-11-08T15:00,30.1,44,3955.38
2024-11-08T16:00,29.5,48,3925.98
2024-11-08T17:00,26.1,62,4081.62
2024-11-08T18:00,25.7,64,4173.26
2024-11-08T19:00,24.4,69,3963.08
2024-11-08T20:00,23.8,72,3659.93
2024-11-08T21:00,23.2,72,3439.55
2024-11-08T22:00,22.7,75,3301.11
2024-11-09T00:00,21.3,83,2954.75
2024-11-09T01:00,20.9,86,2808.91
2024-11-09T02:00,20.7,86,2634.56
2024-11-09T03:00,20.2,87,2548.11
2024-11-09T04:00,19.8,89,2578.26
2024-11-09T05:00,19.7,90,2717.73
2024-11-09T06:00,20.1,87,2987.73
2024-11-09T07:00,21.0,83,3177.58
2024-11-09T08:00,23.3,75,3271.2
2024-11-09T09:00,25.8,64,3532.6
2024-11-09T10:00,27.8,55,3818.28
2024-11-09T11:00,29.1,49,3881.67
2024-11-09T12:00,29.9,46,3883.46
2024-11-09T13:00,30.3,45,3680.18
2024-11-09T14:00,30.6,44,3707.51
2024-11-09T15:00,30.3,43,3724.77
2024-11-09T16:00,29.6,46,3710.1
2024-11-09T17:00,26.7,57,3883.57
2024-11-09T18:00,25.9,60,4018.64
2024-11-09T19:00,25.1,63,3886.19
2024-11-09T20:00,24.2,66,3605.43
2024-11-09T21:00,23.1,70,3356.81
2024-11-09T22:00,22.3,73,3228.97
2024-11-10T00:00,21.3,77,2866.11
2024-11-10T01:00,20.7,80,2735.31
2024-11-10T02:00,20.1,84,2629.07
2024-11-10T03:00,19.7,87,2567.95
2024-11-10T04:00,19.5,87,2594.71
2024-11-10T05:00,19.3,87,2696.79
2024-11-10T06:00,19.3,90,2852.87
2024-11-10T07:00,20.1,86,3045.46
2024-11-10T08:00,22.2,78,3170.31
2024-11-10T09:00,24.7,69,3405.11
2024-11-10T10:00,26.6,61,3675.81
2024-11-10T11:00,28.1,55,3780.46
2024-11-10T12:00,29.2,51,3768.92
2024-11-10T13:00,29.9,47,3556.87
2024-11-10T14:00,30.2,45,3526.29
2024-11-10T15:00,30.0,45,3521.18
2024-11-10T16:00,29.3,48,3508.06
2024-11-10T17:00,26.5,58,3676.83
2024-11-10T18:00,26.7,62,3824.04
2024-11-10T19:00,26.1,65,3714.78
2024-11-10T20:00,25.7,66,3488.65
2024-11-10T21:00,24.4,71,3329.91
2024-11-10T22:00,22.4,80,3205.73
2024-11-11T00:00,21.1,88,2815.44
2024-11-11T01:00,20.5,91,2667.14
2024-11-11T02:00,20.0,93,2567.55
2024-11-11T03:00,19.3,95,2498.78
2024-11-11T04:00,18.8,96,2524.69
2024-11-11T05:00,18.5,97,2751.21
2024-11-11T06:00,18.9,98,3199.68
2024-11-11T07:00,20.2,94,3338.95
2024-11-11T08:00,22.7,83,3433.1
2024-11-11T09:00,25.3,72,3654.79
2024-11-11T10:00,27.3,62,3964.53
2024-11-11T11:00,28.4,55,4033.03
2024-11-11T12:00,29.2,50,4021.9
2024-11-11T13:00,29.6,48,3810.38
2024-11-11T14:00,29.8,47,3904.34
2024-11-11T15:00,29.7,47,3930.1
2024-11-11T16:00,29.0,49,3898.5
2024-11-11T17:00,26.1,61,4033.81
2024-11-11T18:00,24.5,71,4111.61
2024-11-11T19:00,25.6,65,3912.23
2024-11-11T20:00,23.2,76,3629.99
2024-11-11T21:00,22.3,80,3393.69
2024-11-11T22:00,22.0,82,3241.67
2024-11-12T00:00,20.3,90,2877.66
2024-11-12T01:00,20.0,91,2717.44
2024-11-12T02:00,19.8,90,2611.95
2024-11-12T03:00,21.1,84,2560.76
2024-11-12T04:00,20.8,85,2628.51
2024-11-12T05:00,20.4,87,2878.19
2024-11-12T06:00,19.0,96,3344.58
2024-11-12T07:00,20.1,93,3511.41
2024-11-12T08:00,23.5,79,3444.15
2024-11-12T09:00,26.2,66,3754.07
2024-11-12T10:00,27.9,58,3962.31
2024-11-12T11:00,29.3,49,4021.03
2024-11-12T12:00,30.6,37,3996.41
2024-11-12T13:00,31.2,28,3766.4
2024-11-12T14:00,31.1,25,3820.4
2024-11-12T15:00,30.5,26,3879.27
2024-11-12T16:00,29.2,32,3847.83
2024-11-12T17:00,25.8,42,4027.02
2024-11-12T18:00,27.8,36,4088.62
2024-11-12T19:00,26.8,42,3888.46
2024-11-12T20:00,25.8,47,3571.14
2024-11-12T21:00,24.7,51,3318.91
2024-11-12T22:00,23.9,53,3171.27
2024-11-13T00:00,22.4,56,2825.47
2024-11-13T01:00,21.4,60,2694.2
2024-11-13T02:00,20.9,62,2524.44
2024-11-13T03:00,20.5,63,2479.44
2024-11-13T04:00,19.8,67,2492.97
2024-11-13T05:00,19.1,70,2718.65
2024-11-13T06:00,18.8,88,3242.98
2024-11-13T07:00,19.5,84,3411.87
2024-11-13T08:00,21.4,76,3454.83
2024-11-13T09:00,23.9,66,3698.28
2024-11-13T10:00,26.3,55,3899.16
2024-11-13T11:00,28.0,45,3858.56
2024-11-13T12:00,29.2,37,3805.44
2024-11-13T13:00,29.8,34,3584.45
2024-11-13T14:00,30.0,31,3688.32
2024-11-13T15:00,29.8,29,3721.41
2024-11-13T16:00,29.0,30,3707.99
2024-11-13T17:00,27.5,36,3879.75
2024-11-13T18:00,25.3,51,3962.0
2024-11-13T19:00,24.4,55,3738.47
2024-11-13T20:00,23.6,60,3421.46
2024-11-13T21:00,23.0,62,3131.24
2024-11-13T22:00,22.3,65,2953.92
2024-11-14T00:00,21.5,68,2530.11
2024-11-14T01:00,20.9,70,2382.65
2024-11-14T02:00,19.9,74,2299.01
2024-11-14T03:00,19.7,75,2243.74
2024-11-14T04:00,19.3,77,2316.66
2024-11-14T05:00,19.0,79,2575.13
2024-11-14T06:00,19.1,86,3118.43
2024-11-14T07:00,19.7,84,3308.8
2024-11-14T08:00,21.7,74,3346.66
2024-11-14T09:00,24.1,63,3577.12
2024-11-14T10:00,26.5,50,3776.25
2024-11-14T11:00,28.1,41,3803.03
2024-11-14T12:00,29.3,34,3775.68
2024-11-14T13:00,30.0,30,3550.68
2024-11-14T14:00,30.0,29,3627.5
2024-11-14T15:00,29.4,30,3647.02
2024-11-14T16:00,28.5,32,3636.64
2024-11-14T17:00,27.2,37,3820.69
2024-11-14T18:00,25.8,44,3919.69
2024-11-14T19:00,25.3,45,3715.38
2024-11-14T20:00,24.5,47,3401.61
2024-11-14T21:00,23.6,51,3125.53
2024-11-14T22:00,23.0,53,3019.37
2024-11-15T00:00,21.5,59,2582.8
2024-11-15T01:00,20.9,61,2455.61
2024-11-15T02:00,20.5,63,2371.37
2024-11-15T03:00,20.0,64,2306.05
2024-11-15T04:00,19.4,67,2271.63
2024-11-15T05:00,19.0,69,2441.82
2024-11-15T06:00,18.7,77,2742.51
2024-11-15T07:00,19.2,74,3080.06
2024-11-15T08:00,21.3,65,3298.56
2024-11-15T09:00,23.8,56,3598.4
2024-11-15T10:00,26.2,46,3873.7
2024-11-15T11:00,27.8,36,3934.59
2024-11-15T12:00,28.6,32,3875.67
2024-11-15T13:00,28.9,30,3518.7
2024-11-15T14:00,29.0,29,3461.63
2024-11-15T15:00,28.7,28,3422.8
2024-11-15T16:00,27.9,30,3402.45
2024-11-15T17:00,26.5,34,3622.08
2024-11-15T18:00,25.9,41,3719.4
2024-11-15T19:00,25.0,45,3542.78
2024-11-15T20:00,24.1,50,3255.51
2024-11-15T21:00,23.3,54,3030.78
2024-11-15T22:00,22.6,57,2842.87
2024-11-15T23:00,21.8,61,2535.23
2024-11-16T00:00,20.8,66,2399.88
2024-11-16T01:00,20.3,69,2276.45
2024-11-16T02:00,19.8,71,2110.21
2024-11-16T03:00,19.0,74,2147.11
2024-11-16T04:00,18.4,77,2194.3
2024-11-16T05:00,18.0,78,2401.01
2024-11-16T06:00,17.6,85,2805.2
2024-11-16T07:00,18.1,82,3120.51
2024-11-16T08:00,20.1,72,3237.68
2024-11-16T09:00,23.0,60,3409.41
2024-11-16T10:00,25.5,51,3636.43
2024-11-16T11:00,27.0,43,3658.21
2024-11-16T12:00,28.1,37,3597.65
2024-11-16T13:00,28.7,33,3336.68
2024-11-16T14:00,28.8,32,3334.52
2024-11-16T15:00,28.4,32,3324.29
2024-11-16T16:00,27.7,34,3317.63
2024-11-16T17:00,26.4,38,3532.82
2024-11-16T18:00,25.5,41,3621.91
2024-11-16T19:00,24.9,43,3418.04
2024-11-16T20:00,24.7,45,3130.32
2024-11-16T21:00,23.4,52,2873.5
2024-11-16T22:00,22.7,57,2666.27
2024-11-16T23:00,22.3,61,2513.92
2024-11-17T00:00,21.7,61,2320.25
2024-11-17T01:00,21.0,64,2180.49
2024-11-17T02:00,20.3,67,2096.46
2024-11-17T03:00,19.5,71,2062.83
2024-11-17T04:00,18.9,73,2080.22
2024-11-17T05:00,18.5,76,2230.05
2024-11-17T06:00,18.0,84,2500.58
2024-11-17T07:00,18.4,83,2820.43
2024-11-17T08:00,20.4,73,3016.11
2024-11-17T09:00,23.1,62,3278.05
2024-11-17T10:00,25.3,52,3538.3
2024-11-17T11:00,26.8,45,3598.16
2024-11-17T12:00,27.7,41,3550.52
2024-11-17T13:00,28.4,37,3279.0
2024-11-17T14:00,28.5,34,3210.65
2024-11-17T15:00,27.9,36,3130.02
2024-11-17T16:00,27.0,39,3060.25
2024-11-17T17:00,25.9,43,3245.13
2024-11-17T18:00,24.5,49,3321.03
2024-11-17T19:00,23.5,55,3152.42
2024-11-17T20:00,22.6,58,2901.01
2024-11-17T21:00,21.7,60,2709.56
2024-11-17T22:00,21.0,62,2502.32
2024-11-17T23:00,20.1,65,2338.05
2024-11-18T00:00,19.3,68,2147.35
2024-11-18T01:00,18.6,69,2040.58
2024-11-18T02:00,18.0,70,1949.26
2024-11-18T03:00,17.3,72,1875.03
2024-11-18T04:00,16.7,74,1934.41
2024-11-18T05:00,16.3,76,2217.76
2024-11-18T06:00,15.9,91,2742.33
2024-11-18T07:00,16.2,89,3211.17
2024-11-18T08:00,17.9,81,3399.03
2024-11-18T09:00,20.3,70,3610.46
2024-11-18T10:00,22.6,61,3771.93
2024-11-18T11:00,24.2,50,3751.14
2024-11-18T12:00,25.3,42,3686.01
2024-11-18T13:00,26.1,37,3390.45
2024-11-18T14:00,26.4,35,3383.03
2024-11-18T15:00,26.1,35,3347.01
2024-11-18T16:00,25.4,36,3307.28
2024-11-18T17:00,24.1,39,3515.93
2024-11-18T18:00,22.6,49,3611.97
2024-11-18T19:00,21.8,52,3422.7
2024-11-18T20:00,21.1,54,3096.11
2024-11-18T21:00,20.2,57,2792.68
2024-11-18T22:00,19.2,61,2582.51
2024-11-19T00:00,18.1,64,2119.05
2024-11-19T01:00,17.5,65,1971.51
2024-11-19T02:00,17.0,66,1881.8
2024-11-19T03:00,16.5,67,1836.2
2024-11-19T04:00,15.9,68,1896.37
2024-11-19T05:00,15.4,71,2158.71
2024-11-19T06:00,14.2,80,2696.2
2024-11-19T07:00,14.5,78,3253.87
2024-11-19T08:00,16.5,69,3500.3
2024-11-19T09:00,19.4,56,3659.62
2024-11-19T10:00,22.1,46,3829.4
2024-11-19T11:00,24.1,39,3744.53
2024-11-19T12:00,25.3,31,3553.21
2024-11-19T13:00,25.8,29,3244.61
2024-11-19T14:00,25.9,28,3210.88
2024-11-19T15:00,25.6,29,3261.01
2024-11-19T16:00,24.8,31,3345.04
2024-11-19T17:00,23.4,34,3555.54
2024-11-19T18:00,22.4,37,3611.38
2024-11-19T19:00,21.4,41,3432.44
2024-11-19T20:00,20.4,45,3140.79
2024-11-19T21:00,19.5,50,2866.63
2024-11-19T22:00,18.7,53,2673.7
2024-11-20T00:00,17.4,55,2201.51
2024-11-20T01:00,16.8,57,2065.86
2024-11-20T02:00,16.2,59,1979.54
2024-11-20T03:00,15.7,61,1940.89
2024-11-20T04:00,15.0,65,2000.18
2024-11-20T05:00,14.4,67,2256.54
2024-11-20T06:00,13.6,78,2754.47
2024-11-20T07:00,13.8,77,3329.78
2024-11-20T08:00,15.9,67,3580.91
2024-11-20T09:00,18.8,55,3712.39
2024-11-20T10:00,21.7,46,3820.25
2024-11-20T11:00,23.9,38,3839.31
2024-11-20T12:00,25.2,30,3765.8
2024-11-20T13:00,25.8,28,3494.99
2024-11-20T14:00,25.9,27,3451.5
2024-11-20T15:00,25.6,28,3384.13
2024-11-20T16:00,25.0,29,3375.73
2024-11-20T17:00,23.2,34,3582.86
2024-11-20T18:00,22.4,39,3687.69
2024-11-20T19:00,21.5,42,3496.27
2024-11-20T20:00,20.7,46,3180.16
2024-11-20T21:00,19.7,50,2907.35
2024-11-20T22:00,18.7,54,2625.49
2024-11-20T23:00,18.0,57,2369.97
2024-11-21T00:00,17.6,58,2145.93
2024-11-21T01:00,17.1,59,2003.15
2024-11-21T02:00,16.5,61,1909.74
2024-11-21T03:00,15.7,63,1880.12
2024-11-21T04:00,15.2,65,1938.83
2024-11-21T05:00,14.5,67,2185.49
2024-11-21T06:00,13.6,74,2692.95
2024-11-21T07:00,13.7,73,3250.68
2024-11-21T08:00,15.7,64,3495.78
2024-11-21T09:00,18.8,52,3668.01
2024-11-21T10:00,21.7,44,3807.15
2024-11-21T11:00,23.7,40,3808.17
2024-11-21T12:00,24.9,34,3667.92
2024-11-21T13:00,25.5,31,3381.38
2024-11-21T14:00,25.8,29,3371.78
2024-11-21T15:00,25.4,30,3328.57
2024-11-21T16:00,24.7,31,3314.8
2024-11-21T17:00,23.0,36,3529.89
2024-11-21T18:00,22.7,40,3646.13
2024-11-21T19:00,21.6,45,3444.55
2024-11-21T20:00,20.6,49,3109.67
2024-11-21T21:00,19.6,53,2794.79
2024-11-21T22:00,18.8,56,2545.73
2024-11-21T23:00,18.3,58,2317.4
2024-11-22T00:00,17.9,60,2064.49
2024-11-22T01:00,17.7,61,1909.64
2024-11-22T02:00,16.9,64,1822.37
2024-11-22T03:00,16.0,68,1782.98
2024-11-22T04:00,15.3,71,1854.44
2024-11-22T05:00,14.7,72,2117.77
2024-11-22T06:00,14.0,79,2679.59
2024-11-22T07:00,14.3,76,3333.94
2024-11-22T08:00,16.4,66,3632.31
2024-11-22T09:00,19.6,53,3755.03
2024-11-22T10:00,22.6,44,3922.98
2024-11-22T11:00,24.4,40,3918.98
2024-11-22T12:00,25.5,36,3890.06
2024-11-22T13:00,26.1,34,3530.47
2024-11-22T14:00,26.3,32,3421.88
2024-11-22T15:00,26.0,33,3364.54
2024-11-22T16:00,25.3,36,3320.17
2024-11-22T17:00,23.5,42,3529.61
2024-11-22T18:00,23.2,45,3603.15
2024-11-22T19:00,22.4,49,3394.39
2024-11-22T20:00,21.4,52,3064.15
2024-11-22T21:00,20.5,56,2775.2
2024-11-22T22:00,19.5,60,2559.82
2024-11-23T00:00,18.1,66,2110.89
2024-11-23T01:00,17.6,68,1959.4
2024-11-23T02:00,16.8,70,1869.96
2024-11-23T03:00,16.2,71,1830.89
2024-11-23T04:00,15.5,73,1891.83
2024-11-23T05:00,15.0,74,2112.09
2024-11-23T06:00,14.1,80,2530.31
2024-11-23T07:00,14.7,76,3034.94
2024-11-23T08:00,16.9,65,3256.52
2024-11-23T09:00,20.1,52,3451.01
2024-11-23T10:00,23.3,41,3618.88
2024-11-23T11:00,25.4,34,3590.36
2024-11-23T12:00,26.6,30,3487.31
2024-11-23T13:00,27.3,27,3202.89
2024-11-23T14:00,27.5,26,3117.85
2024-11-23T15:00,27.2,27,3048.94
2024-11-23T16:00,26.5,28,3042.92
2024-11-23T17:00,24.4,35,3262.47
2024-11-23T18:00,24.0,37,3370.88
2024-11-23T19:00,22.7,40,3198.51
2024-11-23T20:00,21.8,47,2923.76
2024-11-23T21:00,20.8,52,2679.9
2024-11-23T22:00,19.9,56,2478.0
2024-11-24T00:00,18.9,58,2030.69
2024-11-24T01:00,18.3,60,1891.2
2024-11-24T02:00,17.8,61,1801.98
2024-11-24T03:00,17.4,62,1767.57
2024-11-24T04:00,17.2,62,1814.26
2024-11-24T05:00,16.8,62,2004.33
2024-11-24T06:00,15.8,67,2358.93
2024-11-24T07:00,15.7,67,2782.9
2024-11-24T08:00,17.2,61,3084.8
2024-11-24T09:00,19.8,52,3362.64
2024-11-24T10:00,22.6,42,3592.0
2024-11-24T11:00,24.8,36,3608.09
2024-11-24T12:00,26.4,32,3500.29
2024-11-24T13:00,27.3,29,3200.98
2024-11-24T14:00,27.7,28,3056.88
2024-11-24T15:00,27.4,28,2973.11
2024-11-24T16:00,26.6,31,2852.98
2024-11-24T17:00,24.9,36,3094.15
2024-11-24T18:00,24.3,39,3176.63
2024-11-24T19:00,23.1,44,3090.83
2024-11-24T20:00,22.3,46,2859.52
2024-11-24T21:00,21.9,47,2652.23
2024-11-24T22:00,21.0,51,2442.34
2024-11-25T00:00,19.4,58,1986.84
2024-11-25T01:00,18.6,62,1857.22
2024-11-25T02:00,17.9,65,1776.91
2024-11-25T03:00,17.4,67,1753.79
2024-11-25T04:00,16.8,69,1823.33
2024-11-25T05:00,16.3,72,2068.77
2024-11-25T06:00,15.1,81,2566.33
2024-11-25T07:00,15.3,82,3173.09
2024-11-25T08:00,16.9,75,3493.66
2024-11-25T09:00,19.7,64,3657.08
2024-11-25T10:00,22.6,55,3791.07
2024-11-25T11:00,24.4,45,3771.49
2024-11-25T12:00,25.2,38,3687.48
2024-11-25T13:00,25.7,38,3368.95
2024-11-25T14:00,25.9,38,3337.17
2024-11-25T15:00,25.6,40,3265.62
2024-11-25T16:00,24.8,43,3232.32
2024-11-25T17:00,23.5,47,3449.57
2024-11-25T18:00,23.0,49,3512.24
2024-11-25T19:00,21.9,52,3325.74
2024-11-25T20:00,20.9,55,3039.29
2024-11-25T21:00,20.0,57,2767.5
2024-11-25T22:00,19.1,60,2546.35
2024-11-26T00:00,17.8,65,2089.83
2024-11-26T01:00,17.0,69,1918.27
2024-11-26T02:00,16.3,73,1822.62
2024-11-26T03:00,15.7,76,1795.72
2024-11-26T04:00,15.1,79,1846.6
2024-11-26T05:00,14.5,81,2104.12
2024-11-26T06:00,13.9,86,2613.1
2024-11-26T07:00,14.1,83,3233.5
2024-11-26T08:00,15.9,73,3512.51
2024-11-26T09:00,18.8,59,3676.16
2024-11-26T10:00,21.7,49,3776.1
2024-11-26T11:00,23.8,41,3746.08
2024-11-26T12:00,24.9,35,3629.77
2024-11-26T13:00,25.5,33,3304.38
2024-11-26T14:00,25.6,32,3278.28
2024-11-26T15:00,25.3,30,3223.95
2024-11-26T16:00,24.5,32,3221.91
2024-11-26T17:00,22.8,38,3431.53
2024-11-26T18:00,22.2,42,3529.78
2024-11-26T19:00,21.2,47,3328.42
2024-11-26T20:00,20.2,51,3049.99
2024-11-26T21:00,19.3,53,2769.78
2024-11-26T22:00,18.6,54,2536.5
2024-11-26T23:00,17.8,57,2298.8
2024-11-27T00:00,17.3,59,2074.7
2024-11-27T01:00,16.9,60,1927.76
2024-11-27T02:00,16.2,62,1839.78
2024-11-27T03:00,15.5,65,1810.19
2024-11-27T04:00,15.0,67,1879.29
2024-11-27T05:00,14.4,70,2227.98
2024-11-27T06:00,13.6,77,2908.71
2024-11-27T07:00,14.0,75,3391.6
2024-11-27T08:00,16.2,66,3499.09
2024-11-27T09:00,19.0,55,3632.54
2024-11-27T10:00,21.8,45,3765.19
2024-11-27T11:00,23.9,37,3716.23
2024-11-27T12:00,25.1,33,3686.98
2024-11-27T13:00,25.8,29,3267.59
2024-11-27T14:00,26.0,27,3341.53
2024-11-27T15:00,25.6,27,3288.97
2024-11-27T16:00,24.8,27,3307.22
2024-11-27T17:00,22.8,32,3519.72
2024-11-27T18:00,22.0,35,3609.05
2024-11-27T19:00,21.3,39,3261.97
2024-11-27T20:00,20.5,43,2866.44
2024-11-27T21:00,19.7,46,2616.9
2024-11-27T22:00,18.9,49,2581.07
2024-11-27T23:00,18.2,52,2400.46
2024-11-28T00:00,18.0,53,2189.89
2024-11-28T01:00,17.6,55,2049.65
2024-11-28T02:00,16.9,57,1959.54
2024-11-28T03:00,16.3,60,1922.04
2024-11-28T04:00,15.5,64,1995.65
2024-11-28T05:00,14.2,69,2321.87
2024-11-28T06:00,12.8,80,3031.85
2024-11-28T07:00,12.8,80,3329.83
2024-11-28T08:00,15.2,68,3516.98
2024-11-28T09:00,18.5,55,3675.06
2024-11-28T10:00,21.3,47,3782.82
2024-11-28T11:00,23.3,38,3742.5
2024-11-28T12:00,24.5,32,3609.35
2024-11-28T13:00,25.3,27,3349.12
2024-11-28T14:00,25.5,26,3334.98
2024-11-28T15:00,25.2,27,3322.33
2024-11-28T16:00,24.4,29,3328.18
2024-11-28T17:00,22.0,36,3531.51
2024-11-28T18:00,21.9,39,3643.63
2024-11-28T19:00,20.8,46,3427.51
2024-11-28T20:00,19.9,50,3082.9
2024-11-28T21:00,19.2,53,2723.61
2024-11-28T22:00,18.5,56,2412.6
2024-11-28T23:00,17.7,59,2255.46
2024-11-29T00:00,17.2,62,2053.62
2024-11-29T01:00,16.7,65,1902.69
2024-11-29T02:00,15.8,70,1827.95
2024-11-29T03:00,15.1,74,1791.4
2024-11-29T04:00,14.5,78,1870.64
2024-11-29T05:00,13.7,82,2211.52
2024-11-29T06:00,12.5,86,2982.82
2024-11-29T07:00,12.7,86,3496.15
2024-11-29T08:00,14.8,77,3637.96
2024-11-29T09:00,17.7,68,3827.76
2024-11-29T10:00,20.3,58,3977.96
2024-11-29T11:00,22.2,49,3820.23
2024-11-29T12:00,23.4,43,3743.28
2024-11-29T13:00,24.2,38,3410.0
2024-11-29T14:00,24.6,35,3323.28
2024-11-29T15:00,24.5,34,3244.94
2024-11-29T16:00,24.0,35,3258.42
2024-11-29T17:00,22.0,43,3575.17
2024-11-29T18:00,21.9,45,3673.95
2024-11-29T19:00,20.5,53,3487.12
2024-11-29T20:00,20.1,54,3171.51
2024-11-29T21:00,19.4,57,2878.42
2024-11-29T22:00,18.7,60,2624.8
2024-11-29T23:00,18.2,63,2411.62
2024-11-30T00:00,17.6,65,2115.46
2024-11-30T01:00,16.9,68,1961.29
2024-11-30T02:00,15.9,73,1869.42
2024-11-30T03:00,15.0,78,1833.16
2024-11-30T04:00,13.9,83,1904.63
2024-11-30T05:00,13.2,86,2218.56
2024-11-30T06:00,12.4,88,2839.94
2024-11-30T07:00,12.7,86,3296.55
2024-11-30T08:00,14.7,76,3437.83
2024-11-30T09:00,17.6,63,3647.13
2024-11-30T10:00,20.4,54,3791.7
2024-11-30T11:00,22.5,44,3760.31
2024-11-30T12:00,23.9,38,3616.34
2024-11-30T13:00,24.6,35,3259.21
2024-11-30T14:00,24.9,33,3191.84
2024-11-30T15:00,24.7,34,3141.59
2024-11-30T16:00,23.9,38,3126.16
2024-11-30T17:00,22.1,45,3362.59
2024-11-30T18:00,21.8,46,3474.29
2024-11-30T19:00,20.8,52,3305.9
2024-11-30T20:00,20.0,57,3015.98
2024-11-30T21:00,19.1,62,2768.12
2024-11-30T22:00,18.4,66,2523.4
2024-11-30T23:00,17.6,70,2288.27
2024-12-01T00:00,17.2,73,2044.75
2024-12-01T01:00,16.5,76,1894.2
2024-12-01T02:00,16.1,78,1799.26
2024-12-01T03:00,15.6,80,1761.34
2024-12-01T04:00,15.2,81,1816.18
2024-12-01T05:00,15.0,81,2036.85
2024-12-01T06:00,14.1,85,2424.53
2024-12-01T07:00,14.0,85,2936.87
2024-12-01T08:00,16.1,74,3279.23
2024-12-01T09:00,18.4,64,3566.28
2024-12-01T10:00,20.6,54,3770.46
2024-12-01T11:00,22.5,45,3782.46
2024-12-01T12:00,23.8,39,3648.03
2024-12-01T13:00,24.6,37,3257.38
2024-12-01T14:00,24.8,38,3110.28
2024-12-01T15:00,24.4,40,2987.12
2024-12-01T16:00,23.6,44,2929.31
2024-12-01T17:00,22.3,49,3142.72
2024-12-01T18:00,22.2,49,3246.01
2024-12-01T19:00,21.5,52,3091.54
2024-12-01T20:00,20.5,56,2877.28
2024-12-01T21:00,19.5,61,2669.83
2024-12-01T22:00,18.6,65,2425.53
2024-12-01T23:00,17.8,69,2297.49
2024-12-02T00:00,17.1,72,1942.95
2024-12-02T01:00,16.5,74,1763.78
2024-12-02T02:00,15.8,77,1693.46
2024-12-02T03:00,15.1,80,1669.46
2024-12-02T04:00,14.6,82,1763.85
2024-12-02T05:00,14.2,82,2177.57
2024-12-02T06:00,13.3,87,3026.79
2024-12-02T07:00,13.5,85,3467.09
2024-12-02T08:00,15.8,73,3494.91
2024-12-02T09:00,18.3,61,3695.29
2024-12-02T10:00,20.7,51,3857.87
2024-12-02T11:00,22.8,42,3787.58
2024-12-02T12:00,24.4,35,3648.55
2024-12-02T13:00,25.4,32,3309.46
2024-12-02T14:00,25.8,32,3325.29
2024-12-02T15:00,25.5,33,3281.97
2024-12-02T16:00,24.7,36,3243.45
2024-12-02T17:00,22.7,43,3474.87
2024-12-02T18:00,22.5,45,3581.88
2024-12-02T19:00,21.5,48,3398.33
2024-12-02T20:00,20.7,52,3098.72
2024-12-02T21:00,19.9,55,2829.23
2024-12-02T22:00,19.0,60,2557.28
2024-12-02T23:00,18.2,64,2328.02
2024-12-03T00:00,17.5,68,2062.47
2024-12-03T01:00,17.1,70,1904.87
2024-12-03T02:00,16.7,73,1819.48
2024-12-03T03:00,16.1,74,1793.17
2024-12-03T04:00,15.5,76,1877.56
2024-12-03T05:00,14.8,78,2278.54
2024-12-03T06:00,13.5,87,3125.51
2024-12-03T07:00,13.8,85,3566.17
2024-12-03T08:00,15.9,74,3589.2
2024-12-03T09:00,18.7,60,3752.27
2024-12-03T10:00,21.3,50,3840.43
2024-12-03T11:00,23.7,41,3763.94
2024-12-03T12:00,25.3,35,3618.24
2024-12-03T13:00,26.3,31,3306.43
2024-12-03T14:00,26.5,30,3314.47
2024-12-03T15:00,26.1,31,3301.07
2024-12-03T16:00,25.1,35,3293.23
2024-12-03T17:00,23.4,41,3457.13
2024-12-03T18:00,23.4,43,3598.63
2024-12-03T19:00,22.4,47,3406.77
2024-12-03T20:00,21.4,51,3086.23
2024-12-03T21:00,20.4,54,2803.16
2024-12-03T22:00,19.6,57,2564.02
2024-12-04T00:00,18.4,58,2029.62
2024-12-04T01:00,17.9,55,1878.56
2024-12-04T02:00,17.6,54,1792.37
2024-12-04T03:00,17.2,55,1767.68
2024-12-04T04:00,16.8,56,1861.45
2024-12-04T05:00,16.4,59,2258.64
2024-12-04T06:00,15.3,74,3125.22
2024-12-04T07:00,15.2,75,3601.69
2024-12-04T08:00,16.5,69,3643.22
2024-12-04T09:00,18.6,61,3852.37
2024-12-04T10:00,20.9,53,3951.74
2024-12-04T11:00,23.2,44,3896.75
2024-12-04T12:00,24.8,37,3723.09
2024-12-04T13:00,25.5,35,3375.38
2024-12-04T14:00,25.6,34,3374.87
2024-12-04T15:00,25.1,34,3345.82
2024-12-04T16:00,24.3,36,3307.01
2024-12-04T17:00,22.8,39,3549.79
2024-12-04T18:00,22.4,40,3662.19
2024-12-04T19:00,21.3,43,3488.02
2024-12-04T20:00,20.3,44,3157.63
2024-12-04T21:00,19.5,45,2861.62
2024-12-04T22:00,18.8,46,2604.88
2024-12-05T00:00,17.0,50,2075.16
2024-12-05T01:00,16.2,53,1925.67
2024-12-05T02:00,15.2,58,1833.32
2024-12-05T03:00,14.6,61,1792.16
2024-12-05T04:00,14.1,64,1887.96
2024-12-05T05:00,13.6,64,2295.42
2024-12-05T06:00,12.0,68,3140.86
2024-12-05T07:00,12.0,66,3567.43
2024-12-05T08:00,13.5,59,3611.19
2024-12-05T09:00,15.9,48,3725.23
2024-12-05T10:00,18.7,40,3874.6
2024-12-05T11:00,21.1,34,3788.91
2024-12-05T12:00,22.8,28,3627.72
2024-12-05T13:00,23.5,25,3307.98
2024-12-05T14:00,23.6,25,3327.56
2024-12-05T15:00,23.2,26,3320.07
2024-12-05T16:00,22.4,28,3307.36
2024-12-05T17:00,20.7,32,3530.1
2024-12-05T18:00,20.2,35,3652.37
2024-12-05T19:00,19.2,38,3480.18
2024-12-05T20:00,18.3,39,3159.76
2024-12-05T21:00,17.6,41,2854.32
2024-12-05T22:00,16.9,43,2570.61
2024-12-05T23:00,16.5,44,2322.93
2024-12-06T00:00,16.1,44,2063.04
2024-12-06T01:00,15.3,46,1907.47
2024-12-06T02:00,14.4,50,1819.16
2024-12-06T03:00,13.8,53,1780.43
2024-12-06T04:00,13.3,56,1877.08
2024-12-06T05:00,12.5,61,2290.33
2024-12-06T06:00,11.3,73,3157.32
2024-12-06T07:00,11.3,73,3647.19
2024-12-06T08:00,13.2,64,3749.18
2024-12-06T09:00,16.2,52,3957.93
2024-12-06T10:00,19.2,41,4076.72
2024-12-06T11:00,21.6,35,4041.01
2024-12-06T12:00,22.8,34,3913.83
2024-12-06T13:00,23.4,34,3426.17
2024-12-06T14:00,23.5,34,3431.75
2024-12-06T15:00,23.1,35,3265.46
2024-12-06T16:00,22.4,36,3119.91
2024-12-06T17:00,20.7,40,3502.37
2024-12-06T18:00,20.2,41,3677.37
2024-12-06T19:00,19.1,45,3504.14
2024-12-06T20:00,18.2,46,3173.98
2024-12-06T21:00,17.3,44,2860.87
2024-12-06T22:00,16.5,45,2568.76
2024-12-06T23:00,16.1,45,2318.67
2024-12-07T00:00,15.7,45,2037.52
2024-12-07T01:00,15.0,47,1860.12
2024-12-07T02:00,14.4,49,1768.12
2024-12-07T03:00,13.4,52,1722.35
2024-12-07T04:00,12.2,57,1808.83
2024-12-07T05:00,11.4,62,2153.79
2024-12-07T06:00,9.7,73,2858.39
2024-12-07T07:00,9.9,74,3305.24
2024-12-07T08:00,12.4,65,3483.13
2024-12-07T09:00,15.8,53,3711.43
2024-12-07T10:00,19.0,43,3826.74
2024-12-07T11:00,21.2,33,3677.94
2024-12-07T12:00,22.3,25,3400.5
2024-12-07T13:00,22.9,22,3091.39
2024-12-07T14:00,23.1,20,3052.3
2024-12-07T15:00,22.9,20,3066.04
2024-12-07T16:00,22.3,21,3127.01
2024-12-07T17:00,20.4,27,3367.55
2024-12-07T18:00,19.9,29,3452.25
2024-12-07T19:00,18.8,35,3307.22
2024-12-07T20:00,17.1,44,3047.66
2024-12-07T21:00,16.1,49,2819.94
2024-12-07T22:00,15.3,54,2539.64
2024-12-08T00:00,13.5,62,2036.73
2024-12-08T01:00,12.9,64,1881.69
2024-12-08T02:00,12.6,64,1790.36
2024-12-08T03:00,12.2,65,1727.25
2024-12-08T04:00,11.9,66,1760.96
2024-12-08T05:00,11.7,67,2011.66
2024-12-08T06:00,11.0,71,2395.22
2024-12-08T07:00,11.1,70,2880.02
2024-12-08T08:00,12.5,63,3278.26
2024-12-08T09:00,14.9,54,3588.59
2024-12-08T10:00,17.8,45,3760.07
2024-12-08T11:00,20.3,37,3808.29
2024-12-08T12:00,21.5,35,3681.44
2024-12-08T13:00,22.1,35,3327.6
2024-12-08T14:00,22.3,36,3243.27
2024-12-08T15:00,21.8,38,3063.21
2024-12-08T16:00,20.9,41,2987.58
2024-12-08T17:00,19.0,50,3205.33
2024-12-08T18:00,17.9,56,3260.26
2024-12-08T19:00,17.3,61,3182.0
2024-12-08T20:00,16.4,59,2926.43
2024-12-08T21:00,15.7,65,2703.23
2024-12-08T22:00,14.9,72,2473.45
2024-12-09T00:00,13.8,72,1798.87
2024-12-09T01:00,13.2,76,1647.39
2024-12-09T02:00,12.4,82,1560.61
2024-12-09T03:00,11.7,86,1540.94
2024-12-09T04:00,11.2,89,1637.57
2024-12-09T05:00,10.4,91,2075.57
2024-12-09T06:00,11.3,85,2977.98
2024-12-09T07:00,11.2,86,3471.07
2024-12-09T08:00,12.8,77,3687.61
2024-12-09T09:00,14.6,70,3922.24
2024-12-09T10:00,16.2,64,4040.03
2024-12-09T11:00,17.8,58,3937.64
2024-12-09T12:00,19.0,52,3769.7
2024-12-09T13:00,19.8,47,3430.92
2024-12-09T14:00,20.2,43,3407.42
2024-12-09T15:00,20.2,42,3335.65
2024-12-09T16:00,19.6,44,3237.85
2024-12-09T17:00,17.7,54,3371.46
2024-12-09T18:00,17.6,51,3529.6
2024-12-09T19:00,16.9,56,3522.58
2024-12-09T20:00,16.4,58,3240.23
2024-12-09T21:00,15.5,61,2970.55
2024-12-09T22:00,14.7,62,2678.62
2024-12-09T23:00,14.1,63,2372.57
2024-12-10T00:00,13.3,66,2086.05
2024-12-10T01:00,12.7,69,1912.55
2024-12-10T02:00,12.4,69,1819.76
2024-12-10T03:00,11.8,69,1777.39
2024-12-10T04:00,11.3,71,1883.2
2024-12-10T05:00,10.7,74,2305.73
2024-12-10T06:00,9.8,86,3233.71
2024-12-10T07:00,9.8,85,3748.8
2024-12-10T08:00,11.1,79,3843.11
2024-12-10T09:00,13.1,70,4027.07
2024-12-10T10:00,15.3,61,4113.89
2024-12-10T11:00,17.5,51,3992.75
2024-12-10T12:00,19.2,35,3813.26
2024-12-10T13:00,20.1,22,3462.16
2024-12-10T14:00,20.1,21,3458.49
2024-12-10T15:00,19.7,22,3424.85
2024-12-10T16:00,18.6,26,3408.01
2024-12-10T17:00,16.6,33,3663.62
2024-12-10T18:00,16.6,36,3771.63
2024-12-10T19:00,15.7,38,3624.52
2024-12-10T20:00,14.7,42,3355.05
2024-12-10T21:00,13.6,46,3066.31
2024-12-10T22:00,12.8,48,2751.19
2024-12-11T00:00,11.5,51,2099.2
2024-12-11T01:00,10.9,53,1934.92
2024-12-11T02:00,10.4,53,1842.61
2024-12-11T03:00,10.1,52,1806.59
2024-12-11T04:00,9.8,51,1895.36
2024-12-11T05:00,9.4,52,2320.67
2024-12-11T06:00,8.4,59,3235.67
2024-12-11T07:00,8.2,61,3814.81
2024-12-11T08:00,9.5,58,3951.23
2024-12-11T09:00,11.8,52,4121.99
2024-12-11T10:00,14.4,45,4204.4
2024-12-11T11:00,16.9,39,4140.7
2024-12-11T12:00,18.6,34,3919.69
2024-12-11T13:00,19.7,31,3557.88
2024-12-11T14:00,20.2,30,3515.01
2024-12-11T15:00,20.0,31,3476.65
2024-12-11T16:00,19.2,33,3436.42
2024-12-11T17:00,16.9,41,3653.64
2024-12-11T18:00,16.9,42,3802.94
2024-12-11T19:00,15.9,46,3641.21
2024-12-11T20:00,15.0,48,3345.7
2024-12-11T21:00,14.2,50,3055.55
2024-12-11T22:00,13.3,53,2738.88
2024-12-11T23:00,12.5,56,2418.77
2024-12-12T00:00,11.7,59,2064.28
2024-12-12T01:00,10.8,63,1871.34
2024-12-12T02:00,10.1,66,1770.82
2024-12-12T03:00,9.6,68,1729.6
2024-12-12T04:00,9.1,71,1819.75
2024-12-12T05:00,8.8,72,2272.3
2024-12-12T06:00,7.7,75,3234.44
2024-12-12T07:00,8.0,74,3810.83
2024-12-12T08:00,9.9,66,3930.31
2024-12-12T09:00,12.5,57,4085.1
2024-12-12T10:00,15.4,47,4174.35
2024-12-12T11:00,17.9,39,4020.08
2024-12-12T12:00,19.4,33,3804.36
2024-12-12T13:00,20.2,31,3434.02
2024-12-12T14:00,20.5,30,3399.27
2024-12-12T15:00,20.2,31,3358.93
2024-12-12T16:00,19.3,34,3341.01
2024-12-12T17:00,17.8,39,3613.17
2024-12-12T18:00,17.7,42,3738.93
2024-12-12T19:00,16.7,47,3597.0
2024-12-12T20:00,15.7,50,3329.0
2024-12-12T21:00,15.0,52,3041.3
2024-12-12T22:00,14.6,52,2715.0
2024-12-12T23:00,13.8,53,2378.9
2024-12-13T00:00,13.0,57,2011.76
2024-12-13T01:00,12.5,59,1818.33
2024-12-13T02:00,11.9,61,1706.52
2024-12-13T03:00,11.3,63,1677.9
2024-12-13T04:00,10.8,65,1779.94
2024-12-13T05:00,10.4,65,2237.7
2024-12-13T06:00,9.4,71,3242.51
2024-12-13T07:00,9.2,70,3873.88
2024-12-13T08:00,10.4,65,4054.49
2024-12-13T09:00,12.5,55,4287.7
2024-12-13T10:00,15.1,46,4430.48
2024-12-13T11:00,17.5,38,4349.2
2024-12-13T12:00,19.2,33,4184.84
2024-12-13T13:00,20.3,29,3738.19
2024-12-13T14:00,20.6,29,3607.82
2024-12-13T15:00,20.2,30,3505.86
2024-12-13T16:00,19.4,33,3450.42
2024-12-13T17:00,17.8,39,3693.0
2024-12-13T18:00,17.7,40,3808.44
2024-12-13T19:00,16.9,39,3681.22
2024-12-13T20:00,16.2,38,3401.7
2024-12-13T21:00,15.4,39,3121.47
2024-12-13T22:00,14.7,40,2797.24
2024-12-13T23:00,14.0,41,2470.62
2024-12-14T00:00,13.3,43,2097.24
2024-12-14T01:00,12.6,45,1905.63
2024-12-14T02:00,12.0,47,1787.52
2024-12-14T03:00,11.4,48,1728.48
2024-12-14T04:00,10.9,49,1815.96
2024-12-14T05:00,10.5,50,2147.01
2024-12-14T06:00,8.9,60,2758.75
2024-12-14T07:00,8.6,61,3421.67
2024-12-14T08:00,9.8,56,3816.84
2024-12-14T09:00,11.9,49,4145.48
2024-12-14T10:00,14.5,42,4289.07
2024-12-14T11:00,17.0,35,4196.01
2024-12-14T12:00,19.0,31,3940.62
2024-12-14T13:00,20.2,29,3488.96
2024-12-14T14:00,20.7,29,3357.37
2024-12-14T15:00,20.5,30,3271.07
2024-12-14T16:00,19.8,32,3237.91
2024-12-14T17:00,18.0,38,3458.78
2024-12-14T18:00,17.8,41,3616.23
2024-12-14T19:00,16.7,44,3503.62
2024-12-14T20:00,15.7,47,3238.28
2024-12-14T21:00,14.9,49,2979.64
2024-12-14T22:00,14.1,52,2683.33
2024-12-14T23:00,13.4,54,2347.94
2024-12-15T00:00,12.8,55,2003.44
2024-12-15T01:00,12.0,57,1802.79
2024-12-15T02:00,11.3,58,1694.78
2024-12-15T03:00,10.6,60,1654.73
2024-12-15T04:00,9.9,62,1718.35
2024-12-15T05:00,9.3,64,1958.22
2024-12-15T06:00,7.3,76,2464.8
2024-12-15T07:00,7.3,76,3108.27
2024-12-15T08:00,9.2,66,3612.43
2024-12-15T09:00,12.0,55,4034.79
2024-12-15T10:00,14.8,46,4314.75
2024-12-15T11:00,17.3,38,4272.39
2024-12-15T12:00,19.2,32,4071.27
2024-12-15T13:00,20.5,28,3621.74
2024-12-15T14:00,21.1,26,3377.75
2024-12-15T15:00,21.0,26,3167.55
2024-12-15T16:00,20.1,28,3093.97
2024-12-15T17:00,17.5,38,3339.53
2024-12-15T18:00,17.3,46,3486.0
2024-12-15T19:00,16.2,52,3405.38
2024-12-15T20:00,15.3,56,3215.36
2024-12-15T21:00,14.4,60,3007.06
2024-12-15T22:00,13.6,64,2690.71
2024-12-16T00:00,12.1,71,1986.57
2024-12-16T01:00,11.4,76,1779.26
2024-12-16T02:00,10.6,80,1680.01
2024-12-16T03:00,9.6,84,1645.37
2024-12-16T04:00,8.8,88,1749.98
2024-12-16T05:00,8.2,90,2242.76
2024-12-16T06:00,7.0,92,3233.62
2024-12-16T07:00,7.0,92,3899.57
2024-12-16T08:00,8.7,85,4081.82
2024-12-16T09:00,11.4,74,4247.78
2024-12-16T10:00,14.3,66,4337.89
2024-12-16T11:00,16.8,57,4231.71
2024-12-16T12:00,18.7,48,3996.15
2024-12-16T13:00,20.1,42,3596.58
2024-12-16T14:00,20.9,38,3569.02
2024-12-16T15:00,21.0,38,3505.5
2024-12-16T16:00,20.3,41,3482.52
2024-12-16T17:00,17.9,52,3714.63
2024-12-16T18:00,17.5,56,3865.48
2024-12-16T19:00,16.8,61,3731.22
2024-12-16T20:00,16.2,64,3462.54
2024-12-16T21:00,15.9,67,3206.45
2024-12-16T22:00,15.2,71,2851.88
2024-12-16T23:00,14.0,76,2458.08
2024-12-17T00:00,12.7,83,2076.76
2024-12-17T01:00,11.5,90,1873.12
2024-12-17T02:00,10.4,96,1741.77
2024-12-17T03:00,9.4,100,1683.09
2024-12-17T04:00,9.0,100,1788.84
2024-12-17T05:00,9.0,99,2245.89
2024-12-17T06:00,8.0,99,3259.13
2024-12-17T07:00,7.7,98,3970.03
2024-12-17T08:00,9.1,96,4142.07
2024-12-17T09:00,11.1,92,4314.13
2024-12-17T10:00,13.7,80,4414.24
2024-12-17T11:00,16.6,67,4320.56
2024-12-17T12:00,18.9,54,4055.63
2024-12-17T13:00,20.1,48,3657.36
2024-12-17T14:00,20.6,44,3594.6
2024-12-17T15:00,20.5,43,3584.53
2024-12-17T16:00,19.9,44,3556.14
2024-12-17T17:00,17.7,52,3822.13
2024-12-17T18:00,18.1,55,3974.18
2024-12-17T19:00,16.8,62,3836.05
2024-12-17T20:00,16.1,66,3571.23
2024-12-17T21:00,15.5,68,3283.27
2024-12-17T22:00,14.7,69,2940.32
2024-12-17T23:00,13.8,71,2504.61
2024-12-18T00:00,12.8,77,2128.83
2024-12-18T01:00,11.8,82,1916.78
2024-12-18T02:00,10.8,87,1812.21
2024-12-18T03:00,10.1,89,1775.85
2024-12-18T04:00,9.6,91,1889.86
2024-12-18T05:00,9.2,92,2366.76
2024-12-18T06:00,8.0,98,3393.27
2024-12-18T07:00,7.6,99,4103.62
2024-12-18T08:00,8.1,96,4318.66
2024-12-18T09:00,10.1,86,4542.98
2024-12-18T10:00,13.4,70,4698.69
2024-12-18T11:00,17.0,56,4582.22
2024-12-18T12:00,19.1,45,4332.2
2024-12-18T13:00,20.4,38,3891.08
2024-12-18T14:00,20.9,35,3814.65
2024-12-18T15:00,20.8,36,3749.04
2024-12-18T16:00,19.7,42,3706.1
2024-12-18T17:00,17.7,50,3902.71
2024-12-18T18:00,17.5,52,4051.53
2024-12-18T19:00,16.2,59,3900.45
2024-12-18T20:00,15.3,64,3646.56
2024-12-18T21:00,14.5,68,3376.79
2024-12-18T22:00,13.5,72,3010.95
2024-12-18T23:00,12.4,76,2603.24
2024-12-19T00:00,11.5,79,2178.6
2024-12-19T01:00,10.7,82,1947.68
2024-12-19T02:00,10.0,85,1847.65
2024-12-19T03:00,9.5,87,1789.16
2024-12-19T04:00,9.1,87,1896.52
2024-12-19T05:00,9.1,86,2352.5
2024-12-19T06:00,8.0,88,3357.15
2024-12-19T07:00,8.0,89,4042.51
2024-12-19T08:00,10.3,80,4249.31
2024-12-19T09:00,13.5,67,4461.48
2024-12-19T10:00,16.3,56,4592.5
2024-12-19T11:00,18.1,47,4455.99
2024-12-19T12:00,19.5,38,4240.37
2024-12-19T13:00,20.4,34,3804.07
2024-12-19T14:00,20.8,33,3760.35
2024-12-19T15:00,20.8,33,3721.15
2024-12-19T16:00,20.1,35,3668.39
2024-12-19T17:00,18.2,43,3910.29
2024-12-19T18:00,17.6,48,4057.34
2024-12-19T19:00,16.6,54,3894.86
2024-12-19T20:00,16.2,57,3644.14
2024-12-19T21:00,15.6,60,3363.66
2024-12-19T22:00,14.8,64,2986.01
2024-12-19T23:00,14.0,69,2579.35
2024-12-20T00:00,13.1,73,2151.98
2024-12-20T01:00,12.3,77,1940.24
2024-12-20T02:00,11.8,79,1826.44
2024-12-20T03:00,11.5,81,1776.27
2024-12-20T04:00,11.2,82,1881.9
2024-12-20T05:00,10.9,83,2347.2
2024-12-20T06:00,10.5,87,3378.68
2024-12-20T07:00,10.2,88,4130.35
2024-12-20T08:00,12.1,79,4418.41
2024-12-20T09:00,14.9,66,4685.13
2024-12-20T10:00,17.8,55,4857.51
2024-12-20T11:00,20.0,46,4774.69
2024-12-20T12:00,21.6,38,4565.01
2024-12-20T13:00,22.6,33,4122.0
2024-12-20T14:00,23.2,29,3915.26
2024-12-20T15:00,23.2,29,3789.13
2024-12-20T16:00,22.3,32,3720.11
2024-12-20T17:00,20.0,42,3923.78
2024-12-20T18:00,19.2,49,4055.16
2024-12-20T19:00,18.3,57,3892.09
2024-12-20T20:00,17.2,66,3619.11
2024-12-20T21:00,16.2,71,3342.27
2024-12-20T22:00,15.4,74,3009.4
2024-12-20T23:00,14.5,78,2634.06
2024-12-21T00:00,13.5,82,2226.3
2024-12-21T01:00,12.7,85,2001.17
2024-12-21T02:00,12.1,86,1882.61
2024-12-21T03:00,11.5,86,1828.97
2024-12-21T04:00,11.0,86,1919.3
2024-12-21T05:00,10.6,86,2301.22
2024-12-21T06:00,9.3,92,3076.91
2024-12-21T07:00,9.2,92,3750.17
2024-12-21T08:00,10.6,86,4045.36
2024-12-21T09:00,13.3,73,4270.3
2024-12-21T10:00,16.1,61,4425.24
2024-12-21T11:00,18.7,49,4328.56
2024-12-21T12:00,20.8,39,4064.72
2024-12-21T13:00,21.8,34,3593.74
2024-12-21T14:00,22.1,33,3488.64
2024-12-21T15:00,21.8,35,3392.11
2024-12-21T16:00,20.9,39,3365.1
2024-12-21T17:00,18.5,51,3592.95
2024-12-21T18:00,18.5,48,3777.57
2024-12-21T19:00,17.5,53,3642.73
2024-12-21T20:00,16.6,58,3412.03
2024-12-21T21:00,15.6,63,3178.28
2024-12-21T22:00,14.9,65,2866.14
2024-12-21T23:00,14.2,69,2504.63
2024-12-22T00:00,13.5,71,2125.14
2024-12-22T01:00,13.1,73,1913.65
2024-12-22T02:00,13.0,73,1793.48
2024-12-22T03:00,13.1,71,1738.12
2024-12-22T04:00,12.6,74,1799.7
2024-12-22T05:00,12.1,77,2061.91
2024-12-22T06:00,10.6,83,2573.27
2024-12-22T07:00,10.5,83,3199.5
2024-12-22T08:00,12.1,75,3637.28
2024-12-22T09:00,15.2,62,4094.69
2024-12-22T10:00,18.1,49,4377.76
2024-12-22T11:00,20.1,42,4397.01
2024-12-22T12:00,21.4,38,4175.24
2024-12-22T13:00,22.2,35,3691.73
2024-12-22T14:00,22.5,34,3439.92
2024-12-22T15:00,22.2,35,3222.98
2024-12-22T16:00,21.4,37,3140.03
2024-12-22T17:00,19.8,43,3341.44
2024-12-22T18:00,19.0,50,3488.97
2024-12-22T19:00,17.5,58,3399.44
2024-12-22T20:00,16.7,62,3207.55
2024-12-22T21:00,15.5,66,3002.43
2024-12-22T22:00,14.8,68,2673.49
2024-12-22T23:00,14.3,70,2335.8
2024-12-23T00:00,14.0,69,1956.58
2024-12-23T01:00,13.4,69,1749.4
2024-12-23T02:00,12.9,70,1646.26
2024-12-23T03:00,12.4,71,1607.91
2024-12-23T04:00,12.0,72,1718.19
2024-12-23T05:00,11.6,73,2186.96
2024-12-23T06:00,12.8,72,3127.86
2024-12-23T07:00,12.1,75,3768.04
2024-12-23T08:00,13.0,71,4157.8
2024-12-23T09:00,14.3,68,4443.8
2024-12-23T10:00,15.3,65,4616.09
2024-12-23T11:00,15.5,67,4564.89
2024-12-23T12:00,16.9,61,4393.34
2024-12-23T13:00,17.6,57,3995.04
2024-12-23T14:00,16.9,60,3892.47
2024-12-23T15:00,16.3,63,3820.77
2024-12-23T16:00,16.6,64,3718.99
2024-12-23T17:00,16.4,65,3880.82
2024-12-23T18:00,16.3,66,3986.46
2024-12-23T19:00,15.6,69,3800.72
2024-12-23T20:00,15.1,70,3584.41
2024-12-23T21:00,14.5,70,3338.98
2024-12-23T22:00,13.5,76,2998.11
2024-12-23T23:00,12.8,80,2621.44
2024-12-24T00:00,12.3,83,2167.03
2024-12-24T01:00,11.8,86,1942.33
2024-12-24T02:00,12.1,85,1822.43
2024-12-24T03:00,12.3,82,1779.16
2024-12-24T04:00,12.1,82,1863.14
2024-12-24T05:00,11.4,86,2276.34
2024-12-24T06:00,11.9,85,3161.05
2024-12-24T07:00,11.9,84,3908.61
2024-12-24T08:00,12.7,83,4285.03
2024-12-24T09:00,13.8,78,4583.8
2024-12-24T10:00,15.3,71,4731.54
2024-12-24T11:00,17.1,64,4630.46
2024-12-24T12:00,18.2,58,4411.92
2024-12-24T13:00,18.2,59,3954.72
2024-12-24T14:00,18.7,58,3858.45
2024-12-24T15:00,18.3,61,3756.0
2024-12-24T16:00,18.2,62,3669.09
2024-12-24T17:00,16.9,72,3898.6
2024-12-24T18:00,15.9,80,3982.43
2024-12-24T19:00,15.6,80,3799.14
2024-12-24T20:00,15.3,82,3514.22
2024-12-24T21:00,14.8,84,3249.34
2024-12-24T22:00,14.2,86,2963.78
2024-12-25T00:00,13.0,91,2068.95
2024-12-25T01:00,12.4,93,1827.74
2024-12-25T02:00,12.1,94,1711.6
2024-12-25T03:00,11.7,95,1682.52
2024-12-25T04:00,11.2,95,1815.35
2024-12-25T05:00,10.8,94,2100.37
2024-12-25T06:00,10.8,96,2692.11
2024-12-25T07:00,10.9,96,3445.85
2024-12-25T08:00,11.8,93,4000.82
2024-12-25T09:00,13.6,85,4481.58
2024-12-25T10:00,16.1,73,4824.06
2024-12-25T11:00,18.0,63,4750.36
2024-12-25T12:00,19.3,56,4496.39
2024-12-25T13:00,20.2,51,3954.5
2024-12-25T14:00,20.6,49,3754.01
2024-12-25T15:00,20.6,49,3581.55
2024-12-25T16:00,20.0,51,3508.58
2024-12-25T17:00,18.0,64,3717.03
2024-12-25T18:00,17.1,73,3885.56
2024-12-25T19:00,16.3,76,3749.34
2024-12-25T20:00,15.6,78,3468.45
2024-12-25T21:00,14.8,80,3201.93
2024-12-25T22:00,14.0,83,2901.85
2024-12-25T23:00,13.3,85,2510.25
2024-12-26T00:00,12.7,86,2153.36
2024-12-26T01:00,12.0,88,1914.58
2024-12-26T02:00,11.5,89,1733.06
2024-12-26T03:00,10.9,90,1687.99
2024-12-26T04:00,10.5,91,1827.9
2024-12-26T05:00,10.1,92,2262.3
2024-12-26T06:00,9.9,92,3205.02
2024-12-26T07:00,9.9,92,3922.25
2024-12-26T08:00,11.6,86,4174.97
2024-12-26T09:00,14.0,77,4417.46
2024-12-26T10:00,16.8,67,4572.03
2024-12-26T11:00,19.4,56,4415.99
2024-12-26T12:00,21.2,46,4176.93
2024-12-26T13:00,22.2,41,3719.27
2024-12-26T14:00,22.6,39,3682.38
2024-12-26T15:00,22.5,40,3625.74
2024-12-26T16:00,21.9,42,3624.58
2024-12-26T17:00,20.0,57,3852.16
2024-12-26T18:00,19.5,51,4000.78
2024-12-26T19:00,18.6,54,3844.77
2024-12-26T20:00,18.0,56,3579.52
2024-12-26T21:00,17.4,60,3281.14
2024-12-26T22:00,16.9,64,2926.0
2024-12-26T23:00,16.5,67,2540.28
2024-12-27T00:00,15.7,72,2151.49
2024-12-27T01:00,15.7,71,1944.56
2024-12-27T02:00,15.3,71,1817.84
2024-12-27T03:00,15.6,70,1766.95
2024-12-27T04:00,15.1,72,1836.15
2024-12-27T05:00,14.9,73,2226.15
2024-12-27T06:00,14.4,84,3121.67
2024-12-27T07:00,14.4,85,3728.48
2024-12-27T08:00,14.9,83,3859.48
2024-12-27T09:00,15.0,85,4059.73
2024-12-27T10:00,15.5,86,4511.28
2024-12-27T11:00,16.6,84,4629.98
2024-12-27T12:00,17.1,81,4514.99
2024-12-27T13:00,16.8,81,4117.74
2024-12-27T14:00,16.3,85,3989.61
2024-12-27T15:00,15.6,92,3836.92
2024-12-27T16:00,15.0,90,3742.66
2024-12-27T17:00,14.3,94,3894.13
2024-12-27T18:00,14.3,96,3995.47
2024-12-27T19:00,14.4,95,3818.67
2024-12-27T20:00,14.4,95,3580.53
2024-12-27T21:00,14.4,93,3279.99
2024-12-27T22:00,14.2,93,2937.16
2024-12-28T00:00,13.6,93,2081.49
2024-12-28T01:00,13.2,93,1841.5
2024-12-28T02:00,13.6,91,1717.28
2024-12-28T03:00,13.0,94,1683.13
2024-12-28T04:00,12.8,94,1769.95
2024-12-28T05:00,12.3,94,2103.84
2024-12-28T06:00,13.0,95,2774.31
2024-12-28T07:00,13.8,93,3476.8
2024-12-28T08:00,14.7,90,4005.14
2024-12-28T09:00,15.1,91,4374.12
2024-12-28T10:00,16.3,87,4642.85
2024-12-28T11:00,17.3,83,4611.97
2024-12-28T12:00,17.5,82,4427.0
2024-12-28T13:00,17.4,82,4078.02
2024-12-28T14:00,17.9,79,3908.55
2024-12-28T15:00,18.1,77,3705.27
2024-12-28T16:00,17.8,78,3606.67
2024-12-28T17:00,16.6,85,3795.03
2024-12-28T18:00,15.8,91,3869.63
2024-12-28T19:00,15.4,92,3716.13
2024-12-28T20:00,14.7,93,3477.27
2024-12-28T21:00,13.3,95,3235.32
2024-12-28T22:00,12.8,96,2956.35
2024-12-29T00:00,12.5,96,2116.78
2024-12-29T01:00,12.0,96,1999.96
2024-12-29T02:00,11.6,96,1742.43
2024-12-29T03:00,11.3,96,1666.85
2024-12-29T04:00,10.9,96,1736.32
2024-12-29T05:00,10.6,97,1983.54
2024-12-29T06:00,12.5,98,2516.33
2024-12-29T07:00,12.5,97,3217.15
2024-12-29T08:00,12.8,94,3780.77
2024-12-29T09:00,13.4,91,4310.55
2024-12-29T10:00,14.7,84,4624.6
2024-12-30T00:00,10.8,93,2097.04
2024-12-30T01:00,10.6,94,1850.23
2024-12-30T02:00,10.4,94,1716.01
2024-12-30T03:00,10.1,95,1644.39
2024-12-30T04:00,9.9,96,1777.26
2024-12-30T05:00,9.6,96,2229.17
2024-12-30T06:00,10.9,99,3150.49
2024-12-30T07:00,11.0,99,3906.42
2024-12-30T08:00,11.2,98,4338.54
2024-12-30T09:00,12.1,93,4742.05
2024-12-30T10:00,13.3,87,4970.54
2024-12-30T11:00,14.9,79,4801.02
2024-12-30T12:00,16.2,75,4544.49
2024-12-30T13:00,17.3,71,4122.44
2024-12-30T14:00,17.9,70,4074.13
2024-12-30T15:00,18.1,68,3932.07
2024-12-30T16:00,17.6,71,3843.92
2024-12-30T17:00,15.9,79,4031.35
2024-12-30T18:00,12.6,86,4181.16
2024-12-30T19:00,12.0,87,4062.17
2024-12-30T20:00,11.5,88,3840.35
2024-12-30T21:00,10.9,90,3610.92
2024-12-30T22:00,10.2,92,3249.65
2024-12-30T23:00,9.6,94,2779.44
2024-12-31T00:00,9.2,96,2253.27
2024-12-31T01:00,8.7,97,1979.69
2024-12-31T02:00,8.5,99,1835.59
2024-12-31T03:00,8.4,98,1784.69
2024-12-31T04:00,8.4,97,1846.9
2024-12-31T05:00,7.5,97,2240.18
2024-12-31T06:00,9.7,97,3045.67
2024-12-31T07:00,9.8,97,3884.43
2024-12-31T08:00,9.9,98,4430.52
2024-12-31T09:00,10.3,98,4826.54
2024-12-31T10:00,11.9,90,5070.35
2024-12-31T11:00,13.3,83,5029.85
2024-12-31T12:00,14.7,78,4792.52
2024-12-31T13:00,15.5,74,4258.4
2024-12-31T14:00,16.0,69,4129.28
2024-12-31T15:00,16.1,69,3993.02
2024-12-31T16:00,15.7,72,3958.51
2024-12-31T17:00,14.0,81,4122.82
2024-12-31T18:00,12.1,85,4268.64
2024-12-31T19:00,11.5,87,4124.33
2024-12-31T20:00,11.0,89,3831.68
2024-12-31T21:00,10.4,91,3593.98
2024-12-31T22:00,9.9,93,3257.43
2024-12-31T23:00,9.2,96,2833.8
2025-01-01T00:00,8.3,100,2373.67
2025-01-01T01:00,8.0,100,2092.1
2025-01-01T02:00,7.8,100,1912.58
2025-01-01T03:00,8.0,99,1841.63
2025-01-01T04:00,7.7,98,1946.2
2025-01-01T05:00,7.8,97,2277.24
2025-01-01T06:00,8.4,96,3020.17
2025-01-01T07:00,8.5,95,3928.84
2025-01-01T08:00,8.9,93,4607.22
2025-01-01T09:00,9.5,97,5126.45
2025-01-01T10:00,11.3,89,5449.07
2025-01-01T11:00,13.2,82,5442.61
2025-01-01T12:00,14.6,78,5189.37
2025-01-01T13:00,15.8,73,4589.1
2025-01-01T14:00,16.6,71,4312.28
2025-01-01T15:00,16.8,70,4031.36
2025-01-01T16:00,16.3,73,3870.82
2025-01-01T17:00,14.7,80,3935.6
2025-01-01T18:00,12.2,86,4033.56
2025-01-01T19:00,11.6,88,3910.82
2025-01-01T20:00,11.1,90,3731.31
2025-01-01T21:00,10.7,91,3552.52
2025-01-01T22:00,10.3,93,3245.41
2025-01-01T23:00,9.8,94,2756.07
2025-01-02T00:00,9.5,95,2252.52
2025-01-02T01:00,9.1,96,1948.86
2025-01-02T02:00,8.9,96,1803.48
2025-01-02T03:00,8.5,97,1733.34
2025-01-02T04:00,8.5,97,1819.4
2025-01-02T05:00,8.8,97,2142.08
2025-01-02T06:00,8.7,97,2850.58
2025-01-02T07:00,8.7,96,3736.16
2025-01-02T08:00,9.9,93,4345.58
2025-01-02T09:00,11.7,90,4831.22
2025-01-02T10:00,13.6,82,5132.42
2025-01-02T11:00,15.2,76,5068.34
2025-01-02T12:00,16.5,71,4815.68
2025-01-02T13:00,17.6,66,4347.62
2025-01-02T14:00,18.2,65,4195.59
2025-01-02T15:00,18.2,65,4108.89
2025-01-02T16:00,17.6,69,4059.77
2025-01-02T17:00,15.7,78,4241.42
2025-01-02T18:00,13.6,81,4417.47
2025-01-02T19:00,13.1,83,4307.1
2025-01-02T20:00,12.6,84,4082.89
2025-01-02T21:00,11.8,87,3833.05
2025-01-02T22:00,11.0,90,3427.53
2025-01-02T23:00,10.2,92,2876.52
2025-01-03T00:00,9.7,93,2352.39
2025-01-03T01:00,9.4,93,2057.95
2025-01-03T02:00,9.0,94,1879.25
2025-01-03T03:00,9.2,94,1817.51
2025-01-03T04:00,8.9,96,1901.51
2025-01-03T05:00,8.6,98,2253.02
2025-01-03T06:00,9.3,99,3071.7
2025-01-03T07:00,9.2,96,4028.1
2025-01-03T08:00,9.8,96,4686.8
2025-01-03T09:00,11.0,95,5203.7
2025-01-03T10:00,12.8,92,5572.48
2025-01-03T11:00,15.2,82,5508.2
2025-01-03T12:00,17.3,72,5232.89
2025-01-03T13:00,18.7,64,4615.16
2025-01-03T14:00,19.4,62,4339.84
2025-01-03T15:00,19.6,61,4086.36
2025-01-03T16:00,19.0,70,4004.6
2025-01-03T17:00,16.7,78,4186.93
2025-01-03T18:00,14.7,82,4379.66
2025-01-03T19:00,13.7,86,4249.1
2025-01-03T20:00,12.8,89,4014.09
2025-01-03T21:00,12.0,90,3772.19
2025-01-03T22:00,11.4,91,3424.08
2025-01-03T23:00,10.9,91,2959.02
2025-01-04T00:00,10.3,92,2375.11
2025-01-04T01:00,9.7,95,2067.89
2025-01-04T02:00,9.3,97,1893.29
2025-01-04T03:00,9.0,96,1831.36
2025-01-04T04:00,8.4,97,1901.22
2025-01-04T05:00,8.6,99,2216.86
2025-01-04T06:00,9.0,98,2894.88
2025-01-04T07:00,9.2,98,3719.58
2025-01-04T08:00,10.0,98,4312.69
2025-01-04T09:00,11.9,97,4755.42
2025-01-04T10:00,14.4,91,5033.2
2025-01-04T11:00,17.0,82,4929.2
2025-01-04T12:00,19.3,74,4632.45
2025-01-04T13:00,20.4,70,4096.18
2025-01-04T14:00,21.0,69,3898.76
2025-01-04T15:00,21.1,69,3781.62
2025-01-04T16:00,20.3,74,3718.84
2025-01-04T17:00,17.7,84,3918.43
2025-01-04T18:00,14.5,86,4140.27
2025-01-04T19:00,13.9,89,4048.43
2025-01-04T20:00,13.2,92,3862.93
2025-01-04T21:00,12.6,94,3667.51
2025-01-04T22:00,12.0,95,3309.32
2025-01-04T23:00,11.1,96,2876.61
2025-01-05T00:00,10.4,96,2302.78
2025-01-05T01:00,9.3,97,1991.18
2025-01-05T02:00,9.3,98,1832.02
2025-01-05T03:00,9.2,98,1754.16
2025-01-05T04:00,9.3,99,1807.75
2025-01-05T05:00,9.9,100,2070.5
2025-01-05T06:00,9.9,98,2607.36
2025-01-05T07:00,9.7,98,3320.87
2025-01-05T08:00,9.7,97,3992.09
2025-01-05T09:00,10.1,97,4587.5
2025-01-05T10:00,11.7,91,5036.16
2025-01-05T11:00,14.0,84,5024.34
2025-01-05T12:00,15.7,79,4709.1
2025-01-05T13:00,17.1,75,4203.43
2025-01-05T14:00,17.9,71,3911.16
2025-01-05T15:00,18.1,71,3668.57
2025-01-05T16:00,17.6,74,3587.45
2025-01-05T17:00,16.0,81,3781.78
2025-01-05T18:00,13.8,87,3974.05
2025-01-05T19:00,13.2,90,3906.08
2025-01-05T20:00,12.6,91,3792.41
2025-01-05T21:00,12.2,92,3614.32
2025-01-05T22:00,11.5,94,3238.86
2025-01-05T23:00,10.8,95,2755.83
2025-01-06T00:00,10.3,97,2248.47
2025-01-06T01:00,9.8,98,1957.43
2025-01-06T02:00,9.7,99,1796.81
2025-01-06T03:00,8.8,100,1736.72
2025-01-06T04:00,9.1,99,1833.04
2025-01-06T05:00,9.0,100,2213.89
2025-01-06T06:00,9.9,100,3034.97
2025-01-06T07:00,10.6,98,3908.91
2025-01-06T08:00,10.9,98,4436.31
2025-01-06T09:00,12.5,92,4843.38
2025-01-06T10:00,14.0,88,5212.09
2025-01-06T11:00,15.7,81,5109.25
2025-01-06T12:00,16.8,77,4893.66
2025-01-06T13:00,17.5,74,4448.99
2025-01-06T14:00,17.9,71,4344.9
2025-01-06T15:00,18.0,73,4198.26
2025-01-06T16:00,17.4,75,4082.44
2025-01-06T17:00,16.1,80,4254.84
2025-01-06T18:00,14.2,86,4417.18
2025-01-06T19:00,13.6,87,4292.94
2025-01-06T20:00,13.5,87,4076.19
2025-01-06T21:00,13.0,88,3827.91
2025-01-06T22:00,12.4,91,3432.59
2025-01-06T23:00,11.9,94,2895.08
2025-01-07T00:00,11.5,95,2349.45
2025-01-07T01:00,11.3,95,2039.82
2025-01-07T02:00,11.0,95,1889.64
2025-01-07T03:00,10.7,96,1824.95
2025-01-07T04:00,10.4,97,1903.09
2025-01-07T05:00,10.2,97,2276.45
2025-01-07T06:00,11.3,98,3135.18
2025-01-07T07:00,11.1,98,4065.98
2025-01-07T08:00,11.2,99,4690.12
2025-01-07T09:00,11.7,97,5093.42
2025-01-07T10:00,12.9,92,5362.4
2025-01-07T11:00,14.2,86,5332.94
2025-01-07T12:00,15.6,79,5104.63
2025-01-07T13:00,16.9,69,4656.82
2025-01-07T14:00,17.5,69,4439.14
2025-01-07T15:00,17.5,69,4205.95
2025-01-07T16:00,16.8,72,4090.38
2025-01-07T17:00,15.5,78,4262.28
2025-01-07T18:00,13.8,86,4449.59
2025-01-07T19:00,13.3,87,4309.65
2025-01-07T20:00,12.8,89,4123.35
2025-01-07T21:00,12.2,91,3887.64
2025-01-07T22:00,11.7,91,3507.66
2025-01-07T23:00,11.2,90,2995.55
2025-01-08T00:00,10.7,89,2386.29
2025-01-08T01:00,10.2,88,2069.2
2025-01-08T02:00,9.8,88,1907.17
2025-01-08T03:00,9.5,88,1838.37
2025-01-08T04:00,9.2,87,1924.06
2025-01-08T05:00,9.0,86,2319.34
2025-01-08T06:00,8.9,88,3214.72
2025-01-08T07:00,8.7,88,4192.52
2025-01-08T08:00,9.6,84,4760.96
2025-01-08T09:00,11.3,80,5143.27
2025-01-08T10:00,13.2,73,5372.68
2025-01-08T11:00,15.0,67,5222.14
2025-01-08T12:00,16.7,62,4884.92
2025-01-08T13:00,17.8,56,4265.75
2025-01-08T14:00,18.4,52,4100.52
2025-01-08T15:00,18.3,52,3975.61
2025-01-08T16:00,17.6,57,3929.9
2025-01-08T17:00,15.4,67,4133.04
2025-01-08T18:00,14.7,71,4355.59
2025-01-08T19:00,13.8,73,4245.34
2025-01-08T20:00,13.0,75,4017.62
2025-01-08T21:00,12.3,76,3794.5
2025-01-08T22:00,11.7,76,3438.7
2025-01-08T23:00,10.9,79,2949.73
2025-01-09T00:00,10.1,82,2372.3
2025-01-09T01:00,9.3,85,2050.69
2025-01-09T02:00,8.9,85,1886.07
2025-01-09T03:00,8.5,85,1814.44
2025-01-09T04:00,8.2,86,1896.74
2025-01-09T05:00,8.0,86,2270.0
2025-01-09T06:00,8.3,87,3148.97
2025-01-09T07:00,8.3,87,4117.74
2025-01-09T08:00,9.1,90,4602.23
2025-01-09T09:00,11.8,87,4912.41
2025-01-09T10:00,14.8,77,5015.65
2025-01-09T11:00,16.5,67,4860.7
2025-01-09T12:00,17.5,62,4603.87
2025-01-09T13:00,18.3,58,4155.17
2025-01-09T14:00,18.7,56,4097.34
2025-01-09T15:00,18.7,55,4012.69
2025-01-09T16:00,18.2,61,3967.03
2025-01-09T17:00,16.4,66,4168.03
2025-01-09T18:00,15.1,72,4367.15
2025-01-09T19:00,13.8,77,4272.34
2025-01-09T20:00,12.9,81,4045.76
2025-01-09T21:00,12.6,81,3794.49
2025-01-09T22:00,12.1,82,3426.81
2025-01-09T23:00,11.1,86,2901.11
2025-01-10T00:00,10.3,90,2368.3
2025-01-10T01:00,9.7,92,2068.88
2025-01-10T02:00,9.2,93,1903.54
2025-01-10T03:00,8.8,94,1846.59
2025-01-10T04:00,8.6,94,1928.61
2025-01-10T05:00,8.4,93,2334.77
2025-01-10T06:00,8.5,96,3229.35
2025-01-10T07:00,7.9,99,4180.94
2025-01-10T08:00,8.8,98,4738.47
2025-01-10T09:00,10.9,94,5176.6
2025-01-10T10:00,12.7,91,5436.11
2025-01-10T11:00,15.1,81,5409.13
2025-01-10T12:00,16.6,72,5146.53
2025-01-10T13:00,17.5,66,4580.33
2025-01-10T14:00,17.9,62,4368.86
2025-01-10T15:00,17.9,60,4152.03
2025-01-10T16:00,17.2,63,4091.66
2025-01-10T17:00,15.2,75,4264.87
2025-01-10T18:00,13.4,82,4473.5
2025-01-10T19:00,12.8,84,4342.31
2025-01-10T20:00,11.8,88,4088.8
2025-01-10T21:00,11.3,91,3855.64
2025-01-10T22:00,10.7,92,3488.49
2025-01-10T23:00,10.4,92,2998.34
2025-01-11T00:00,9.8,93,2432.34
2025-01-11T01:00,9.5,93,2107.51
2025-01-11T02:00,8.6,95,1941.24
2025-01-11T03:00,8.3,96,1851.71
2025-01-11T04:00,8.0,96,1919.19
2025-01-11T05:00,8.0,96,2247.97
2025-01-11T06:00,9.1,97,2939.04
2025-01-11T07:00,9.1,97,3756.17
2025-01-11T08:00,10.1,97,4358.39
2025-01-11T09:00,11.6,92,4832.39
2025-01-11T10:00,13.6,84,5097.18
2025-01-11T11:00,15.3,79,4972.16
2025-01-11T12:00,16.2,75,4712.82
2025-01-11T13:00,16.8,73,4309.09
2025-01-11T14:00,16.8,71,4160.69
2025-01-11T15:00,16.5,73,4038.65
2025-01-11T16:00,16.2,76,3995.45
2025-01-11T17:00,14.9,84,4172.91
2025-01-11T18:00,13.6,93,4298.9
2025-01-11T19:00,13.0,93,4215.57
2025-01-11T20:00,12.7,86,3985.12
2025-01-11T21:00,12.3,85,3745.18
2025-01-11T22:00,11.6,89,3339.39
2025-01-11T23:00,11.3,91,2852.56
2025-01-12T00:00,11.0,90,2341.88
2025-01-12T01:00,9.9,93,2019.1
2025-01-12T02:00,10.4,94,1848.38
2025-01-12T03:00,9.9,95,1775.51
2025-01-12T04:00,9.8,93,1829.76
2025-01-12T05:00,10.4,93,2084.61
2025-01-12T06:00,10.5,96,2613.91
2025-01-12T07:00,10.2,96,3327.78
2025-01-12T08:00,12.0,95,4016.0
2025-01-12T09:00,13.9,91,4573.66
2025-01-12T10:00,15.1,87,5001.35
2025-01-12T11:00,16.4,82,5072.81
2025-01-12T12:00,17.4,77,4890.2
2025-01-12T13:00,17.8,73,4388.73
2025-01-12T14:00,18.0,70,4164.69
2025-01-12T15:00,18.0,67,3889.68
2025-01-12T16:00,17.9,67,3747.64
2025-01-12T17:00,16.3,77,3907.25
2025-01-12T18:00,13.4,91,4044.9
2025-01-12T19:00,12.9,92,3961.27
2025-01-12T20:00,12.8,93,3802.43
2025-01-12T21:00,12.3,94,3629.19
2025-01-12T22:00,11.7,95,3288.72
2025-01-12T23:00,10.6,96,2846.63
2025-01-13T00:00,9.9,96,2284.32
2025-01-13T01:00,9.8,96,1981.5
2025-01-13T02:00,9.7,97,1821.0
2025-01-13T03:00,9.5,97,1763.7
2025-01-13T04:00,9.4,98,1851.78
2025-01-13T05:00,9.2,99,2262.11
2025-01-13T06:00,9.9,98,3150.62
2025-01-13T07:00,9.8,97,4095.91
2025-01-13T08:00,10.8,94,4745.25
2025-01-13T09:00,12.2,92,5106.56
2025-01-13T10:00,14.1,83,5373.68
2025-01-13T11:00,15.7,77,5268.19
2025-01-13T12:00,17.2,73,4949.88
2025-01-13T13:00,18.3,68,4322.29
2025-01-13T14:00,18.9,65,4156.72
2025-01-13T15:00,19.0,65,4035.71
2025-01-13T16:00,18.5,69,3984.65
2025-01-13T17:00,16.8,77,4159.72
2025-01-13T18:00,15.5,82,4342.54
2025-01-13T19:00,14.8,83,4213.3
2025-01-13T20:00,14.1,85,3946.13
2025-01-13T21:00,13.4,86,3705.2
2025-01-13T22:00,12.8,88,3416.2
2025-01-13T23:00,12.2,90,2935.97
2025-01-14T00:00,11.6,91,2410.98
2025-01-14T01:00,11.1,93,2099.24
2025-01-14T02:00,10.7,94,1917.07
2025-01-14T03:00,9.9,95,1841.85
2025-01-14T04:00,9.5,95,1950.96
2025-01-14T05:00,9.0,95,2405.5
2025-01-14T06:00,9.1,96,3332.78
2025-01-14T07:00,8.7,97,4344.11
2025-01-14T08:00,10.0,95,4983.78
2025-01-14T09:00,11.9,90,5348.99
2025-01-14T10:00,13.7,83,5481.46
2025-01-14T11:00,15.4,75,5219.79
2025-01-14T12:00,16.7,70,4790.31
2025-01-14T13:00,17.6,67,4169.63
2025-01-14T14:00,18.1,64,3981.87
2025-01-14T15:00,18.2,64,3835.85
2025-01-14T16:00,17.8,66,3789.37
2025-01-14T17:00,16.2,74,3995.06
2025-01-14T18:00,15.4,76,4202.19
2025-01-14T19:00,14.4,80,4111.9
2025-01-14T20:00,14.1,80,3930.34
2025-01-14T21:00,13.3,82,3728.45
2025-01-14T22:00,13.3,82,3363.09
2025-01-14T23:00,12.4,85,2904.98
2025-01-15T00:00,11.9,88,2310.64
2025-01-15T01:00,11.4,90,2019.3
2025-01-15T02:00,10.6,93,1866.58
2025-01-15T03:00,9.5,99,1804.2
2025-01-15T04:00,9.3,99,1885.66
2025-01-15T05:00,9.1,99,2294.16
2025-01-15T06:00,9.1,99,3190.87
2025-01-15T07:00,9.2,98,4102.84
2025-01-15T08:00,9.7,98,4658.27
2025-01-15T09:00,11.0,93,5024.86
2025-01-15T10:00,12.6,94,5331.52
2025-01-15T11:00,15.2,87,5243.03
2025-01-15T12:00,17.1,79,4894.8
2025-01-15T13:00,18.0,69,4508.57
2025-01-15T14:00,18.3,67,4384.56
2025-01-15T15:00,18.4,66,4193.71
2025-01-15T16:00,18.0,67,3991.3
2025-01-15T17:00,16.3,78,4055.3
2025-01-15T18:00,14.2,82,4415.12
2025-01-15T19:00,13.6,86,4300.98
2025-01-15T20:00,12.9,89,4090.33
2025-01-15T21:00,13.0,89,3867.27
2025-01-15T22:00,12.9,90,3475.38
2025-01-15T23:00,12.2,93,2946.63
2025-01-16T00:00,12.0,92,2395.13
2025-01-16T01:00,11.6,93,2078.94
2025-01-16T02:00,11.1,95,1914.22
2025-01-16T03:00,11.7,95,1839.14
2025-01-16T04:00,11.6,95,1930.98
2025-01-16T05:00,11.8,94,2355.71
2025-01-16T06:00,12.2,94,3346.49
2025-01-16T07:00,12.3,94,4174.19
2025-01-16T08:00,12.6,93,4607.45
2025-01-16T09:00,13.1,93,4981.29
2025-01-16T10:00,14.5,87,5189.18
2025-01-16T11:00,16.2,75,5127.2
2025-01-16T12:00,17.0,70,4803.69
2025-01-16T13:00,17.4,67,4237.61
2025-01-16T14:00,18.0,63,4097.97
2025-01-16T15:00,18.0,62,3998.71
2025-01-16T16:00,17.8,63,3939.25
2025-01-16T17:00,17.0,73,4159.34
2025-01-16T18:00,14.7,80,4396.41
2025-01-16T19:00,13.8,83,4305.23
2025-01-16T20:00,13.3,85,4081.77
2025-01-16T21:00,12.6,86,3788.35
2025-01-16T22:00,12.1,88,3476.11
2025-01-17T00:00,11.1,91,2379.35
2025-01-17T01:00,11.0,90,2082.16
2025-01-17T02:00,11.0,89,1912.98
2025-01-17T03:00,10.7,90,1845.71
2025-01-17T04:00,10.3,89,1954.14
2025-01-17T05:00,9.8,89,2424.41
2025-01-17T06:00,9.3,94,3514.75
2025-01-17T07:00,9.2,94,4439.79
2025-01-17T08:00,10.7,91,4898.35
2025-01-17T09:00,12.4,87,5261.37
2025-01-17T10:00,14.3,81,5506.89
2025-01-17T11:00,16.2,74,5338.3
2025-01-17T12:00,17.6,67,5011.42
2025-01-17T13:00,18.5,62,4437.5
2025-01-17T14:00,18.9,58,4238.25
2025-01-17T15:00,18.8,58,4076.14
2025-01-17T16:00,18.0,61,4025.66
2025-01-17T17:00,16.2,69,4260.77
2025-01-17T18:00,14.2,76,4499.08
2025-01-17T19:00,13.3,79,4388.06
2025-01-17T20:00,12.6,82,4191.72
2025-01-17T21:00,11.8,85,3931.24
2025-01-17T22:00,10.7,89,3578.63
2025-01-17T23:00,10.2,91,3050.37
2025-01-18T00:00,9.7,93,2443.51
2025-01-18T01:00,8.8,96,2120.91
2025-01-18T02:00,8.4,97,1939.79
2025-01-18T03:00,8.2,99,1866.68
2025-01-18T04:00,7.9,100,1944.03
2025-01-18T05:00,7.8,99,2324.31
2025-01-18T06:00,9.5,99,3186.18
2025-01-18T07:00,9.7,97,3971.93
2025-01-18T08:00,10.0,98,4433.99
2025-01-18T09:00,10.7,96,4759.81
2025-01-18T10:00,12.7,89,4978.56
2025-01-18T11:00,14.0,84,4759.29
2025-01-18T12:00,15.6,77,4462.62
2025-01-18T13:00,17.1,69,4008.33
2025-01-18T14:00,17.8,65,3852.77
2025-01-18T15:00,17.8,62,3742.78
2025-01-18T16:00,17.6,63,3668.71
2025-01-18T17:00,16.0,72,3849.29
2025-01-18T18:00,15.1,79,4102.56
2025-01-18T19:00,14.1,81,4003.46
2025-01-18T20:00,13.2,84,3799.79
2025-01-18T21:00,12.3,87,3582.59
2025-01-18T22:00,11.1,92,3306.69
2025-01-19T00:00,9.7,98,2305.79
2025-01-19T01:00,9.4,100,2001.16
2025-01-19T02:00,9.2,100,1828.32
2025-01-19T03:00,8.9,100,1748.64
2025-01-19T04:00,9.1,98,1802.05
2025-01-19T05:00,9.0,99,2055.48
2025-01-19T06:00,10.4,95,2602.02
2025-01-19T07:00,10.4,96,3348.44
2025-01-19T08:00,10.9,95,4030.53
2025-01-19T09:00,12.3,96,4574.84
2025-01-19T10:00,14.3,90,4913.66
2025-01-19T11:00,16.5,84,4858.9
2025-01-19T12:00,18.7,73,4580.39
2025-01-19T13:00,20.2,67,4021.34
2025-01-19T14:00,21.1,65,3696.45
2025-01-19T15:00,21.3,65,3445.37
2025-01-19T16:00,20.8,68,3351.18
2025-01-19T17:00,19.0,78,3529.75
2025-01-19T18:00,18.1,81,3768.0
2025-01-19T19:00,17.7,80,3700.56
2025-01-19T20:00,17.2,80,3536.18
2025-01-19T21:00,16.6,80,3351.23
2025-01-19T22:00,15.6,84,2995.23
2025-01-19T23:00,14.7,88,2601.42
2025-01-20T00:00,14.3,89,2153.1
2025-01-20T01:00,13.7,91,1882.31
2025-01-20T02:00,13.3,91,1758.78
2025-01-20T03:00,13.0,91,1689.91
2025-01-20T04:00,12.8,91,1794.45
2025-01-20T05:00,12.5,91,2281.13
2025-01-20T06:00,12.0,93,3391.66
2025-01-20T07:00,11.7,94,4227.72
2025-01-20T08:00,12.6,93,4448.34
2025-01-20T09:00,14.4,90,4669.31
2025-01-20T10:00,16.5,84,4753.69
2025-01-20T11:00,18.5,77,4543.91
2025-01-20T12:00,20.1,72,4222.06
2025-01-20T13:00,21.2,70,3768.57
2025-01-20T14:00,21.9,66,3715.9
2025-01-20T15:00,21.9,65,3601.91
2025-01-20T16:00,21.4,68,3563.15
2025-01-20T17:00,19.6,75,3751.78
2025-01-20T18:00,18.5,79,3975.83
2025-01-20T19:00,17.9,81,3864.41
2025-01-20T20:00,17.1,84,3642.59
2025-01-20T21:00,16.4,86,3388.37
2025-01-20T22:00,15.9,87,3151.47
2025-01-21T00:00,14.6,88,2167.79
2025-01-21T01:00,14.1,89,1919.93
2025-01-21T02:00,13.6,90,1789.63
2025-01-21T03:00,12.7,91,1748.56
2025-01-21T04:00,12.3,91,1839.9
2025-01-21T05:00,11.8,92,2335.86
2025-01-21T06:00,11.3,90,3440.12
2025-01-21T07:00,11.1,91,4259.38
2025-01-21T08:00,12.4,87,4492.11
2025-01-21T09:00,14.2,84,4628.78
2025-01-21T10:00,16.6,75,4657.86
2025-01-21T11:00,18.7,68,4456.53
2025-01-21T12:00,20.3,62,4161.85
2025-01-21T13:00,21.4,58,3681.16
2025-01-21T14:00,21.9,55,3644.67
2025-01-21T15:00,21.7,55,3575.96
2025-01-21T16:00,20.9,60,3522.77
2025-01-21T17:00,19.0,69,3698.35
2025-01-21T18:00,17.7,74,3975.52
2025-01-21T19:00,17.0,77,3876.84
2025-01-21T20:00,16.1,79,3614.15
2025-01-21T21:00,15.4,81,3384.88
2025-01-22T00:00,13.6,84,2146.79
2025-01-22T01:00,13.1,86,1907.57
2025-01-22T02:00,12.4,89,1784.34
2025-01-22T03:00,11.9,90,1747.8
2025-01-22T04:00,11.3,91,1855.33
2025-01-22T05:00,10.8,92,2347.2
2025-01-22T06:00,10.5,94,3449.0
2025-01-22T07:00,10.4,94,4257.62
2025-01-22T08:00,11.9,91,4438.24
2025-01-22T09:00,14.3,85,4662.59
2025-01-22T10:00,16.9,76,4686.34
2025-01-22T11:00,19.3,68,4490.76
2025-01-22T12:00,21.2,58,4177.9
2025-01-22T13:00,22.3,49,3735.43
2025-01-22T14:00,22.8,45,3699.88
2025-01-22T15:00,22.8,45,3610.75
2025-01-22T16:00,22.0,53,3543.53
2025-01-22T17:00,20.0,65,3730.31
2025-01-22T18:00,18.6,67,3962.87
2025-01-22T19:00,17.8,73,3863.14
2025-01-22T20:00,17.0,76,3580.63
2025-01-22T21:00,16.6,77,3329.84
2025-01-22T22:00,15.9,78,2949.15
2025-01-23T00:00,14.8,81,2121.7
2025-01-23T01:00,14.9,81,1883.11
2025-01-23T02:00,14.2,80,1763.12
2025-01-23T03:00,13.5,89,1723.37
2025-01-23T04:00,13.5,89,1822.78
2025-01-23T05:00,12.7,91,2280.15
2025-01-23T06:00,13.0,90,3313.83
2025-01-23T07:00,11.7,93,4034.21
2025-01-23T08:00,13.5,91,4192.72
2025-01-23T09:00,15.3,87,4290.69
2025-01-23T10:00,17.4,77,4451.47
2025-01-23T11:00,19.3,67,4256.94
2025-01-23T12:00,20.8,55,3929.18
2025-01-23T13:00,21.7,45,3473.44
2025-01-23T14:00,21.9,40,3468.09
2025-01-23T15:00,21.6,40,3414.95
2025-01-23T16:00,20.7,47,3387.85
2025-01-23T17:00,18.8,57,3624.84
2025-01-23T18:00,17.4,60,3909.64
2025-01-23T19:00,16.3,61,3815.97
2025-01-23T20:00,15.5,63,3551.99
2025-01-24T00:00,13.1,73,2107.01
2025-01-24T01:00,12.5,74,1863.61
2025-01-24T02:00,11.9,75,1753.69
2025-01-24T03:00,11.4,77,1704.55
2025-01-24T04:00,11.1,78,1808.91
2025-01-24T05:00,10.6,80,2308.49
2025-01-24T06:00,10.8,85,3392.24
2025-01-24T07:00,10.4,85,4171.56
2025-01-24T08:00,11.3,83,4447.05
2025-01-24T09:00,13.2,77,4662.6
2025-01-24T10:00,15.5,69,4754.4
2025-01-24T11:00,17.8,61,4601.95
2025-01-24T12:00,19.6,53,4334.97
2025-01-24T13:00,20.6,45,3801.45
2025-01-24T14:00,20.9,42,3653.4
2025-01-24T15:00,20.7,42,3556.3
2025-01-24T16:00,19.9,47,3530.16
2025-01-24T17:00,18.1,56,3687.98
2025-01-24T18:00,17.1,61,3939.68
2025-01-24T19:00,16.1,65,3820.07
2025-01-24T20:00,15.2,68,3545.84
2025-01-25T00:00,12.3,73,2158.71
2025-01-25T01:00,11.6,73,1927.45
2025-01-25T02:00,11.1,74,1799.79
2025-01-25T03:00,10.6,74,1742.97
2025-01-25T04:00,10.2,74,1831.22
2025-01-25T05:00,9.7,73,2238.4
2025-01-25T06:00,9.4,78,3058.88
2025-01-25T07:00,9.0,78,3772.56
2025-01-25T08:00,10.1,74,4141.66
2025-01-25T09:00,12.1,68,4330.67
2025-01-25T10:00,14.6,60,4472.47
2025-01-25T11:00,16.8,54,4268.83
2025-01-25T12:00,18.7,48,3958.42
2025-01-25T13:00,20.1,43,3501.59
2025-01-25T14:00,20.8,40,3394.91
2025-01-25T15:00,20.7,40,3283.11
2025-01-25T16:00,19.8,46,3249.01
2025-01-25T17:00,17.7,56,3430.08
2025-01-25T18:00,16.6,59,3687.07
2025-01-25T19:00,15.6,61,3612.94
2025-01-25T20:00,14.5,63,3393.07
2025-01-25T21:00,13.7,64,3165.38
2025-01-25T22:00,13.0,65,2847.79
2025-01-25T23:00,12.3,66,2454.88
2025-01-26T00:00,11.6,67,2068.09
2025-01-26T01:00,10.9,69,1836.85
2025-01-26T02:00,10.4,70,1700.9
2025-01-26T03:00,10.0,72,1672.36
2025-01-26T04:00,9.6,74,1751.36
2025-01-26T05:00,9.1,76,2004.52
2025-01-26T06:00,8.5,82,2498.92
2025-01-26T07:00,8.2,82,3125.34
2025-01-26T08:00,9.5,76,3635.3
2025-01-26T09:00,11.9,67,3936.95
2025-01-26T10:00,14.8,56,3992.07
2025-01-26T11:00,17.3,49,3852.14
2025-01-26T12:00,19.1,42,3603.9
2025-01-26T13:00,20.4,39,3218.72
2025-01-26T14:00,21.0,38,2820.52
2025-01-26T15:00,21.0,37,2567.34
2025-01-26T16:00,20.2,42,2481.8
2025-01-26T17:00,18.0,56,2675.69
2025-01-26T18:00,16.9,60,3006.42
2025-01-26T19:00,15.9,62,3026.57
2025-01-26T20:00,14.8,64,2969.24
2025-01-26T21:00,13.7,68,2851.89
2025-01-26T22:00,12.9,70,2527.78
2025-01-26T23:00,12.3,71,2138.2
2025-01-27T00:00,11.4,73,1787.05
2025-01-27T01:00,10.7,74,1593.74
2025-01-27T02:00,10.0,76,1487.51
2025-01-27T03:00,9.4,78,1466.97
2025-01-27T04:00,8.8,80,1581.83
2025-01-27T05:00,8.4,80,2091.23
2025-01-27T06:00,8.1,90,3154.44
2025-01-27T07:00,7.8,90,3920.3
2025-01-27T08:00,9.4,82,4183.28
2025-01-27T09:00,12.3,69,4440.93
2025-01-27T10:00,15.4,56,4484.28
2025-01-27T11:00,17.9,47,4321.86
2025-01-27T12:00,19.7,38,4027.24
2025-01-27T13:00,20.9,34,3590.86
2025-01-27T14:00,21.5,31,3542.58
2025-01-27T15:00,21.4,32,3486.03
2025-01-27T16:00,20.7,37,3435.71
2025-01-27T17:00,19.0,46,3616.75
2025-01-27T18:00,17.8,53,3886.49
2025-01-27T19:00,16.7,59,3804.4
2025-01-27T20:00,15.7,64,3568.17
2025-01-27T21:00,14.7,68,3310.56
2025-01-27T22:00,14.1,67,2964.57
2025-01-27T23:00,13.6,64,2500.66
2025-01-28T00:00,12.9,64,2108.25
2025-01-28T01:00,12.2,66,1875.55
2025-01-28T02:00,11.5,69,1761.48
2025-01-28T03:00,10.8,71,1724.91
2025-01-28T04:00,10.1,72,1833.98
2025-01-28T05:00,9.4,74,2350.51
2025-01-28T06:00,8.5,82,3405.72
2025-01-28T07:00,8.0,84,4179.57
2025-01-28T08:00,9.9,74,4379.51
2025-01-28T09:00,12.9,61,4504.57
2025-01-28T10:00,16.0,51,4578.04
2025-01-28T11:00,18.7,42,4377.19
2025-01-28T12:00,20.8,34,4065.24
2025-01-28T13:00,22.2,28,3595.13
2025-01-28T14:00,22.9,26,3558.72
2025-01-28T15:00,22.8,26,3504.67
2025-01-28T16:00,22.0,31,3468.04
2025-01-28T17:00,20.3,42,3634.82
2025-01-28T18:00,19.0,53,3900.67
2025-01-28T19:00,17.5,61,3848.85
2025-01-28T20:00,16.3,67,3593.06
2025-01-28T21:00,15.1,72,3325.93
2025-01-28T22:00,14.1,75,2977.77
2025-01-28T23:00,13.4,74,2544.76
2025-01-29T00:00,12.7,75,2115.09
2025-01-29T01:00,11.9,79,1883.4
2025-01-29T02:00,11.5,82,1773.77
2025-01-29T03:00,11.2,84,1733.64
2025-01-29T04:00,11.2,85,1865.29
2025-01-29T05:00,10.7,87,2416.24
2025-01-29T06:00,10.4,87,3490.68
2025-01-29T07:00,10.2,89,4256.66
2025-01-29T08:00,11.9,83,4485.49
2025-01-29T09:00,14.8,70,4595.87
2025-01-29T10:00,18.1,56,4600.41
2025-01-29T11:00,20.7,45,4404.72
2025-01-29T12:00,22.5,36,4109.67
2025-01-29T13:00,23.6,32,3662.24
2025-01-29T14:00,24.0,31,3622.34
2025-01-29T15:00,23.8,33,3562.62
2025-01-29T16:00,23.0,36,3514.79
2025-01-29T17:00,21.5,43,3690.66
2025-01-29T18:00,20.1,52,3924.74
2025-01-29T19:00,18.9,59,3819.46
2025-01-29T20:00,18.0,64,3552.19
2025-01-29T21:00,17.2,66,3278.02
2025-01-29T22:00,16.4,68,2924.97
2025-01-29T23:00,15.7,71,2514.8
2025-01-30T00:00,14.8,74,2101.8
2025-01-30T01:00,14.1,78,1883.74
2025-01-30T02:00,13.4,82,1765.99
2025-01-30T03:00,12.7,85,1726.14
2025-01-30T04:00,12.1,88,1825.22
2025-01-30T05:00,11.7,90,2312.3
2025-01-30T06:00,11.4,92,3344.31
2025-01-30T07:00,11.3,91,4075.84
2025-01-30T08:00,13.0,83,4215.53
2025-01-30T09:00,15.8,70,4405.54
2025-01-30T10:00,19.0,57,4454.23
2025-01-30T11:00,21.4,46,4284.58
2025-01-30T12:00,23.0,40,4005.81
2025-01-30T13:00,24.1,37,3577.91
2025-01-30T14:00,24.7,35,3561.54
2025-01-30T15:00,24.8,36,3503.55
2025-01-30T16:00,24.2,38,3462.22
2025-01-30T17:00,22.9,43,3641.9
2025-01-30T18:00,21.3,54,3885.3
2025-01-30T19:00,19.9,63,3799.18
2025-01-30T20:00,18.7,71,3496.2
2025-01-30T21:00,17.8,77,3195.17
2025-01-30T22:00,17.2,80,2872.9
2025-01-30T23:00,16.6,82,2516.33
2025-01-31T00:00,16.1,83,2111.84
2025-01-31T01:00,15.5,85,1892.89
2025-01-31T02:00,14.6,89,1777.55
2025-01-31T03:00,14.1,91,1726.81
2025-01-31T04:00,13.5,92,1831.12
2025-01-31T05:00,12.9,94,2298.33
2025-01-31T06:00,12.5,99,3289.05
2025-01-31T07:00,12.1,99,4067.8
2025-01-31T08:00,13.0,97,4383.2
2025-01-31T09:00,14.8,90,4577.23
2025-01-31T10:00,18.4,72,4697.14
2025-01-31T11:00,22.1,57,4599.28
2025-01-31T12:00,24.4,43,4337.97
2025-01-31T13:00,25.8,29,3797.38
2025-01-31T14:00,26.3,25,3654.02
2025-01-31T15:00,26.1,25,3549.0
2025-01-31T16:00,25.5,26,3489.42
2025-01-31T17:00,24.2,30,3631.7
2025-01-31T18:00,22.2,46,3870.23
2025-01-31T19:00,21.0,57,3757.52
2025-01-31T20:00,20.2,58,3452.32
2025-01-31T21:00,19.3,58,3174.19
2025-01-31T22:00,18.7,59,2851.6
2025-01-31T23:00,17.6,64,2511.5
2025-02-01T00:00,16.8,72,2106.39
2025-02-01T01:00,16.5,75,1895.78
2025-02-01T02:00,16.0,75,1765.77
2025-02-01T03:00,15.4,74,1728.0
2025-02-01T04:00,14.8,76,1820.38
2025-02-01T05:00,14.5,77,2223.11
2025-02-01T06:00,12.7,91,3010.69
2025-02-01T07:00,12.9,91,3716.54
2025-02-01T08:00,14.7,82,4022.8
2025-02-01T09:00,17.6,70,4255.78
2025-02-01T10:00,20.6,58,4377.34
2025-02-01T11:00,23.0,46,4189.42
2025-02-01T12:00,24.4,38,3841.57
2025-02-01T13:00,25.3,34,3449.06
2025-02-01T14:00,25.5,32,3361.36
2025-02-01T15:00,25.5,32,3228.99
2025-02-01T16:00,25.1,33,3176.26
2025-02-01T17:00,24.1,36,3329.21
2025-02-01T18:00,21.3,60,3605.44
2025-02-01T19:00,20.8,61,3527.64
2025-02-01T20:00,19.6,64,3272.58
2025-02-01T21:00,17.7,77,3007.59
2025-02-01T22:00,17.3,80,2708.24
2025-02-01T23:00,17.1,79,2389.34
2025-02-02T00:00,16.4,81,2016.76
2025-02-02T01:00,15.5,84,1810.81
2025-02-02T02:00,15.0,85,1691.37
2025-02-02T03:00,14.7,86,1639.18
2025-02-02T04:00,14.8,84,1709.53
2025-02-02T05:00,14.2,85,1991.33
2025-02-02T06:00,13.7,91,2537.33
2025-02-02T07:00,13.7,91,3247.16
2025-02-02T08:00,14.9,86,3825.04
2025-02-02T09:00,17.1,75,4318.47
2025-02-02T10:00,19.6,64,4581.25
2025-02-02T11:00,21.7,51,4478.35
2025-02-02T12:00,22.8,45,4167.48
2025-02-02T13:00,23.5,40,3653.57
2025-02-02T14:00,23.6,38,3406.57
2025-02-02T15:00,23.3,39,3195.04
2025-02-02T16:00,22.6,42,3095.44
2025-02-02T17:00,21.3,48,3238.51
2025-02-02T18:00,19.0,68,3455.25
2025-02-02T19:00,18.1,74,3405.53
2025-02-02T20:00,17.2,79,3209.27
2025-02-02T21:00,16.3,81,2971.04
2025-02-02T22:00,15.5,83,2667.05
2025-02-02T23:00,14.8,83,2302.35
2025-02-03T00:00,14.1,82,1984.82
2025-02-03T01:00,13.3,82,1767.4
2025-02-03T02:00,12.6,83,1661.81
2025-02-03T03:00,11.9,86,1629.64
2025-02-03T04:00,11.3,86,1739.35
2025-02-03T05:00,10.8,87,2200.12
2025-02-03T06:00,11.0,91,3157.22
2025-02-03T07:00,10.9,91,3908.99
2025-02-03T08:00,12.7,84,4195.94
2025-02-03T09:00,15.1,73,4410.37
2025-02-03T10:00,17.8,60,4500.52
2025-02-03T11:00,20.0,46,4303.74
2025-02-03T12:00,21.4,37,3980.59
2025-02-03T13:00,22.4,34,3531.3
2025-02-03T14:00,22.7,34,3412.81
2025-02-03T15:00,22.8,35,3221.94
2025-02-03T16:00,22.3,37,3275.93
2025-02-03T17:00,20.7,57,3459.11
2025-02-03T18:00,18.8,59,3755.83
2025-02-03T19:00,17.5,64,3708.41
2025-02-03T20:00,16.5,68,3451.4
2025-02-03T21:00,16.2,70,3174.89
2025-02-03T22:00,15.6,69,2851.27
2025-02-03T23:00,14.8,72,2485.13
2025-02-04T00:00,14.3,73,2121.24
2025-02-04T01:00,14.3,73,1910.97
2025-02-04T02:00,13.9,73,1806.74
2025-02-04T03:00,13.6,74,1762.27
2025-02-04T04:00,13.2,75,1853.65
2025-02-04T05:00,13.0,76,2270.02
2025-02-04T06:00,15.1,75,3133.33
2025-02-04T07:00,14.9,71,3884.17
2025-02-04T08:00,15.2,70,4193.48
2025-02-04T09:00,16.4,68,4358.35
2025-02-04T10:00,18.0,63,4450.18
2025-02-04T11:00,20.2,53,4266.55
2025-02-04T12:00,21.8,51,4073.29
2025-02-04T13:00,22.4,52,3682.12
2025-02-04T14:00,22.9,51,3604.5
2025-02-04T15:00,22.8,51,3516.55
2025-02-04T16:00,22.7,52,3468.21
2025-02-04T17:00,21.5,67,3605.88
2025-02-04T18:00,19.2,79,3785.25
2025-02-04T19:00,18.4,84,3688.71
2025-02-04T20:00,17.8,86,3397.03
2025-02-04T21:00,17.1,88,3117.34
2025-02-04T22:00,16.7,90,2828.37
2025-02-05T00:00,15.7,87,2098.91
2025-02-05T01:00,14.9,89,1887.13
2025-02-05T02:00,14.4,91,1785.85
2025-02-05T03:00,13.6,95,1758.16
2025-02-05T04:00,13.4,96,1848.63
2025-02-05T05:00,12.8,96,2158.9
2025-02-05T06:00,12.2,95,2688.88
2025-02-05T07:00,11.9,95,3329.98
2025-02-05T08:00,13.0,88,3723.8
2025-02-05T09:00,15.1,78,3912.07
2025-02-05T10:00,17.4,65,3974.63
2025-02-05T11:00,19.2,54,3818.02
2025-02-05T12:00,20.5,42,3524.4
2025-02-05T13:00,21.2,37,3102.26
2025-02-05T14:00,21.4,34,2817.72
2025-02-05T15:00,21.1,33,2654.82
2025-02-05T16:00,20.3,36,2606.5
2025-02-05T17:00,19.1,43,2822.99
2025-02-05T18:00,17.8,50,3128.84
2025-02-05T19:00,16.8,58,3146.71
2025-02-05T20:00,15.5,65,3046.12
2025-02-05T21:00,14.5,69,2889.69
2025-02-05T22:00,13.8,70,2613.17
2025-02-06T00:00,13.0,62,1931.69
2025-02-06T01:00,13.4,56,1740.3
2025-02-06T02:00,13.1,57,1635.24
2025-02-06T03:00,13.0,56,1613.62
2025-02-06T04:00,13.0,56,1723.32
2025-02-06T05:00,12.8,56,2162.6
2025-02-06T06:00,11.7,75,3103.88
2025-02-06T07:00,11.4,75,3822.18
2025-02-06T08:00,12.8,69,3986.2
2025-02-06T09:00,15.2,62,4168.37
2025-02-06T10:00,17.7,53,4229.28
2025-02-06T11:00,19.6,39,4078.73
2025-02-06T12:00,20.7,31,3838.48
2025-02-06T13:00,21.1,28,3438.13
2025-02-06T14:00,21.1,29,3403.26
2025-02-06T15:00,20.6,33,3390.88
2025-02-06T16:00,19.8,38,3370.42
2025-02-06T17:00,18.6,43,3533.81
2025-02-06T18:00,17.8,47,3788.62
2025-02-06T19:00,16.6,51,3717.48
2025-02-06T20:00,15.6,52,3429.24
2025-02-06T21:00,14.8,54,3141.25
2025-02-06T22:00,14.2,55,2861.11
2025-02-07T00:00,13.1,59,2091.8
2025-02-07T01:00,12.6,60,1881.08
2025-02-07T02:00,12.2,60,1773.21
2025-02-07T03:00,11.7,61,1732.35
2025-02-07T04:00,11.2,62,1845.24
2025-02-07T05:00,10.8,64,2319.65
2025-02-07T06:00,10.7,73,3306.83
2025-02-07T07:00,10.6,71,4028.1
2025-02-07T08:00,11.9,66,4267.27
2025-02-07T09:00,14.1,58,4474.23
2025-02-07T10:00,16.2,51,4570.02
2025-02-07T11:00,18.2,45,4439.4
2025-02-07T12:00,19.7,39,4235.07
2025-02-07T13:00,20.6,35,3717.46
2025-02-07T14:00,20.8,32,3609.76
2025-02-07T15:00,20.7,31,3507.98
2025-02-07T16:00,20.0,36,3449.86
2025-02-07T17:00,18.7,41,3595.99
2025-02-07T18:00,17.9,45,3858.73
2025-02-07T19:00,16.8,50,3769.23
2025-02-07T20:00,15.9,52,3461.28
2025-02-07T21:00,15.1,53,3175.62
2025-02-07T22:00,14.5,54,2862.1
2025-02-07T23:00,13.9,54,2528.03
2025-02-08T00:00,13.5,54,2148.48
2025-02-08T01:00,13.1,55,1939.91
2025-02-08T02:00,12.8,55,1814.36
2025-02-08T03:00,12.5,55,1778.15
2025-02-08T04:00,12.3,55,1878.3
2025-02-08T05:00,12.0,56,2200.09
2025-02-08T06:00,11.2,66,2834.78
2025-02-08T07:00,11.1,66,3555.65
2025-02-08T08:00,12.3,63,3965.38
2025-02-08T09:00,14.5,56,4198.01
2025-02-08T10:00,17.2,48,4343.27
2025-02-08T11:00,19.6,42,4209.35
2025-02-08T12:00,21.5,36,3904.64
2025-02-08T13:00,22.8,32,3417.16
2025-02-08T14:00,23.3,30,3259.97
2025-02-08T15:00,23.2,31,3162.4
2025-02-08T16:00,22.4,35,3136.48
2025-02-08T17:00,20.8,45,3308.58
2025-02-08T18:00,19.8,47,3548.14
2025-02-08T19:00,18.8,54,3484.71
2025-02-08T20:00,17.7,61,3249.34
2025-02-08T21:00,16.7,65,3005.22
2025-02-08T22:00,16.2,66,2697.35
2025-02-08T23:00,15.5,67,2418.82
2025-02-09T00:00,14.9,68,2032.06
2025-02-09T01:00,14.5,69,1832.64
2025-02-09T02:00,14.0,71,1724.47
2025-02-09T03:00,13.2,75,1672.52
2025-02-09T04:00,12.5,78,1748.4
2025-02-09T05:00,11.9,80,2023.16
2025-02-09T06:00,10.9,86,2544.34
2025-02-09T07:00,10.8,86,3208.3
2025-02-09T08:00,12.9,76,3678.84
2025-02-09T09:00,15.9,63,4040.7
2025-02-09T10:00,19.0,50,4231.36
2025-02-09T11:00,21.8,38,4186.25
2025-02-09T12:00,23.8,29,3948.36
2025-02-09T13:00,24.8,25,3471.88
2025-02-09T14:00,25.2,26,3236.31
2025-02-09T15:00,24.9,28,3057.75
2025-02-09T16:00,24.1,32,2987.69
2025-02-09T17:00,22.5,41,3116.53
2025-02-09T18:00,20.9,50,3380.59
2025-02-09T19:00,19.5,59,3346.88
2025-02-09T20:00,18.6,65,3155.36
2025-02-09T21:00,17.9,68,2930.56
2025-02-09T22:00,17.3,71,2650.69
2025-02-10T00:00,15.9,76,1980.02
2025-02-10T01:00,14.7,81,1805.96
2025-02-10T02:00,13.7,84,1703.43
2025-02-10T03:00,12.9,86,1666.82
2025-02-10T04:00,12.3,87,1767.86
2025-02-10T05:00,11.8,89,2240.32
2025-02-10T06:00,11.7,92,3205.55
2025-02-10T07:00,11.8,91,3868.87
2025-02-10T08:00,13.9,81,4024.28
2025-02-10T09:00,17.5,65,4159.15
2025-02-10T10:00,21.4,48,4122.99
2025-02-10T11:00,24.4,31,3997.47
2025-02-10T12:00,26.2,24,3771.81
2025-02-10T13:00,26.8,22,3382.43
2025-02-10T14:00,27.2,21,3326.7
2025-02-10T15:00,27.2,22,3312.86
2025-02-10T16:00,26.6,23,3278.86
2025-02-10T17:00,25.1,29,3425.81
2025-02-10T18:00,22.3,47,3661.45
2025-02-10T19:00,21.1,57,3589.09
2025-02-10T20:00,20.5,60,3324.22
2025-02-10T21:00,19.6,64,3042.62
2025-02-10T22:00,18.7,69,2735.43
2025-02-10T23:00,17.9,74,2449.8
2025-02-11T00:00,17.3,77,2070.9
2025-02-11T01:00,16.6,79,1880.43
2025-02-11T02:00,16.4,80,1777.33
2025-02-11T03:00,16.4,78,1735.4
2025-02-11T04:00,15.3,82,1841.78
2025-02-11T05:00,14.4,86,2291.22
2025-02-11T06:00,12.8,90,3247.75
2025-02-11T07:00,12.3,93,3916.39
2025-02-11T08:00,14.3,83,4043.07
2025-02-11T09:00,18.2,68,4112.51
2025-02-11T10:00,22.0,51,4102.11
2025-02-11T11:00,24.6,41,3932.47
2025-02-11T12:00,26.2,37,3741.04
2025-02-11T13:00,27.3,32,3358.62
2025-02-11T14:00,27.9,25,3327.29
2025-02-11T15:00,27.7,25,3255.81
2025-02-11T16:00,26.5,32,3230.56
2025-02-11T17:00,24.9,40,3406.07
2025-02-11T18:00,23.5,44,3653.32
2025-02-11T19:00,22.5,52,3576.74
2025-02-11T20:00,21.4,56,3286.35
2025-02-11T21:00,20.5,58,3003.35
2025-02-11T22:00,19.3,66,2705.25
2025-02-11T23:00,18.4,69,2383.55
2025-02-12T00:00,18.3,67,2055.24
2025-02-12T01:00,17.1,70,1871.49
2025-02-12T02:00,15.9,71,1782.97
2025-02-12T03:00,15.3,72,1738.06
2025-02-12T04:00,14.6,72,1831.56
2025-02-12T05:00,14.1,71,2187.49
2025-02-12T06:00,13.8,81,2887.76
2025-02-12T07:00,13.6,79,3685.18
2025-02-12T08:00,15.2,70,4098.64
2025-02-12T09:00,17.8,59,4298.32
2025-02-12T10:00,20.6,47,4469.28
2025-02-12T11:00,23.3,36,4200.39
2025-02-12T12:00,24.9,27,3978.09
2025-02-12T13:00,25.3,25,3488.23
2025-02-12T14:00,25.3,24,3390.43
2025-02-12T15:00,24.8,24,3302.21
2025-02-12T16:00,23.8,29,3242.74
2025-02-12T17:00,22.5,36,3424.35
2025-02-12T18:00,21.3,44,3683.27
2025-02-12T19:00,20.3,49,3606.34
2025-02-12T20:00,19.7,46,3306.5
2025-02-12T21:00,19.0,46,3024.03
2025-02-12T22:00,18.3,45,2720.11
2025-02-13T00:00,17.2,43,2067.41
2025-02-13T01:00,16.6,45,1881.62
2025-02-13T02:00,16.0,46,1780.21
2025-02-13T03:00,15.3,51,1745.22
2025-02-13T04:00,14.7,55,1835.18
2025-02-13T05:00,14.3,57,2254.29
2025-02-13T06:00,13.9,66,3141.99
2025-02-13T07:00,13.7,66,3829.57
2025-02-13T08:00,14.6,66,3991.68
2025-02-13T09:00,16.6,60,4076.95
2025-02-13T10:00,19.0,52,4187.07
2025-02-13T11:00,21.0,42,4061.11
2025-02-13T12:00,22.3,37,3697.38
2025-02-13T13:00,23.2,32,3331.89
2025-02-13T14:00,23.6,28,3347.54
2025-02-13T15:00,23.4,28,3308.97
2025-02-13T16:00,22.6,33,3296.0
2025-02-13T17:00,21.3,39,3471.33
2025-02-13T18:00,20.5,46,3698.69
2025-02-13T19:00,19.4,49,3626.86
2025-02-13T20:00,18.6,48,3357.36
2025-02-13T21:00,17.9,46,3092.49
2025-02-13T22:00,17.3,45,2796.18
2025-02-13T23:00,16.8,43,2473.85
2025-02-14T00:00,16.2,42,2198.19
2025-02-14T01:00,15.5,43,2036.28
2025-02-14T02:00,14.8,45,1956.92
2025-02-14T03:00,14.1,47,1917.53
2025-02-14T04:00,13.4,50,2006.24
2025-02-14T05:00,12.9,52,2411.86
2025-02-14T06:00,12.4,61,3197.91
2025-02-14T07:00,12.3,60,3841.06
2025-02-14T08:00,13.8,55,3978.89
2025-02-14T09:00,16.3,48,4131.94
2025-02-14T10:00,19.0,41,4122.33
2025-02-14T11:00,21.4,34,4111.28
2025-02-14T12:00,23.2,27,3964.75
2025-02-14T13:00,24.2,27,3516.12
2025-02-14T14:00,24.6,27,3382.08
2025-02-14T15:00,24.5,28,3322.86
2025-02-14T16:00,24.0,30,3321.49
2025-02-14T17:00,22.7,36,3444.38
2025-02-14T18:00,21.7,41,3635.32
2025-02-14T19:00,20.9,44,3562.13
2025-02-14T20:00,20.2,44,3269.14
2025-02-14T21:00,19.6,43,2969.07
2025-02-14T22:00,18.8,44,2694.45
2025-02-14T23:00,17.8,48,2401.98
2025-02-15T00:00,16.9,52,2093.82
2025-02-15T01:00,16.1,56,1903.83
2025-02-15T02:00,15.6,60,1800.24
2025-02-15T03:00,15.0,60,1744.65
2025-02-15T04:00,14.2,66,1834.38
2025-02-15T05:00,14.0,68,2174.69
2025-02-15T06:00,13.0,74,2866.43
2025-02-15T07:00,13.3,73,3544.57
2025-02-15T08:00,15.8,61,3775.48
2025-02-15T09:00,19.6,46,3858.75
2025-02-15T10:00,22.9,35,4028.33
2025-02-15T11:00,25.1,27,3917.16
2025-02-15T12:00,25.6,27,3689.24
2025-02-15T13:00,25.6,27,3259.87
2025-02-15T14:00,25.6,26,3189.76
2025-02-15T15:00,25.6,26,3120.19
2025-02-15T16:00,24.9,28,3071.17
2025-02-15T17:00,23.7,31,3196.69
2025-02-15T18:00,24.1,31,3404.81
2025-02-15T19:00,22.6,36,3347.61
2025-02-15T20:00,21.3,43,3108.88
2025-02-15T21:00,20.2,49,2855.89
2025-02-15T22:00,19.1,50,2545.16
2025-02-15T23:00,18.1,53,2293.95
2025-02-16T00:00,17.5,57,2001.5
2025-02-16T01:00,17.2,59,1821.72
2025-02-16T02:00,17.3,59,1718.68
2025-02-16T03:00,15.8,63,1675.07
2025-02-16T04:00,15.4,65,1736.46
2025-02-16T05:00,14.8,68,1964.31
2025-02-16T06:00,13.5,79,2409.05
2025-02-16T07:00,13.6,81,3038.2
2025-02-16T08:00,16.1,69,3493.4
2025-02-16T09:00,19.5,56,3823.85
2025-02-16T10:00,22.5,44,4087.09
2025-02-16T11:00,24.6,34,4029.22
2025-02-16T12:00,25.8,30,3814.56
2025-02-16T13:00,26.4,29,3391.86
2025-02-16T14:00,26.6,30,3187.83
2025-02-16T15:00,26.5,30,3037.4
2025-02-16T16:00,26.0,32,2993.59
2025-02-16T17:00,24.9,36,3098.01
2025-02-16T18:00,23.8,40,3287.69
2025-02-16T19:00,22.5,48,3225.56
2025-02-16T20:00,21.5,53,3022.23
2025-02-16T21:00,20.2,59,2788.36
2025-02-16T22:00,19.0,64,2486.41
2025-02-16T23:00,18.1,69,2232.67
2025-02-17T00:00,17.4,71,1943.49
2025-02-17T01:00,17.0,73,1775.0
2025-02-17T02:00,16.7,75,1687.19
2025-02-17T03:00,16.9,74,1652.68
2025-02-17T04:00,16.5,76,1744.04
2025-02-17T05:00,16.7,76,2242.34
2025-02-17T06:00,16.4,79,3092.62
2025-02-17T07:00,16.2,81,3600.68
2025-02-17T08:00,18.1,70,3800.34
2025-02-17T09:00,20.6,57,3938.31
2025-02-17T10:00,23.4,41,4061.01
2025-02-17T11:00,25.6,31,3956.58
2025-02-17T12:00,27.0,26,3752.11
2025-02-17T13:00,28.1,21,3357.29
2025-02-17T14:00,28.7,19,3338.08
2025-02-17T15:00,28.8,19,3275.26
2025-02-17T16:00,28.0,23,3229.14
2025-02-17T17:00,26.4,29,3342.68
2025-02-17T18:00,24.5,31,3545.62
2025-02-17T19:00,23.3,42,3488.8
2025-02-17T20:00,22.4,49,3211.66
2025-02-17T21:00,21.4,52,2928.48
2025-02-17T22:00,20.6,59,2636.62
2025-02-17T23:00,19.4,65,2359.93
2025-02-18T00:00,19.8,64,2047.42
2025-02-18T01:00,19.3,65,1872.71
2025-02-18T02:00,18.1,67,1784.48
2025-02-18T03:00,18.2,63,1754.72
2025-02-18T04:00,17.1,69,1838.85
2025-02-18T05:00,17.3,70,2256.44
2025-02-18T06:00,17.0,74,3098.31
2025-02-18T07:00,16.8,75,3714.07
2025-02-18T08:00,18.9,65,3865.14
2025-02-18T09:00,19.8,62,3994.57
2025-02-18T10:00,21.0,58,4082.55
2025-02-18T11:00,22.0,53,3970.57
2025-02-18T12:00,23.3,45,3729.27
2025-02-18T13:00,24.8,35,3328.79
2025-02-18T14:00,26.3,29,3319.9
2025-02-18T15:00,26.4,27,3262.97
2025-02-18T16:00,25.9,26,3246.86
2025-02-18T17:00,24.8,30,3393.16
2025-02-18T18:00,23.4,36,3568.38
2025-02-18T19:00,22.0,46,3538.88
2025-02-18T20:00,21.3,52,3226.08
2025-02-18T21:00,20.8,55,2921.7
2025-02-18T22:00,19.9,56,2659.66
2025-02-18T23:00,18.9,59,2372.38
2025-02-19T00:00,17.9,61,2098.27
2025-02-19T01:00,17.0,63,1923.39
2025-02-19T02:00,16.2,66,1835.55
2025-02-19T03:00,15.6,68,1794.06
2025-02-19T04:00,15.1,69,1877.85
2025-02-19T05:00,14.7,69,2292.3
2025-02-19T06:00,14.2,76,3094.17
2025-02-19T07:00,14.3,75,3665.95
2025-02-19T08:00,16.1,68,3779.6
2025-02-19T09:00,19.2,56,3987.65
2025-02-19T10:00,21.9,45,4121.12
2025-02-19T11:00,24.3,36,4028.43
2025-02-19T12:00,25.7,29,3835.05
2025-02-19T13:00,26.6,26,3419.89
2025-02-19T14:00,27.0,25,3374.8
2025-02-19T15:00,27.0,26,3341.89
2025-02-19T16:00,26.5,28,3326.25
2025-02-19T17:00,25.5,31,3390.0
2025-02-19T18:00,24.1,38,3621.58
2025-02-19T19:00,23.7,42,3547.22
2025-02-19T20:00,22.8,49,3252.13
2025-02-19T21:00,21.8,49,2969.17
2025-02-19T22:00,20.0,61,2706.23
2025-02-20T00:00,18.2,73,2096.39
2025-02-20T01:00,17.0,78,1921.63
2025-02-20T02:00,16.9,75,1818.2
2025-02-20T03:00,16.4,79,1778.87
2025-02-20T04:00,15.9,86,1868.91
2025-02-20T05:00,15.1,83,2229.26
2025-02-20T06:00,16.3,87,2967.64
2025-02-20T07:00,16.4,82,3593.16
2025-02-20T08:00,17.9,73,3761.6
2025-02-20T09:00,19.8,64,3878.31
2025-02-20T10:00,20.3,62,4063.21
2025-02-20T11:00,20.8,59,3932.15
2025-02-20T12:00,21.6,57,3762.4
2025-02-20T13:00,22.9,53,3362.33
2025-02-20T14:00,23.5,48,3368.3
2025-02-20T15:00,23.7,46,3336.75
2025-02-20T16:00,23.1,49,3310.51
2025-02-20T17:00,21.9,54,3431.77
2025-02-20T18:00,21.0,61,3626.59
2025-02-20T19:00,20.0,67,3557.95
2025-02-20T20:00,19.6,67,3254.19
2025-02-20T21:00,15.9,89,2953.06
2025-02-20T22:00,16.2,87,2705.19
2025-02-21T00:00,15.6,88,2143.82
2025-02-21T01:00,15.3,90,1975.42
2025-02-21T02:00,14.8,91,1887.88
2025-02-21T03:00,14.4,93,1849.16
2025-02-21T04:00,14.2,93,1932.86
2025-02-21T05:00,13.7,93,2303.53
2025-02-21T06:00,14.3,90,3076.65
2025-02-21T07:00,14.5,89,3716.01
2025-02-21T08:00,16.1,82,3800.59
2025-02-21T09:00,18.2,71,4053.48
2025-02-21T10:00,20.5,62,4190.81
2025-02-21T11:00,22.5,53,4154.72
2025-02-21T12:00,23.7,49,4015.62
2025-02-21T13:00,24.6,47,3598.1
2025-02-21T14:00,25.1,44,3526.15
2025-02-21T15:00,24.9,44,3420.03
2025-02-21T16:00,24.1,46,3347.98
2025-02-21T17:00,22.7,52,3452.53
2025-02-21T18:00,21.7,58,3623.64
2025-02-21T19:00,20.8,65,3543.11
2025-02-21T20:00,19.9,70,3264.96
2025-02-21T21:00,18.9,75,2971.08
2025-02-21T22:00,18.0,80,2627.85
2025-02-21T23:00,17.1,84,2387.24
2025-02-22T00:00,16.3,86,2115.23
2025-02-22T01:00,15.8,85,1949.04
2025-02-22T02:00,15.1,86,1857.55
2025-02-22T03:00,14.6,87,1810.95
2025-02-22T04:00,14.1,89,1898.05
2025-02-22T05:00,13.6,89,2203.82
2025-02-22T06:00,13.5,92,2783.87
2025-02-22T07:00,13.5,90,3351.3
2025-02-22T08:00,15.1,81,3577.62
2025-02-22T09:00,17.3,69,3776.65
2025-02-22T10:00,19.7,58,3883.79
2025-02-22T11:00,21.7,48,3787.33
2025-02-22T12:00,23.0,43,3606.92
2025-02-22T13:00,23.6,40,3254.58
2025-02-22T14:00,23.9,36,3174.19
2025-02-22T15:00,23.8,37,3101.15
2025-02-22T16:00,23.2,38,3070.65
2025-02-22T17:00,22.1,42,3164.9
2025-02-22T18:00,20.4,53,3353.26
2025-02-22T19:00,19.4,60,3323.73
2025-02-22T20:00,18.7,64,3115.67
2025-02-22T21:00,18.0,68,2864.21
2025-02-22T22:00,17.2,73,2595.49
2025-02-23T00:00,15.9,78,1990.21
2025-02-23T01:00,15.3,78,1833.08
2025-02-23T02:00,14.9,78,1745.64
2025-02-23T03:00,14.5,80,1710.91
2025-02-23T04:00,14.0,81,1770.94
2025-02-23T05:00,13.6,83,1994.18
2025-02-23T06:00,13.3,87,2430.41
2025-02-23T07:00,13.8,84,3025.44
2025-02-23T08:00,15.5,77,3385.44
2025-02-23T09:00,18.0,66,3737.49
2025-02-23T10:00,20.5,56,3911.63
2025-02-23T11:00,22.5,47,3868.88
2025-02-23T12:00,23.8,41,3701.36
2025-02-23T13:00,24.6,39,3321.65
2025-02-23T14:00,25.1,37,3185.02
2025-02-23T15:00,24.9,37,3049.3
2025-02-23T16:00,24.4,37,2994.36
2025-02-23T17:00,23.3,40,3100.03
2025-02-23T18:00,21.9,47,3282.09
2025-02-23T19:00,20.5,54,3260.11
2025-02-23T20:00,19.5,59,3031.6
2025-02-23T21:00,18.9,63,2793.63
2025-02-23T22:00,18.3,65,2563.46
2025-02-24T00:00,17.1,68,2042.24
2025-02-24T01:00,16.5,70,1886.84
2025-02-24T02:00,15.9,73,1808.77
2025-02-24T03:00,15.3,75,1780.78
2025-02-24T04:00,14.2,80,1873.79
2025-02-24T05:00,13.3,83,2219.45
2025-02-24T06:00,13.5,89,3004.44
2025-02-24T07:00,13.7,87,3610.63
2025-02-24T08:00,16.1,75,3785.38
2025-02-24T09:00,19.4,59,3887.48
2025-02-24T10:00,22.2,49,3964.59
2025-02-24T11:00,24.3,38,3863.51
2025-02-24T12:00,25.7,30,3709.06
2025-02-24T13:00,26.5,27,3323.06
2025-02-24T14:00,26.9,24,3308.09
2025-02-24T15:00,26.8,23,3268.13
2025-02-24T16:00,26.1,24,3236.18
2025-02-24T17:00,24.9,30,3355.95
2025-02-24T18:00,23.0,44,3496.19
2025-02-24T19:00,21.6,54,3435.49
2025-02-24T20:00,20.7,60,3180.12
2025-02-24T21:00,20.1,65,2902.82
2025-02-24T22:00,19.6,65,2603.16
2025-02-24T23:00,19.0,67,2328.28
2025-02-25T00:00,18.3,68,2043.96
2025-02-25T01:00,18.0,68,1881.23
2025-02-25T02:00,16.8,73,1793.7
2025-02-25T03:00,15.9,77,1780.18
2025-02-25T04:00,15.0,82,1885.46
2025-02-25T05:00,14.5,85,2245.66
2025-02-25T06:00,14.4,89,3026.01
2025-02-25T07:00,15.1,85,3722.17
2025-02-25T08:00,17.6,73,3856.19
2025-02-25T09:00,21.0,58,3919.27
2025-02-25T10:00,23.9,43,4025.59
2025-02-25T11:00,25.7,32,3907.5
2025-02-25T12:00,27.1,27,3766.84
2025-02-25T13:00,27.9,25,3373.06
2025-02-25T14:00,28.1,25,3286.04
2025-02-25T15:00,27.6,26,3278.04
2025-02-25T16:00,27.1,28,3254.58
2025-02-25T17:00,26.0,30,3371.76
2025-02-25T18:00,24.2,43,3573.96
2025-02-25T19:00,23.3,48,3512.24
2025-02-25T20:00,22.3,48,3208.29
2025-02-25T21:00,21.7,51,2930.84
2025-02-25T22:00,20.8,51,2672.38
2025-02-26T00:00,19.9,58,2138.09
2025-02-26T01:00,18.7,64,1975.92
2025-02-26T02:00,18.3,68,1888.8
2025-02-26T03:00,18.2,69,1867.19
2025-02-26T04:00,17.9,70,2007.52
2025-02-26T05:00,18.2,67,2379.59
2025-02-26T06:00,18.7,73,2953.48
2025-02-26T07:00,19.0,75,3612.63
2025-02-26T08:00,19.9,67,3987.31
2025-02-26T09:00,22.8,56,4164.98
2025-02-26T10:00,26.0,46,4182.34
2025-02-26T11:00,27.8,40,3888.78
2025-02-26T12:00,29.0,36,3602.32
2025-02-26T13:00,29.8,33,3198.85
2025-02-26T14:00,30.1,32,3158.47
2025-02-26T15:00,29.8,31,3043.53
2025-02-26T16:00,29.4,33,2971.46
2025-02-26T17:00,28.2,39,3215.97
2025-02-26T18:00,26.6,48,3385.02
2025-02-26T19:00,25.7,58,3309.53
2025-02-26T20:00,25.3,60,3082.25
2025-02-26T21:00,24.5,62,2772.16
2025-02-26T22:00,23.5,62,2544.42
2025-02-27T00:00,21.9,69,2054.38
2025-02-27T01:00,21.7,70,1904.57
2025-02-27T02:00,22.2,68,1831.65
2025-02-27T03:00,21.6,70,1808.23
2025-02-27T04:00,20.6,72,1892.82
2025-02-27T05:00,20.6,69,2269.28
2025-02-27T06:00,21.1,75,2979.34
2025-02-27T07:00,21.0,72,3539.23
2025-02-27T08:00,19.1,73,3648.63
2025-02-27T09:00,19.7,78,3751.76
2025-02-27T10:00,20.4,82,3888.37
2025-02-27T11:00,20.2,84,3793.66
2025-02-27T12:00,20.7,76,3652.25
2025-02-27T13:00,22.1,67,3266.52
2025-02-27T14:00,23.4,62,3315.62
2025-02-27T15:00,23.0,63,3279.43
2025-02-27T16:00,22.4,64,3341.2
2025-02-27T17:00,22.1,60,3459.04
2025-02-27T18:00,21.7,62,3624.01
2025-02-27T19:00,21.2,64,3545.87
2025-02-27T20:00,20.2,69,3239.45
2025-02-27T21:00,20.1,70,2947.86
2025-02-27T22:00,20.0,68,2683.79
2025-02-28T00:00,19.5,63,2180.39
2025-02-28T01:00,19.3,62,2026.83
2025-02-28T02:00,19.3,64,1946.06
2025-02-28T03:00,19.2,66,1904.57
2025-02-28T04:00,19.1,69,1988.73
2025-02-28T05:00,18.9,70,2333.42
2025-02-28T06:00,19.4,68,2995.9
2025-02-28T07:00,19.1,69,3629.68
2025-02-28T08:00,18.8,70,3869.38
2025-02-28T09:00,18.2,76,4073.69
2025-02-28T10:00,18.3,82,4270.26
2025-02-28T11:00,19.6,77,4246.9
2025-02-28T12:00,20.0,74,4081.55
2025-02-28T13:00,21.1,71,3484.84
2025-02-28T14:00,22.1,69,3409.6
2025-02-28T15:00,23.3,65,3386.39
2025-02-28T16:00,23.4,65,3367.25
2025-02-28T17:00,22.9,69,3476.43
2025-02-28T18:00,22.3,74,3660.54
2025-02-28T19:00,21.4,83,3571.28
2025-02-28T20:00,20.9,85,3252.24
2025-02-28T21:00,18.5,90,2979.93
2025-02-28T22:00,18.5,90,2741.31
2025-03-01T00:00,17.4,87,2237.94
2025-03-01T01:00,16.8,87,2066.08
2025-03-01T02:00,16.3,89,1970.47
2025-03-01T03:00,15.9,90,1922.43
2025-03-01T04:00,15.7,90,1996.54
2025-03-01T05:00,15.5,89,2297.35
2025-03-01T06:00,16.8,93,2798.09
2025-03-01T07:00,16.6,91,3329.42
2025-03-01T08:00,17.4,90,3551.03
2025-03-01T09:00,18.5,83,3702.25
2025-03-01T10:00,19.5,79,3845.91
2025-03-01T11:00,21.1,75,3756.07
2025-03-01T12:00,22.6,71,3648.97
2025-03-01T13:00,23.7,67,3337.53
2025-03-01T14:00,24.0,65,3288.65
2025-03-01T15:00,24.1,66,3218.99
2025-03-01T16:00,23.3,67,3139.01
2025-03-01T17:00,22.6,70,3253.6
2025-03-01T18:00,21.9,77,3418.82
2025-03-01T19:00,21.0,81,3412.5
2025-03-01T20:00,20.3,83,3118.22
2025-03-01T21:00,20.0,84,2856.63
2025-03-01T22:00,19.2,85,2632.18
2025-03-02T00:00,17.7,88,2138.06
2025-03-02T01:00,17.2,89,1999.16
2025-03-02T02:00,16.8,89,1920.99
2025-03-02T03:00,16.5,88,1887.83
2025-03-02T04:00,16.0,88,1982.69
2025-03-02T05:00,15.4,89,2169.44
2025-03-02T06:00,16.0,88,2473.57
2025-03-02T07:00,16.1,87,2965.08
2025-03-02T08:00,17.5,82,3292.39
2025-03-02T09:00,19.3,74,3534.37
2025-03-02T10:00,21.3,63,3682.24
2025-03-02T11:00,23.3,44,3652.97
2025-03-02T12:00,24.2,37,3541.37
2025-03-02T13:00,24.6,35,3250.45
2025-03-02T14:00,24.5,35,3126.14
2025-03-02T15:00,24.0,37,3027.23
2025-03-02T16:00,23.2,41,3000.01
2025-03-02T17:00,21.9,48,3093.9
2025-03-02T18:00,19.6,59,3232.88
2025-03-02T19:00,18.3,65,3215.95
2025-03-02T20:00,17.1,71,3019.74
2025-03-02T21:00,16.4,73,2804.56
2025-03-02T22:00,15.9,71,2578.82
2025-03-02T23:00,15.5,69,2382.78
2025-03-03T00:00,14.9,69,2126.06
2025-03-03T01:00,14.3,70,1992.16
2025-03-03T02:00,13.6,73,1917.22
2025-03-03T03:00,13.3,73,1897.25
2025-03-03T04:00,13.0,74,2027.18
2025-03-03T05:00,12.8,75,2374.9
2025-03-03T06:00,13.1,77,3023.39
2025-03-03T07:00,13.8,78,3539.66
2025-03-03T08:00,16.4,69,3639.98
2025-03-03T09:00,19.4,60,3760.43
2025-03-03T10:00,22.1,44,3840.39
2025-03-03T11:00,24.2,34,3698.24
2025-03-03T12:00,25.7,31,3587.27
2025-03-03T13:00,26.6,34,3288.44
2025-03-03T14:00,26.9,37,3287.97
2025-03-03T15:00,26.3,40,3232.22
2025-03-03T16:00,25.6,45,3260.35
2025-03-03T17:00,24.3,54,3365.19
2025-03-03T18:00,23.2,57,3461.37
2025-03-03T19:00,22.2,60,3418.57
2025-03-03T20:00,21.5,64,3141.64
2025-03-03T21:00,21.3,63,2884.11
2025-03-03T22:00,20.4,67,2669.73
2025-03-04T00:00,19.0,71,2210.12
2025-03-04T01:00,18.6,72,2068.43
2025-03-04T02:00,18.3,72,1993.76
2025-03-04T03:00,17.1,78,1968.08
2025-03-04T04:00,15.9,83,2081.72
2025-03-04T05:00,15.6,83,2390.12
2025-03-04T06:00,16.5,82,2967.25
2025-03-04T07:00,16.9,80,3497.05
2025-03-04T08:00,18.2,76,3635.31
2025-03-04T09:00,19.8,67,3793.93
2025-03-04T10:00,21.5,57,3886.44
2025-03-04T11:00,22.9,53,3798.25
2025-03-04T12:00,24.0,47,3669.91
2025-03-04T13:00,24.4,42,3345.1
2025-03-04T14:00,24.4,40,3368.1
2025-03-04T15:00,24.4,41,3345.57
2025-03-04T16:00,23.8,41,3301.92
2025-03-04T17:00,22.5,45,3406.84
2025-03-04T18:00,21.0,51,3529.97
2025-03-04T19:00,20.1,52,3519.38
2025-03-04T20:00,19.2,50,3208.88
2025-03-04T21:00,18.1,51,2908.94
2025-03-04T22:00,17.3,53,2646.45
2025-03-05T00:00,15.8,57,2084.55
2025-03-05T01:00,15.2,60,1926.62
2025-03-05T02:00,14.6,62,1853.84
2025-03-05T03:00,13.9,63,1821.48
2025-03-05T04:00,13.3,61,1952.07
2025-03-05T05:00,13.0,56,2297.11
2025-03-05T06:00,12.6,63,2977.92
2025-03-05T07:00,12.7,63,3653.69
2025-03-05T08:00,13.9,60,3763.47
2025-03-05T09:00,15.9,53,3897.12
2025-03-05T10:00,18.1,46,4007.27
2025-03-05T11:00,19.8,40,3890.92
2025-03-05T12:00,21.3,34,3720.22
2025-03-05T13:00,22.2,30,3354.18
2025-03-05T14:00,22.8,27,3315.81
2025-03-05T15:00,22.8,28,3281.6
2025-03-05T16:00,22.3,31,3304.09
2025-03-05T17:00,21.6,30,3434.92
2025-03-05T18:00,20.9,34,3530.73
2025-03-05T19:00,20.2,35,3535.6
2025-03-05T20:00,19.3,36,3226.24
2025-03-05T21:00,18.6,38,2926.69
2025-03-05T22:00,18.3,38,2700.01
2025-03-06T00:00,16.9,42,2133.32
2025-03-06T01:00,15.8,45,1978.13
2025-03-06T02:00,15.1,46,1888.57
2025-03-06T03:00,14.7,46,1855.62
2025-03-06T04:00,14.3,47,1984.5
2025-03-06T05:00,13.8,48,2311.82
2025-03-06T06:00,12.8,58,2932.5
2025-03-06T07:00,13.2,56,3550.28
2025-03-06T08:00,15.0,54,3703.32
2025-03-06T09:00,17.5,47,3843.77
2025-03-06T10:00,20.2,41,3859.82
2025-03-06T11:00,22.5,34,3728.15
2025-03-06T12:00,24.2,29,3591.77
2025-03-06T13:00,25.5,25,3253.37
2025-03-06T14:00,26.3,24,3287.95
2025-03-06T15:00,26.6,23,3277.33
2025-03-06T16:00,26.2,23,3280.85
2025-03-06T17:00,24.9,30,3243.11
2025-03-06T18:00,22.8,42,3358.54
2025-03-06T19:00,22.2,43,3517.75
2025-03-06T20:00,21.6,43,3191.37
2025-03-06T21:00,20.5,46,2881.12
2025-03-06T22:00,19.6,49,2636.74
2025-03-06T23:00,18.6,52,2372.5
2025-03-07T00:00,17.7,55,2136.09
2025-03-07T01:00,16.7,59,1977.69
2025-03-07T02:00,15.5,62,1892.08
2025-03-07T03:00,15.2,61,1869.64
2025-03-07T04:00,15.1,60,2003.81
2025-03-07T05:00,13.8,66,2360.64
2025-03-07T06:00,12.5,75,3046.12
2025-03-07T07:00,13.2,72,3608.74
2025-03-07T08:00,16.0,61,3756.05
2025-03-07T09:00,19.8,47,3958.05
2025-03-07T10:00,23.4,33,4099.36
2025-03-07T11:00,25.7,24,4068.76
2025-03-07T12:00,27.2,20,3952.88
2025-03-07T13:00,28.1,19,3505.47
2025-03-07T14:00,28.4,21,3350.87
2025-03-07T15:00,28.3,22,3332.66
2025-03-07T16:00,27.8,23,3325.0
2025-03-07T17:00,26.6,25,3441.09
2025-03-07T18:00,24.2,33,3566.73
2025-03-07T19:00,22.9,39,3548.72
2025-03-07T20:00,22.3,38,3217.88
2025-03-07T21:00,21.4,45,2915.55
2025-03-07T22:00,20.2,46,2667.12
2025-03-07T23:00,19.2,49,2433.04
2025-03-08T00:00,18.4,51,2170.66
2025-03-08T01:00,17.4,54,2004.24
2025-03-08T02:00,16.6,56,1928.84
2025-03-08T03:00,15.7,59,1887.39
2025-03-08T04:00,15.2,61,2003.71
2025-03-08T05:00,14.6,62,2282.88
2025-03-08T06:00,14.7,66,2767.8
2025-03-08T07:00,15.5,62,3306.95
2025-03-08T08:00,18.0,54,3472.49
2025-03-08T09:00,21.4,43,3623.13
2025-03-08T10:00,24.6,36,3754.84
2025-03-08T11:00,27.4,27,3562.79
2025-03-08T12:00,29.1,21,3445.26
2025-03-08T13:00,29.8,20,3132.21
2025-03-08T14:00,30.1,20,3158.68
2025-03-08T15:00,29.9,21,3122.24
2025-03-08T16:00,29.3,23,3090.46
2025-03-08T17:00,28.3,25,3211.08
2025-03-08T18:00,26.2,35,3346.72
2025-03-08T19:00,24.7,42,3358.24
2025-03-08T20:00,23.3,50,3095.97
2025-03-08T21:00,22.6,51,2833.61
2025-03-08T22:00,22.5,50,2612.55
2025-03-08T23:00,21.9,51,2380.71
2025-03-09T00:00,20.9,53,2132.99
2025-03-09T01:00,21.3,54,1985.8
2025-03-09T02:00,20.5,55,1901.22
2025-03-09T03:00,18.8,60,1904.8
2025-03-09T04:00,17.6,65,1972.21
2025-03-09T05:00,17.2,64,2169.58
2025-03-09T06:00,16.8,73,2522.26
2025-03-09T07:00,18.2,66,3002.06
2025-03-09T08:00,21.1,56,3263.83
2025-03-09T09:00,24.6,45,3525.44
2025-03-09T10:00,27.5,33,3721.16
2025-03-09T11:00,29.3,27,3701.31
2025-03-09T12:00,30.6,24,3570.49
2025-03-09T13:00,31.4,22,3232.21
2025-03-09T14:00,31.8,21,3175.22
2025-03-09T15:00,31.8,22,3075.42
2025-03-09T16:00,31.3,23,3056.87
2025-03-09T17:00,30.2,26,3154.59
2025-03-09T18:00,28.5,31,3282.32
2025-03-09T19:00,26.8,36,3283.21
2025-03-09T20:00,25.8,40,3079.63
2025-03-09T21:00,25.1,43,2844.84
2025-03-09T22:00,24.0,47,2625.2
2025-03-09T23:00,22.7,51,2401.39
2025-03-10T00:00,21.9,53,2125.16
2025-03-10T01:00,21.0,55,1970.71
2025-03-10T02:00,20.4,58,1902.37
2025-03-10T03:00,19.9,61,1878.8
2025-03-10T04:00,19.4,62,1996.54
2025-03-10T05:00,19.0,64,2323.32
2025-03-10T06:00,19.3,66,2962.23
2025-03-10T07:00,19.7,64,3540.39
2025-03-10T08:00,21.4,58,3650.9
2025-03-10T09:00,24.1,50,3755.37
2025-03-10T10:00,26.8,42,3710.93
2025-03-10T11:00,29.0,35,3684.63
2025-03-10T12:00,30.3,31,3577.51
2025-03-10T13:00,31.1,29,3254.89
2025-03-10T14:00,31.6,28,3301.97
2025-03-10T15:00,31.7,27,3293.81
2025-03-10T16:00,31.2,28,3320.39
2025-03-10T17:00,30.3,30,3399.39
2025-03-10T18:00,29.3,31,3528.75
2025-03-10T19:00,27.4,39,3580.37
2025-03-10T20:00,26.2,44,3297.74
2025-03-10T21:00,25.3,46,3045.39
2025-03-10T22:00,24.9,47,2814.97
2025-03-10T23:00,24.1,50,2603.87
2025-03-11T00:00,23.2,53,2369.34
2025-03-11T01:00,22.2,57,2229.32
2025-03-11T02:00,21.3,62,2148.69
2025-03-11T03:00,20.6,64,2112.4
2025-03-11T04:00,19.9,67,2206.7
2025-03-11T05:00,19.5,70,2486.95
2025-03-11T06:00,19.7,75,3041.8
2025-03-11T07:00,20.8,70,3542.14
2025-03-11T08:00,23.7,56,3618.16
2025-03-11T09:00,27.2,42,3749.5
2025-03-11T10:00,30.1,32,3930.8
2025-03-11T11:00,32.2,26,3909.57
2025-03-11T12:00,33.6,23,3812.48
2025-03-11T13:00,34.3,22,3488.37
2025-03-11T14:00,34.3,22,3518.17
2025-03-11T15:00,34.4,21,3518.66
2025-03-11T16:00,34.0,21,3514.85
2025-03-11T17:00,32.6,24,3620.96
2025-03-11T18:00,29.8,35,3696.87
2025-03-11T19:00,28.8,39,3661.14
2025-03-11T20:00,27.5,49,3373.5
2025-03-11T21:00,26.3,54,3094.74
2025-03-11T22:00,25.3,59,2890.12
2025-03-11T23:00,24.4,60,2672.41
2025-03-12T00:00,23.7,62,2444.78
2025-03-12T01:00,22.9,64,2286.73
2025-03-12T02:00,22.0,68,2201.39
2025-03-12T03:00,21.3,72,2166.91
2025-03-12T04:00,20.7,74,2259.6
2025-03-12T05:00,20.4,73,2555.6
2025-03-12T06:00,19.8,79,3121.51
2025-03-12T07:00,20.7,75,3528.2
2025-03-12T08:00,22.9,66,3592.04
2025-03-12T09:00,26.0,52,3760.46
2025-03-12T10:00,28.8,39,3940.16
2025-03-12T11:00,30.5,32,3889.25
2025-03-12T12:00,31.8,28,3833.9
2025-03-12T13:00,32.8,25,3532.85
2025-03-12T14:00,32.9,25,3567.24
2025-03-12T15:00,32.7,25,3600.01
2025-03-12T16:00,31.8,27,3598.76
2025-03-12T17:00,30.7,30,3666.5
2025-03-12T18:00,29.3,37,3761.39
2025-03-12T19:00,28.4,42,3721.69
2025-03-12T20:00,27.1,47,3435.79
2025-03-12T21:00,26.2,50,3173.62
2025-03-12T22:00,25.5,51,2970.86
2025-03-12T23:00,25.0,52,2747.43
2025-03-13T00:00,23.9,54,2514.11
2025-03-13T01:00,23.1,56,2354.19
2025-03-13T02:00,22.6,57,2266.5
2025-03-13T03:00,22.5,58,2219.65
2025-03-13T04:00,21.8,58,2299.91
2025-03-13T05:00,21.5,58,2555.48
2025-03-13T06:00,21.0,71,3024.37
2025-03-13T07:00,21.4,69,3402.79
2025-03-13T08:00,23.4,63,3556.88
2025-03-13T09:00,26.2,53,3764.94
2025-03-13T10:00,28.3,44,3956.21
2025-03-13T11:00,26.4,51,3866.69
2025-03-13T12:00,29.6,36,3785.08
2025-03-13T13:00,31.2,32,3507.73
2025-03-13T14:00,32.0,31,3508.36
2025-03-13T15:00,31.0,33,3428.89
2025-03-13T16:00,30.5,33,3318.33
2025-03-13T17:00,22.5,72,3266.53
2025-03-13T18:00,26.3,54,3268.41
2025-03-13T19:00,25.5,54,3255.48
2025-03-13T20:00,24.4,58,3104.58
2025-03-13T21:00,23.9,58,2988.08
2025-03-13T22:00,23.3,62,2794.35
2025-03-13T23:00,22.8,62,2618.02
2025-03-14T00:00,22.1,65,2406.94
2025-03-14T01:00,21.9,64,2272.37
2025-03-14T02:00,21.1,66,2186.93
2025-03-14T03:00,20.5,68,2149.44
2025-03-14T04:00,19.6,71,2193.56
2025-03-14T05:00,19.0,75,2324.52
2025-03-14T06:00,19.5,83,2486.76
2025-03-14T07:00,20.4,79,2636.87
2025-03-14T08:00,23.3,70,2587.44
2025-03-14T09:00,26.5,55,2467.36
2025-03-14T10:00,28.9,44,2378.15
2025-03-14T11:00,30.7,37,2407.41
2025-03-14T12:00,32.1,26,2595.15
2025-03-14T13:00,32.8,22,2704.88
2025-03-14T14:00,33.0,20,2712.23
2025-03-14T15:00,33.2,19,2626.85
2025-03-14T16:00,31.7,21,2605.64
2025-03-14T17:00,30.4,26,2702.03
2025-03-14T18:00,28.0,41,2698.83
2025-03-14T19:00,27.3,49,2700.37
2025-03-14T20:00,26.3,42,2649.29
2025-03-14T21:00,24.2,58,2563.43
2025-03-14T22:00,22.9,61,2408.19
2025-03-14T23:00,22.6,59,2242.57
2025-03-15T00:00,21.7,64,2068.99
2025-03-15T01:00,20.9,66,1953.09
2025-03-15T02:00,20.3,66,1889.4
2025-03-15T03:00,19.9,66,1868.9
2025-03-15T04:00,19.6,65,1966.72
2025-03-15T05:00,19.0,66,2169.55
2025-03-15T06:00,19.1,71,2494.11
2025-03-15T07:00,19.5,68,2834.13
2025-03-15T08:00,20.9,63,2960.82
2025-03-15T09:00,23.0,55,3089.95
2025-03-15T10:00,25.4,46,3243.34
2025-03-15T11:00,27.2,42,3233.8
2025-03-15T12:00,28.8,40,3153.04
2025-03-15T13:00,30.2,36,2983.02
2025-03-15T14:00,30.3,38,2953.14
2025-03-15T15:00,30.3,38,2924.99
2025-03-15T16:00,29.6,36,2933.08
2025-03-15T17:00,28.9,38,3035.37
2025-03-15T18:00,26.6,52,3146.93
2025-03-15T19:00,25.9,51,3174.13
2025-03-15T20:00,24.6,57,3017.78
2025-03-15T21:00,23.2,62,2847.86
2025-03-15T22:00,22.4,63,2646.86
2025-03-15T23:00,21.6,64,2472.21
2025-03-16T00:00,20.8,66,2272.82
2025-03-16T01:00,20.2,67,2137.18
2025-03-16T02:00,19.4,70,2059.8
2025-03-16T03:00,18.9,72,2027.1
2025-03-16T04:00,18.3,74,2101.38
2025-03-16T05:00,18.0,73,2252.2
2025-03-16T06:00,19.2,73,2523.22
2025-03-16T07:00,19.7,70,2849.06
2025-03-16T08:00,21.5,63,3018.32
2025-03-16T09:00,23.0,57,3224.15
2025-03-16T10:00,25.5,49,3393.87
2025-03-16T11:00,27.4,42,3416.98
2025-03-16T12:00,29.0,32,3359.23
2025-03-16T13:00,29.9,24,3128.25
2025-03-16T14:00,29.7,23,3101.72
2025-03-16T15:00,29.4,24,3045.05
2025-03-16T16:00,28.5,25,3038.07
2025-03-16T17:00,27.3,28,3119.16
2025-03-16T18:00,26.5,30,3242.93
2025-03-16T19:00,25.3,35,3299.53
2025-03-16T20:00,24.2,38,3143.73
2025-03-16T21:00,23.4,40,2967.69
2025-03-16T22:00,22.5,41,2773.71
2025-03-16T23:00,21.4,43,2626.25
2025-03-17T00:00,20.8,44,2401.19
2025-03-17T01:00,20.0,46,2268.27
2025-03-17T02:00,19.2,49,2199.52
2025-03-17T03:00,18.6,51,2167.95
2025-03-17T04:00,17.7,57,2279.64
2025-03-17T05:00,17.6,56,2531.23
2025-03-17T06:00,18.6,76,2988.34
2025-03-17T07:00,19.3,72,3318.84
2025-03-17T08:00,21.0,64,3399.68
2025-03-17T09:00,23.5,54,3559.44
2025-03-17T10:00,25.9,42,3705.0
2025-03-17T11:00,27.3,32,3687.85
2025-03-17T12:00,27.9,28,3617.23
2025-03-17T13:00,28.2,28,3362.49
2025-03-17T14:00,28.3,29,3410.75
2025-03-17T15:00,27.9,29,3394.64
2025-03-17T16:00,27.4,30,3422.93
2025-03-17T17:00,26.4,32,3510.56
2025-03-17T18:00,25.6,33,3575.04
2025-03-17T19:00,24.5,38,3569.04
2025-03-17T20:00,23.6,41,3304.3
2025-03-17T21:00,22.7,43,3071.81
2025-03-17T22:00,22.3,44,2871.04
2025-03-17T23:00,21.2,47,2663.28
2025-03-18T00:00,20.2,51,2451.47
2025-03-18T01:00,19.7,52,2321.74
2025-03-18T02:00,18.7,55,2220.87
2025-03-18T03:00,18.1,57,2179.55
2025-03-18T04:00,17.6,59,2259.14
2025-03-18T05:00,17.1,60,2502.67
2025-03-18T06:00,17.6,73,3003.19
2025-03-18T07:00,18.6,68,3439.35
2025-03-18T08:00,20.8,59,3535.58
2025-03-18T09:00,23.5,47,3667.57
2025-03-18T10:00,26.2,35,3784.47
2025-03-18T11:00,27.8,29,3768.75
2025-03-18T12:00,28.9,26,3659.71
2025-03-18T13:00,29.6,24,3393.78
2025-03-18T14:00,29.9,23,3465.26
2025-03-18T15:00,29.7,23,3304.64
2025-03-18T16:00,29.0,25,3520.47
2025-03-18T17:00,27.9,28,3605.3
2025-03-18T18:00,26.8,33,3662.65
2025-03-18T19:00,25.5,39,3644.81
2025-03-18T20:00,24.3,43,3370.79
2025-03-18T21:00,23.4,44,3093.0
2025-03-18T22:00,22.6,44,2916.48
2025-03-18T23:00,22.3,43,2717.22
2025-03-19T00:00,22.1,42,2498.78
2025-03-19T01:00,21.0,46,2364.38
2025-03-19T02:00,19.7,52,2283.17
2025-03-19T03:00,18.9,55,2245.47
2025-03-19T04:00,18.3,58,2326.72
2025-03-19T05:00,17.8,61,2579.89
2025-03-19T06:00,17.7,68,3060.7
2025-03-19T07:00,19.0,63,3460.42
2025-03-19T08:00,22.1,51,3538.41
2025-03-19T09:00,25.7,39,3710.53
2025-03-19T10:00,28.4,28,3882.28
2025-03-19T11:00,30.2,22,3835.53
2025-03-19T12:00,31.5,19,3738.94
2025-03-19T13:00,32.1,18,3479.08
2025-03-19T14:00,32.3,17,3559.86
2025-03-19T15:00,31.8,18,3565.3
2025-03-19T16:00,30.8,22,3611.01
2025-03-19T17:00,29.6,26,3695.38
2025-03-19T18:00,28.9,23,3753.01
2025-03-19T19:00,27.5,29,3765.41
2025-03-19T20:00,25.9,34,3465.38
2025-03-19T21:00,24.9,36,3217.76
2025-03-19T22:00,24.6,35,3016.23
2025-03-19T23:00,24.0,35,2847.34
2025-03-20T00:00,23.1,37,2608.18
2025-03-20T01:00,22.3,38,2455.22
2025-03-20T02:00,21.0,41,2374.11
2025-03-20T03:00,20.2,44,2339.89
2025-03-20T04:00,19.6,45,2408.67
2025-03-20T05:00,19.1,46,2643.34
2025-03-20T06:00,20.6,62,3084.24
2025-03-20T07:00,21.6,55,3429.95
2025-03-20T08:00,24.0,47,3527.08
2025-03-20T09:00,27.5,35,3706.05
2025-03-20T10:00,30.3,22,3889.64
2025-03-20T11:00,31.8,17,3873.17
2025-03-20T12:00,32.9,15,3790.59
2025-03-20T13:00,33.0,14,3532.27
2025-03-20T14:00,32.6,15,3628.12
2025-03-20T15:00,32.1,17,3660.8
2025-03-20T16:00,31.4,18,3672.57
2025-03-20T17:00,30.1,21,3759.02
2025-03-20T18:00,29.1,19,3802.76
2025-03-20T19:00,27.3,23,3825.14
2025-03-20T20:00,26.4,29,3524.59
2025-03-20T21:00,25.2,39,3247.63
2025-03-20T22:00,24.6,41,3076.98
2025-03-21T00:00,22.7,35,2646.01
2025-03-21T01:00,21.8,36,2499.53
2025-03-21T02:00,21.3,37,2404.47
2025-03-21T03:00,20.6,39,2385.46
2025-03-21T04:00,20.2,40,2505.81
2025-03-21T05:00,19.9,41,2730.87
2025-03-21T06:00,19.4,60,3135.94
2025-03-21T07:00,20.4,57,3491.41
2025-03-21T08:00,22.5,50,3567.67
2025-03-21T09:00,25.1,42,3763.64
2025-03-21T10:00,27.7,34,3989.57
2025-03-21T11:00,30.0,24,3936.2
2025-03-21T12:00,31.5,18,3860.39
2025-03-21T13:00,31.9,16,3532.96
2025-03-21T14:00,32.0,15,3552.57
2025-03-21T15:00,31.6,15,3578.18
2025-03-21T16:00,30.9,17,3602.36
2025-03-21T17:00,29.7,20,3762.46
2025-03-21T18:00,28.4,23,3835.37
2025-03-21T19:00,26.9,27,3841.76
2025-03-21T20:00,25.7,30,3534.98
2025-03-21T21:00,24.6,32,3273.18
2025-03-21T22:00,23.5,33,3090.02
2025-03-22T00:00,21.7,36,2676.94
2025-03-22T01:00,21.0,37,2512.46
2025-03-22T02:00,20.6,39,2422.79
2025-03-22T03:00,20.1,38,2366.9
2025-03-22T04:00,18.6,44,2425.36
2025-03-22T05:00,18.0,46,2625.13
2025-03-22T06:00,19.4,52,3027.28
2025-03-22T07:00,20.7,48,3344.86
2025-03-22T08:00,23.1,41,3395.32
2025-03-22T09:00,26.2,33,3536.06
2025-03-22T10:00,28.9,27,3707.6
2025-03-22T11:00,30.5,23,3710.88
2025-03-22T12:00,31.3,20,3668.53
2025-03-22T13:00,30.8,20,3422.56
2025-03-22T14:00,31.2,19,3488.94
2025-03-22T15:00,31.2,19,3472.22
2025-03-22T16:00,30.9,19,3481.18
2025-03-22T17:00,29.6,20,3552.27
2025-03-22T18:00,28.5,22,3628.08
2025-03-22T19:00,26.9,27,3648.79
2025-03-22T20:00,25.4,34,3421.62
2025-03-22T21:00,24.5,39,3188.16
2025-03-22T22:00,23.6,40,3025.27
2025-03-23T00:00,22.3,44,2625.4
2025-03-23T01:00,21.5,46,2464.18
2025-03-23T02:00,20.5,49,2375.49
2025-03-23T03:00,19.8,51,2314.88
2025-03-23T04:00,18.9,53,2336.57
2025-03-23T05:00,18.5,54,2489.99
2025-03-23T06:00,18.6,62,2781.73
2025-03-23T07:00,20.8,52,3078.5
2025-03-23T08:00,24.1,41,3173.49
2025-03-23T09:00,27.3,31,3346.61
2025-03-23T10:00,29.3,25,3550.46
2025-03-23T11:00,30.4,23,3629.55
2025-03-23T12:00,31.3,21,3569.4
2025-03-23T13:00,32.1,19,3329.25
2025-03-23T14:00,32.6,18,3346.14
2025-03-23T15:00,32.7,17,3325.55
2025-03-23T16:00,32.3,17,3310.88
2025-03-23T17:00,31.1,17,3362.85
2025-03-23T18:00,29.7,21,3470.82
2025-03-23T19:00,28.3,23,3553.82
2025-03-23T20:00,27.0,27,3373.16
2025-03-23T21:00,25.8,30,3199.76
2025-03-23T22:00,25.2,32,3037.17
2025-03-23T23:00,24.1,37,2861.11
2025-03-24T00:00,23.3,39,2644.15
2025-03-24T01:00,22.5,42,2493.34
2025-03-24T02:00,22.2,42,2406.18
2025-03-24T03:00,22.2,43,2359.47
2025-03-24T04:00,21.5,44,2417.13
2025-03-24T05:00,20.0,49,2660.04
2025-03-24T06:00,20.1,55,3088.26
2025-03-24T07:00,21.1,52,3439.87
2025-03-24T08:00,24.0,43,3524.2
2025-03-24T09:00,27.5,34,3746.92
2025-03-24T10:00,30.1,26,3945.56
2025-03-24T11:00,31.6,21,3985.13
2025-03-24T12:00,32.7,19,3921.09
2025-03-24T13:00,33.5,17,3570.23
2025-03-24T14:00,33.9,16,3631.46
2025-03-24T15:00,33.9,16,3692.74
2025-03-24T16:00,33.5,16,3795.37
2025-03-24T17:00,32.7,17,3850.03
2025-03-24T18:00,31.1,19,3899.33
2025-03-24T19:00,29.4,21,3895.83
2025-03-24T20:00,28.3,26,3649.24
2025-03-24T21:00,27.3,30,3375.1
2025-03-24T22:00,26.4,34,3230.47
2025-03-25T00:00,24.2,41,2833.68
2025-03-25T01:00,23.5,43,2662.15
2025-03-25T02:00,22.6,47,2568.29
2025-03-25T03:00,21.8,51,2515.22
2025-03-25T04:00,21.2,53,2572.1
2025-03-25T05:00,20.9,53,2784.31
2025-03-25T06:00,21.0,55,3174.63
2025-03-25T07:00,22.2,49,3491.13
2025-03-25T08:00,25.2,41,3543.19
2025-03-25T09:00,29.0,30,3735.93
2025-03-25T10:00,31.8,22,3951.58
2025-03-25T11:00,33.6,19,3977.08
2025-03-25T12:00,34.9,17,3849.37
2025-03-25T13:00,35.8,15,3630.44
2025-03-25T14:00,36.4,14,3707.86
2025-03-25T15:00,36.4,13,3782.87
2025-03-25T16:00,35.9,12,3814.33
2025-03-25T17:00,35.2,12,3942.1
2025-03-25T18:00,33.1,16,3977.51
2025-03-25T19:00,31.3,23,3967.36
2025-03-25T20:00,29.9,26,3697.42
2025-03-25T21:00,28.8,31,3467.5
2025-03-25T22:00,27.2,37,3313.38
2025-03-25T23:00,26.5,39,3144.58
2025-03-26T00:00,25.1,43,2926.96
2025-03-26T01:00,24.1,45,2760.64
2025-03-26T02:00,23.6,45,2654.97
2025-03-26T03:00,22.7,47,2601.26
2025-03-26T04:00,22.6,48,2644.35
2025-03-26T05:00,22.3,49,2818.59
2025-03-26T06:00,21.8,56,3187.53
2025-03-26T07:00,23.4,50,3492.91
2025-03-26T08:00,27.6,38,3604.39
2025-03-26T09:00,31.2,29,3857.5
2025-03-26T10:00,34.0,20,4141.43
2025-03-26T11:00,35.7,16,4205.0
2025-03-26T12:00,36.8,14,4168.63
2025-03-26T13:00,37.6,12,3956.46
2025-03-26T14:00,37.9,12,4104.41
2025-03-26T15:00,37.8,11,4148.2
2025-03-26T16:00,37.0,11,4130.67
2025-03-26T17:00,36.0,13,4161.27
2025-03-26T18:00,34.2,16,4185.76
2025-03-26T19:00,32.8,16,4157.89
2025-03-26T20:00,31.3,18,3879.83
2025-03-26T21:00,30.2,24,3646.26
2025-03-26T22:00,28.5,29,3542.41
2025-03-26T23:00,27.2,32,3399.01
2025-03-27T00:00,26.5,34,3163.59
2025-03-27T01:00,26.0,35,2975.73
2025-03-27T02:00,25.6,36,2869.16
2025-03-27T03:00,25.2,37,2796.43
2025-03-27T04:00,25.0,36,2821.16
2025-03-27T05:00,24.2,37,2974.52
2025-03-27T06:00,24.1,41,3297.47
2025-03-27T07:00,24.7,39,3572.62
2025-03-27T08:00,27.2,33,3632.07
2025-03-27T09:00,30.4,27,3866.63
2025-03-27T10:00,32.6,23,4152.16
2025-03-27T11:00,34.3,21,4232.9
2025-03-27T12:00,35.6,19,4151.27
2025-03-27T13:00,36.2,17,3929.52
2025-03-27T14:00,36.2,16,4204.03
2025-03-27T15:00,35.9,16,4293.12
2025-03-27T16:00,35.7,17,4267.98
2025-03-27T17:00,34.9,18,4246.41
2025-03-27T18:00,33.4,20,4243.47
2025-03-27T19:00,31.9,22,4269.2
2025-03-27T20:00,30.4,26,4002.25
2025-03-27T21:00,29.3,28,3814.61
2025-03-27T22:00,29.1,30,3684.04
2025-03-27T23:00,28.1,31,3584.88
2025-03-28T00:00,26.7,33,3338.8
2025-03-28T01:00,25.1,38,3152.82
2025-03-28T02:00,24.0,44,3037.31
2025-03-28T03:00,23.6,39,2931.25
2025-03-28T04:00,22.7,29,2911.9
2025-03-28T05:00,22.0,31,3054.25
2025-03-28T06:00,21.8,37,3334.53
2025-03-28T07:00,22.8,34,3593.19
2025-03-28T08:00,24.6,30,3674.33
2025-03-28T09:00,26.3,28,3911.5
2025-03-28T10:00,27.9,25,4174.62
2025-03-28T11:00,29.7,19,4244.64
2025-03-28T12:00,30.7,14,4211.9
2025-03-28T13:00,31.0,12,3905.2
2025-03-28T14:00,31.0,12,3979.84
2025-03-28T15:00,30.5,12,4033.86
2025-03-28T16:00,29.8,12,4030.7
2025-03-28T17:00,28.7,13,4049.53
2025-03-28T18:00,27.7,19,4022.6
2025-03-28T19:00,26.3,23,3993.53
2025-03-28T20:00,25.2,24,3666.47
2025-03-28T21:00,24.0,22,3390.68
2025-03-28T22:00,23.0,20,3216.87
2025-03-28T23:00,22.1,19,3070.08
2025-03-29T00:00,21.2,18,2845.13
2025-03-29T01:00,20.3,18,2683.44
2025-03-29T02:00,19.5,19,2588.33
2025-03-29T03:00,18.6,21,2508.16
2025-03-29T04:00,17.9,23,2541.71
2025-03-29T05:00,17.4,24,2715.58
2025-03-29T06:00,16.2,32,3060.74
2025-03-29T07:00,16.8,32,3326.89
2025-03-29T08:00,18.9,29,3311.94
2025-03-29T09:00,21.4,26,3393.67
2025-03-29T10:00,23.9,22,3546.93
2025-03-29T11:00,25.9,19,3571.81
2025-03-29T12:00,27.3,17,3566.9
2025-03-29T13:00,28.5,16,3338.88
2025-03-29T14:00,28.8,17,3417.65
2025-03-29T15:00,28.9,19,3418.4
2025-03-29T16:00,28.5,20,3397.99
2025-03-29T17:00,27.5,19,3475.14
2025-03-29T18:00,26.0,21,3533.36
2025-03-29T19:00,25.3,23,3538.89
2025-03-29T20:00,24.7,22,3303.44
2025-03-29T21:00,24.0,20,3072.93
2025-03-29T22:00,23.1,21,2928.74
2025-03-30T00:00,22.0,22,2539.59
2025-03-30T01:00,21.1,23,2439.81
2025-03-30T02:00,20.2,25,2370.92
2025-03-30T03:00,19.4,26,2309.12
2025-03-30T04:00,18.6,27,2344.81
2025-03-30T05:00,18.0,28,2497.58
2025-03-30T06:00,17.5,33,2861.06
2025-03-30T07:00,18.7,31,3247.17
2025-03-30T08:00,21.1,28,3364.35
2025-03-30T09:00,24.1,23,3456.5
2025-03-30T10:00,27.0,18,3501.77
2025-03-30T11:00,29.1,14,3452.48
2025-03-30T12:00,30.4,13,3348.54
2025-03-30T13:00,31.1,14,3119.58
2025-03-30T14:00,31.5,14,3120.17
2025-03-30T15:00,31.4,14,3130.58
2025-03-30T16:00,30.7,16,3143.53
2025-03-30T17:00,29.7,17,3242.6
2025-03-30T18:00,28.2,19,3333.85
2025-03-30T19:00,27.0,21,3403.38
2025-03-30T20:00,25.9,23,3220.68
2025-03-30T21:00,25.0,24,3060.14
2025-03-30T22:00,24.3,24,2929.83
2025-03-31T00:00,22.4,25,2583.72
2025-03-31T01:00,21.3,26,2448.23
2025-03-31T02:00,20.6,27,2372.76
2025-03-31T03:00,19.8,27,2333.44
2025-03-31T04:00,19.1,28,2367.67
2025-03-31T05:00,18.3,30,2595.3
2025-03-31T06:00,17.6,37,3079.75
2025-03-31T07:00,19.2,34,3402.1
2025-03-31T08:00,22.0,30,3354.52
2025-03-31T09:00,25.5,25,3482.93
2025-03-31T10:00,28.8,20,3621.52
2025-03-31T11:00,31.1,15,3602.36
2025-03-31T12:00,32.7,13,3524.03
2025-03-31T13:00,33.6,12,3285.97
2025-03-31T14:00,33.9,12,3355.06
2025-03-31T15:00,33.7,11,3369.23
2025-03-31T16:00,33.0,11,3380.35
2025-03-31T17:00,31.8,13,3478.8
2025-03-31T18:00,30.6,14,3557.36
2025-03-31T19:00,28.5,19,3592.42
2025-03-31T20:00,27.3,21,3378.92
2025-03-31T21:00,26.5,20,3196.37
2025-03-31T22:00,26.4,18,3046.32
2025-03-31T23:00,25.0,20,2925.15
2025-04-01T00:00,23.4,23,2703.0
2025-04-01T01:00,22.4,25,2556.57
2025-04-01T02:00,21.5,26,2474.81
2025-04-01T03:00,20.7,27,2425.97
2025-04-01T04:00,20.2,28,2467.35
2025-04-01T05:00,19.7,31,2724.02
2025-04-01T06:00,19.0,37,3205.91
2025-04-01T07:00,21.3,31,3435.47
2025-04-01T08:00,23.8,27,3456.18
2025-04-01T09:00,26.7,22,3613.39
2025-04-01T10:00,29.6,17,3786.49
2025-04-01T11:00,31.7,12,3761.67
2025-04-01T12:00,32.7,11,3705.91
2025-04-01T13:00,33.1,12,3487.0
2025-04-01T14:00,33.3,11,3599.0
2025-04-01T15:00,33.2,11,3653.95
2025-04-01T16:00,32.7,11,3675.63
2025-04-01T17:00,31.7,11,3678.25
2025-04-01T18:00,30.2,14,3777.21
2025-04-01T19:00,28.2,18,3757.61
2025-04-01T20:00,26.8,20,3516.73
2025-04-01T21:00,25.8,21,3311.86
2025-04-01T22:00,24.8,22,3176.55
2025-04-02T00:00,22.9,26,2824.82
2025-04-02T01:00,21.9,28,2666.22
2025-04-02T02:00,21.2,30,2569.2
2025-04-02T03:00,20.9,31,2502.12
2025-04-02T04:00,21.2,37,2546.01
2025-04-02T05:00,20.2,32,2832.42
2025-04-02T06:00,18.6,39,3375.31
2025-04-02T07:00,20.4,35,3515.66
2025-04-02T08:00,24.4,28,3503.73
2025-04-02T09:00,28.4,20,3709.02
2025-04-02T10:00,31.5,14,3908.14
2025-04-02T11:00,33.4,12,3941.31
2025-04-02T12:00,34.6,11,3918.13
2025-04-02T13:00,35.4,10,3707.06
2025-04-02T14:00,35.7,9,3793.66
2025-04-02T15:00,35.4,10,3903.34
2025-04-02T16:00,34.8,11,3884.64
2025-04-02T17:00,33.7,12,3907.55
2025-04-02T18:00,32.0,13,3929.75
2025-04-02T19:00,29.6,17,3905.99
2025-04-02T20:00,29.1,23,3650.84
2025-04-02T21:00,27.5,21,3438.69
2025-04-02T22:00,26.9,23,3314.17
2025-04-02T23:00,26.1,25,3159.7
2025-04-03T00:00,25.1,27,2940.37
2025-04-03T01:00,24.7,29,2788.21
2025-04-03T02:00,23.9,32,2678.68
2025-04-03T03:00,22.9,31,2617.85
2025-04-03T04:00,22.7,32,2626.6
2025-04-03T05:00,21.9,34,2880.15
2025-04-03T06:00,20.4,41,3382.31
2025-04-03T07:00,22.5,34,3500.45
2025-04-03T08:00,26.5,26,3516.5
2025-04-03T09:00,30.7,19,3752.84
2025-04-03T10:00,33.5,14,3977.62
2025-04-03T11:00,35.2,10,4042.13
2025-04-03T12:00,36.3,9,4037.67
2025-04-03T13:00,36.7,7,3854.85
2025-04-03T14:00,37.4,6,4011.01
2025-04-03T15:00,37.4,6,4079.24
2025-04-03T16:00,36.6,7,4054.44
2025-04-03T17:00,35.6,8,4066.98
2025-04-03T18:00,34.2,8,4042.75
2025-04-03T19:00,32.1,10,4016.97
2025-04-03T20:00,31.1,12,3770.09
2025-04-03T21:00,29.2,15,3580.56
2025-04-03T22:00,27.9,17,3482.73
2025-04-03T23:00,27.1,19,3346.47
2025-04-04T00:00,26.3,20,3111.17
2025-04-04T01:00,25.8,21,2931.12
2025-04-04T02:00,24.3,22,2837.52
2025-04-04T03:00,23.6,25,2765.3
2025-04-04T04:00,22.2,27,2770.38
2025-04-04T05:00,21.7,29,3003.61
2025-04-04T06:00,22.8,33,3486.22
2025-04-04T07:00,25.1,27,3607.96
2025-04-04T08:00,28.4,22,3629.85
2025-04-04T09:00,31.6,17,3889.18
2025-04-04T10:00,34.4,12,4172.6
2025-04-04T11:00,35.6,10,4227.09
2025-04-04T12:00,36.4,10,4152.86
2025-04-04T13:00,36.9,10,3953.76
2025-04-04T14:00,37.0,10,4126.23
2025-04-04T15:00,36.6,10,4218.64
2025-04-04T16:00,35.8,11,4195.94
2025-04-04T17:00,35.0,11,4186.27
2025-04-04T18:00,34.0,12,4172.14
2025-04-04T19:00,32.3,14,4131.04
2025-04-04T20:00,31.1,15,3890.2
2025-04-04T21:00,30.0,17,3717.34
2025-04-04T22:00,29.0,18,3625.44
2025-04-04T23:00,28.0,19,3491.91
2025-04-05T00:00,26.2,22,3276.36
2025-04-05T01:00,25.3,23,3081.03
2025-04-05T02:00,24.5,25,2961.74
2025-04-05T03:00,23.6,26,2876.2
2025-04-05T04:00,22.9,27,2898.15
2025-04-05T05:00,22.2,28,3112.25
2025-04-05T06:00,22.0,32,3472.1
2025-04-05T07:00,23.5,30,3606.82
2025-04-05T08:00,26.0,27,3492.17
2025-04-05T09:00,28.9,24,3515.13
2025-04-05T10:00,31.4,20,3745.63
2025-04-05T11:00,33.2,17,3851.52
2025-04-05T12:00,34.3,16,3875.33
2025-04-05T13:00,34.8,16,3707.92
2025-04-05T14:00,35.2,15,3806.4
2025-04-05T15:00,35.1,15,3883.06
2025-04-05T16:00,34.6,16,3893.91
2025-04-05T17:00,33.8,16,3931.87
2025-04-05T18:00,32.8,15,3963.94
2025-04-05T19:00,31.3,18,3966.22
2025-04-05T20:00,29.9,20,3759.87
2025-04-05T21:00,29.1,22,3645.51
2025-04-05T22:00,28.7,22,3557.91
2025-04-05T23:00,27.4,25,3469.76
2025-04-06T00:00,25.7,28,3256.67
2025-04-06T01:00,25.0,29,3061.95
2025-04-06T02:00,24.4,28,2945.86
2025-04-06T03:00,23.7,28,2863.89
2025-04-06T04:00,22.9,30,2862.66
2025-04-06T05:00,22.2,32,2993.59
2025-04-06T06:00,22.0,35,3261.92
2025-04-06T07:00,23.5,32,3380.78
2025-04-06T08:00,26.8,27,3320.93
2025-04-06T09:00,30.7,21,3373.61
2025-04-06T10:00,33.6,17,3546.67
2025-04-06T11:00,35.4,14,3685.94
2025-04-06T12:00,36.7,13,3732.53
2025-04-06T13:00,37.6,12,3591.24
2025-04-06T14:00,38.1,11,3668.94
2025-04-06T15:00,38.0,12,3737.76
2025-04-06T16:00,37.3,13,3727.09
2025-04-06T17:00,36.4,14,3742.1
2025-04-06T18:00,35.0,15,3782.73
2025-04-06T19:00,33.3,17,3892.43
2025-04-06T20:00,31.9,21,3792.9
2025-04-06T21:00,31.7,23,3816.01
2025-04-06T22:00,30.9,24,3805.07
2025-04-06T23:00,30.0,22,3714.9
2025-04-07T00:00,28.5,24,3464.86
2025-04-07T01:00,27.6,27,3281.44
2025-04-07T02:00,26.7,29,3139.55
2025-04-07T03:00,25.6,31,3033.57
2025-04-07T04:00,24.9,31,2987.69
2025-04-07T05:00,24.4,31,3136.21
2025-04-07T06:00,24.6,38,3510.49
2025-04-07T07:00,26.2,35,3580.19
2025-04-07T08:00,29.2,29,3612.62
2025-04-07T09:00,32.9,24,3958.41
2025-04-07T10:00,35.8,18,4311.03
2025-04-07T11:00,37.5,15,4414.76
2025-04-07T12:00,38.6,14,4440.6
2025-04-07T13:00,39.3,13,4300.3
2025-04-07T14:00,39.7,13,4531.47
2025-04-07T15:00,39.9,12,4661.45
2025-04-07T16:00,39.9,12,4652.51
2025-04-07T17:00,39.3,12,4579.08
2025-04-07T18:00,37.1,15,4486.25
2025-04-07T19:00,35.2,17,4457.87
2025-04-07T20:00,33.8,19,4301.54
2025-04-07T21:00,33.0,21,4208.98
2025-04-07T22:00,31.0,25,4232.46
2025-04-07T23:00,30.3,26,4192.04
2025-04-08T00:00,29.2,28,3939.5
2025-04-08T01:00,28.2,30,3684.38
2025-04-08T02:00,27.4,31,3514.61
2025-04-08T03:00,26.6,32,3377.46
2025-04-08T04:00,25.8,33,3317.43
2025-04-08T05:00,25.2,33,3401.13
2025-04-08T06:00,25.5,34,3712.65
2025-04-08T07:00,26.9,32,3719.16
2025-04-08T08:00,29.3,27,3757.37
2025-04-08T09:00,32.1,22,4089.14
2025-04-08T10:00,34.8,18,4451.66
2025-04-08T11:00,37.0,16,4618.02
2025-04-08T12:00,38.6,14,4682.24
2025-04-08T13:00,39.5,13,4538.57
2025-04-08T14:00,39.9,13,4810.32
2025-04-08T15:00,39.8,12,4960.69
2025-04-08T16:00,39.6,12,4941.46
2025-04-08T17:00,39.0,13,4842.59
2025-04-08T18:00,37.2,14,4774.61
2025-04-08T19:00,35.8,15,4756.08
2025-04-08T20:00,34.0,19,4587.06
2025-04-08T21:00,33.3,21,4612.89
2025-04-08T22:00,32.3,22,4718.6
2025-04-08T23:00,31.1,24,4645.2
2025-04-09T00:00,30.2,25,4376.35
2025-04-09T01:00,28.9,27,4099.11
2025-04-09T02:00,28.3,29,3892.11
2025-04-09T03:00,27.8,31,3700.97
2025-04-09T04:00,26.9,33,3598.02
2025-04-09T05:00,26.1,35,3641.56
2025-04-09T06:00,27.3,44,3896.11
2025-04-09T07:00,28.4,41,3909.32
2025-04-09T08:00,30.4,36,3961.75
2025-04-09T09:00,33.0,32,4342.32
2025-04-09T10:00,35.4,28,4763.47
2025-04-09T11:00,37.6,23,4958.72
2025-04-09T12:00,39.2,18,5024.55
2025-04-09T13:00,40.0,16,4945.55
2025-04-09T14:00,40.7,14,5221.32
2025-04-09T15:00,40.6,14,5398.78
2025-04-09T16:00,39.9,14,5321.79
2025-04-09T17:00,38.6,15,5192.31
2025-04-09T18:00,38.1,13,5030.5
2025-04-09T19:00,36.2,18,5074.91
2025-04-09T20:00,34.2,23,4926.38
2025-04-09T21:00,33.1,25,4899.87
2025-04-09T22:00,32.5,26,5069.24
2025-04-09T23:00,31.9,26,5046.82
2025-04-10T00:00,30.0,30,4790.68
2025-04-10T01:00,29.1,34,4493.69
2025-04-10T02:00,28.9,39,4230.68
2025-04-10T03:00,27.9,36,4033.33
2025-04-10T04:00,26.9,39,3892.18
2025-04-10T05:00,26.6,40,3831.91
2025-04-10T06:00,27.1,45,3837.0
2025-04-10T07:00,27.5,45,3833.91
2025-04-10T08:00,29.0,42,3854.61
2025-04-10T09:00,31.8,35,4166.35
2025-04-10T10:00,35.0,27,4582.51
2025-04-10T11:00,37.4,21,4842.88
2025-04-10T12:00,38.9,18,4948.05
2025-04-10T13:00,37.3,19,4845.63
2025-04-10T14:00,37.1,17,5083.61
2025-04-10T15:00,37.5,17,5212.56
2025-04-10T16:00,27.3,58,5133.59
2025-04-10T17:00,29.6,45,4891.81
2025-04-10T18:00,34.0,23,4591.45
2025-04-10T19:00,33.1,31,4619.87
2025-04-10T20:00,32.5,25,4525.99
2025-04-10T21:00,32.3,22,4492.39
2025-04-10T22:00,30.6,29,4627.99
2025-04-10T23:00,28.6,44,4707.07
2025-04-11T00:00,27.7,49,4470.56
2025-04-11T01:00,26.9,52,4172.08
2025-04-11T02:00,26.4,54,3961.32
2025-04-11T03:00,25.8,57,3768.12
2025-04-11T04:00,25.4,61,3655.05
2025-04-11T05:00,24.9,64,3644.94
2025-04-11T06:00,23.3,75,3803.39
2025-04-11T07:00,23.9,72,3802.32
2025-04-11T08:00,25.4,66,3834.44
2025-04-11T09:00,27.2,58,4105.77
2025-04-11T10:00,29.2,50,4500.24
2025-04-11T11:00,31.2,43,4658.51
2025-04-11T12:00,33.0,37,4624.53
2025-04-11T13:00,34.2,33,4534.42
2025-04-11T14:00,28.0,46,4857.91
2025-04-11T15:00,27.1,49,5029.42
2025-04-11T16:00,28.3,48,4950.68
2025-04-11T17:00,27.9,52,4832.33
2025-04-11T18:00,22.5,79,4333.65
2025-04-11T19:00,23.0,81,3788.75
2025-04-11T20:00,22.9,84,3610.98
2025-04-11T21:00,22.6,82,3533.78
2025-04-11T22:00,22.7,79,3607.48
2025-04-11T23:00,22.8,76,3670.99
2025-04-12T00:00,22.9,72,3537.44
2025-04-12T01:00,22.6,73,3332.83
2025-04-12T02:00,21.5,81,3188.6
2025-04-12T03:00,21.0,84,3098.79
2025-04-12T04:00,20.6,86,3028.93
2025-04-12T05:00,20.5,86,3082.64
2025-04-12T06:00,21.2,76,3215.9
2025-04-12T07:00,22.4,71,3310.95
2025-04-12T08:00,24.5,62,3292.33
2025-04-12T09:00,27.1,53,3521.51
2025-04-12T10:00,29.6,43,3823.14
2025-04-12T11:00,31.6,34,3960.07
2025-04-12T12:00,33.1,27,3992.14
2025-04-12T13:00,34.0,25,3888.21
2025-04-12T14:00,34.8,24,4040.94
2025-04-12T15:00,32.4,33,4119.32
2025-04-12T16:00,29.3,40,4091.33
2025-04-12T17:00,28.8,46,4177.04
2025-04-12T18:00,26.2,53,4165.31
2025-04-12T19:00,25.9,67,4202.28
2025-04-12T20:00,25.9,59,4002.88
2025-04-12T21:00,25.4,57,3861.11
2025-04-12T22:00,24.8,60,3782.66
2025-04-12T23:00,24.4,56,3759.75
2025-04-13T00:00,23.3,63,3641.77
2025-04-13T01:00,22.6,67,3482.29
2025-04-13T02:00,22.2,68,3321.82
2025-04-13T03:00,21.6,70,3191.22
2025-04-13T04:00,21.3,71,3117.24
2025-04-13T05:00,21.1,72,3096.81
2025-04-13T06:00,22.6,72,3174.09
2025-04-13T07:00,24.3,63,3210.11
2025-04-13T08:00,27.0,54,3226.24
2025-04-13T09:00,29.6,42,3410.46
2025-04-13T10:00,31.4,35,3686.13
2025-04-13T11:00,32.6,30,3895.02
2025-04-13T12:00,33.5,26,3902.68
2025-04-13T13:00,34.2,24,3817.05
2025-04-13T14:00,34.7,23,3969.79
2025-04-13T15:00,35.2,21,4030.81
2025-04-13T16:00,35.3,20,3991.82
2025-04-13T17:00,35.2,19,3966.71
2025-04-13T18:00,31.9,43,3970.5
2025-04-13T19:00,30.7,44,4045.91
2025-04-13T20:00,29.2,49,3982.41
2025-04-13T21:00,28.3,50,4002.0
2025-04-13T22:00,27.1,52,4093.51
2025-04-13T23:00,25.7,53,4131.12
2025-04-14T00:00,24.9,57,4002.39
2025-04-14T01:00,24.4,59,3778.07
2025-04-14T02:00,23.8,59,3607.1
2025-04-14T03:00,23.4,59,3448.86
2025-04-14T04:00,22.8,61,3341.96
2025-04-14T05:00,22.3,63,3299.46
2025-04-14T06:00,23.2,61,3372.96
2025-04-14T07:00,24.6,57,3447.82
2025-04-14T08:00,26.7,50,3506.58
2025-04-14T09:00,28.7,45,3808.75
2025-04-14T10:00,30.7,40,4199.11
2025-04-14T11:00,32.5,34,4381.54
2025-04-14T12:00,33.8,29,4465.84
2025-04-14T13:00,34.7,27,4319.14
2025-04-14T14:00,35.3,25,4504.42
2025-04-14T15:00,35.6,24,4606.65
2025-04-14T16:00,35.6,23,4588.5
2025-04-14T17:00,35.0,24,4543.07
2025-04-14T18:00,34.2,25,4477.43
2025-04-14T19:00,33.0,28,4509.34
2025-04-14T20:00,31.6,33,4289.34
2025-04-14T21:00,30.4,37,4368.26
2025-04-14T22:00,29.4,39,4500.97
2025-04-14T23:00,28.5,41,4552.65
2025-04-15T00:00,27.6,43,4354.92
2025-04-15T01:00,26.9,43,4077.64
2025-04-15T02:00,26.2,44,3856.57
2025-04-15T03:00,25.6,45,3687.26
2025-04-15T04:00,25.0,47,3552.86
2025-04-15T05:00,24.7,49,3562.05
2025-04-15T06:00,25.5,49,3754.04
2025-04-15T07:00,27.0,46,3749.7
2025-04-15T08:00,29.2,41,3762.13
2025-04-15T09:00,31.4,37,4168.98
2025-04-15T10:00,33.3,33,4499.51
2025-04-15T11:00,34.8,28,4696.02
2025-04-15T12:00,35.6,26,4752.82
2025-04-15T13:00,36.2,25,4627.5
2025-04-15T14:00,36.5,24,4921.36
2025-04-15T15:00,36.6,24,5084.93
2025-04-15T16:00,36.2,24,5025.2
2025-04-15T17:00,35.8,25,4902.15
2025-04-15T18:00,33.9,30,4740.91
2025-04-15T19:00,32.3,36,4738.04
2025-04-15T20:00,31.1,41,4617.22
2025-04-15T21:00,30.2,46,4627.8
2025-04-15T22:00,29.6,41,4774.38
2025-04-15T23:00,28.8,42,4837.53
2025-04-16T00:00,28.0,44,4581.02
2025-04-16T01:00,27.2,48,4286.05
2025-04-16T02:00,26.6,49,4040.65
2025-04-16T03:00,26.2,49,3841.2
2025-04-16T04:00,25.8,50,3701.76
2025-04-16T05:00,25.6,50,3679.99
2025-04-16T06:00,26.9,49,3823.84
2025-04-16T07:00,28.1,46,3830.52
2025-04-16T08:00,30.4,39,3896.27
2025-04-16T09:00,32.7,34,4260.4
2025-04-16T10:00,34.6,28,4692.04
2025-04-16T11:00,35.9,25,4883.79
2025-04-16T12:00,37.0,23,4967.52
2025-04-16T13:00,37.5,22,4859.84
2025-04-16T14:00,37.8,21,5164.66
2025-04-16T15:00,38.2,21,5381.35
2025-04-16T16:00,38.1,21,5292.58
2025-04-16T17:00,37.4,22,5126.3
2025-04-16T18:00,36.8,21,4970.11
2025-04-16T19:00,34.7,25,4983.33
2025-04-16T20:00,33.7,28,4853.66
2025-04-16T21:00,32.6,31,4856.42
2025-04-16T22:00,31.6,32,5043.49
2025-04-16T23:00,30.6,35,5109.11
2025-04-17T00:00,29.7,38,4917.74
2025-04-17T01:00,28.8,40,4594.4
2025-04-17T02:00,28.0,41,4316.91
2025-04-17T03:00,27.5,41,4093.25
2025-04-17T04:00,27.0,41,3911.1
2025-04-17T05:00,26.5,42,3853.03
2025-04-17T06:00,26.2,54,3946.24
2025-04-17T07:00,27.4,51,3903.24
2025-04-17T08:00,29.9,44,3919.18
2025-04-17T09:00,33.0,34,4310.04
2025-04-17T10:00,35.8,27,4743.75
2025-04-17T11:00,37.7,22,4944.24
2025-04-17T12:00,39.2,19,5073.53
2025-04-17T13:00,40.1,17,5010.79
2025-04-17T14:00,40.4,16,5383.72
2025-04-17T15:00,40.5,15,5621.75
2025-04-17T16:00,40.0,14,5519.78
2025-04-17T17:00,38.6,16,5353.81
2025-04-17T18:00,37.5,21,5142.15
2025-04-17T19:00,35.9,26,5128.37
2025-04-17T20:00,34.5,30,5020.3
2025-04-17T21:00,32.8,35,5060.14
2025-04-17T22:00,31.7,38,5295.98
2025-04-17T23:00,30.7,41,5403.01
2025-04-18T00:00,29.4,45,5161.51
2025-04-18T01:00,28.1,48,4818.45
2025-04-18T02:00,27.5,50,4493.39
2025-04-18T03:00,27.0,51,4235.65
2025-04-18T04:00,26.3,55,4070.74
2025-04-18T05:00,25.7,57,3956.89
2025-04-18T06:00,26.6,62,3917.49
2025-04-18T07:00,27.7,59,3880.5
2025-04-18T08:00,29.6,54,3878.04
2025-04-18T09:00,32.0,48,4198.4
2025-04-18T10:00,34.5,40,4643.12
2025-04-18T11:00,36.7,32,4920.61
2025-04-18T12:00,38.3,27,5110.64
2025-04-18T13:00,39.5,24,5052.15
2025-04-18T14:00,40.2,21,5384.18
2025-04-18T15:00,40.8,19,5522.03
2025-04-18T16:00,40.8,17,5438.19
2025-04-18T17:00,40.6,15,5306.41
2025-04-18T18:00,37.3,22,5147.4
2025-04-18T19:00,33.1,39,5143.59
2025-04-18T20:00,32.9,40,4842.18
2025-04-18T21:00,32.4,41,4678.99
2025-04-18T22:00,32.0,42,4739.1
2025-04-18T23:00,30.9,45,4889.59
2025-04-19T00:00,30.2,47,4754.52
2025-04-19T01:00,29.4,49,4504.43
2025-04-19T02:00,28.9,50,4280.88
2025-04-19T03:00,28.5,52,4073.93
2025-04-19T04:00,28.2,54,3934.16
2025-04-19T05:00,27.7,58,3888.99
2025-04-19T06:00,27.4,64,3920.47
2025-04-19T07:00,28.2,62,3891.53
2025-04-19T08:00,30.0,57,3888.44
2025-04-19T09:00,32.2,50,4160.23
2025-04-19T10:00,34.3,43,4587.04
2025-04-19T11:00,36.3,34,4791.08
2025-04-19T12:00,38.0,26,4959.65
2025-04-19T13:00,39.1,20,4940.69
2025-04-19T14:00,39.6,17,5205.82
2025-04-19T15:00,39.8,16,5380.31
2025-04-19T16:00,39.9,15,5276.81
2025-04-19T17:00,38.6,15,5099.25
2025-04-19T18:00,32.7,38,4881.56
2025-04-19T19:00,32.5,39,4897.55
2025-04-19T20:00,31.4,40,4796.98
2025-04-19T21:00,30.8,43,4822.89
2025-04-19T22:00,29.8,48,5009.94
2025-04-19T23:00,29.3,51,5134.04
2025-04-20T00:00,28.8,52,4964.7
2025-04-20T01:00,28.3,54,4689.23
2025-04-20T02:00,28.1,55,4377.17
2025-04-20T03:00,27.9,56,4151.11
2025-04-20T04:00,27.4,58,3982.01
2025-04-20T05:00,27.0,60,3869.97
2025-04-20T06:00,27.3,65,3786.37
2025-04-20T07:00,28.4,61,3723.42
2025-04-20T08:00,30.5,54,3691.94
2025-04-20T09:00,33.2,42,3877.83
2025-04-20T10:00,35.9,32,4229.14
2025-04-20T11:00,37.9,24,4494.13
2025-04-20T12:00,38.9,18,4695.2
2025-04-20T13:00,39.4,17,4729.31
2025-04-20T14:00,40.0,15,4949.61
2025-04-20T15:00,39.3,16,5058.98
2025-04-20T16:00,36.0,30,4939.7
2025-04-20T17:00,35.6,27,4758.23
2025-04-20T18:00,38.8,14,4682.07
2025-04-20T19:00,35.9,17,4826.62
2025-04-20T20:00,34.4,24,4920.3
2025-04-20T21:00,33.0,30,5112.01
2025-04-20T22:00,32.0,35,5410.88
2025-04-20T23:00,31.2,37,5564.87
2025-04-21T00:00,30.0,41,5344.35
2025-04-21T01:00,29.4,41,5046.98
2025-04-21T02:00,28.8,43,4739.88
2025-04-21T03:00,28.0,46,4485.47
2025-04-21T04:00,27.3,48,4277.57
2025-04-21T05:00,26.3,52,4154.21
2025-04-21T06:00,29.1,54,4153.62
2025-04-21T07:00,30.3,46,4109.61
2025-04-21T08:00,31.9,38,4142.41
2025-04-21T09:00,34.1,30,4527.82
2025-04-21T10:00,36.6,20,4940.7
2025-04-21T11:00,38.5,14,5060.18
2025-04-21T12:00,39.6,10,5120.12
2025-04-21T13:00,40.3,8,5104.95
2025-04-21T14:00,40.4,7,5452.26
2025-04-21T15:00,40.2,6,5677.55
2025-04-21T16:00,39.8,6,5572.15
2025-04-21T17:00,39.3,6,5328.16
2025-04-21T18:00,37.7,6,5016.26
2025-04-21T19:00,36.0,5,4953.56
2025-04-21T20:00,34.4,6,4868.37
2025-04-21T21:00,32.8,8,4902.46
2025-04-21T22:00,31.6,9,5172.88
2025-04-21T23:00,30.3,9,5334.9
2025-04-22T00:00,29.3,9,5134.18
2025-04-22T01:00,28.6,10,4797.12
2025-04-22T02:00,27.4,11,4474.21
2025-04-22T03:00,26.2,13,4208.35
2025-04-22T04:00,25.0,14,3987.96
2025-04-22T05:00,24.6,15,3905.66
2025-04-22T06:00,25.4,19,3909.05
2025-04-22T07:00,26.9,17,3817.24
2025-04-22T08:00,30.1,15,3843.99
2025-04-22T09:00,33.5,13,4205.78
2025-04-22T10:00,36.2,11,4689.82
2025-04-22T11:00,38.1,6,4931.76
2025-04-22T12:00,38.8,6,4980.45
2025-04-22T13:00,39.3,5,4850.94
2025-04-22T14:00,39.5,6,5212.21
2025-04-22T15:00,39.2,7,5468.69
2025-04-22T16:00,38.7,7,5457.83
2025-04-22T17:00,37.8,7,5294.76
2025-04-22T18:00,36.4,7,4993.16
2025-04-22T19:00,34.2,9,4880.13
2025-04-22T20:00,33.3,9,4751.01
2025-04-22T21:00,32.7,10,4807.79
2025-04-22T22:00,31.1,10,5078.56
2025-04-22T23:00,29.6,10,5246.65
2025-04-23T00:00,28.5,10,5048.53
2025-04-23T01:00,27.3,11,4705.78
2025-04-23T02:00,26.2,12,4391.31
2025-04-23T03:00,25.1,14,4110.86
2025-04-23T04:00,24.4,15,3915.81
2025-04-23T05:00,23.8,16,3806.36
2025-04-23T06:00,24.9,21,3828.05
2025-04-23T07:00,26.9,20,3732.8
2025-04-23T08:00,29.7,18,3773.56
2025-04-23T09:00,32.6,17,4158.55
2025-04-23T10:00,35.6,15,4584.79
2025-04-23T11:00,37.6,9,4820.16
2025-04-23T12:00,38.6,7,4952.04
2025-04-23T13:00,39.1,6,4831.16
2025-04-23T14:00,39.2,7,4775.87
2025-04-23T15:00,39.0,7,5565.47
2025-04-23T16:00,38.6,7,5497.2
2025-04-23T17:00,37.8,7,5247.75
2025-04-23T18:00,36.5,8,4963.44
2025-04-23T19:00,34.5,9,4921.11
2025-04-23T20:00,33.6,10,4768.08
2025-04-23T21:00,32.7,10,4823.3
2025-04-23T22:00,32.0,10,5083.26
2025-04-24T00:00,29.0,12,5056.12
2025-04-24T01:00,27.3,13,4708.24
2025-04-24T02:00,26.6,14,4389.35
2025-04-24T03:00,26.2,14,4133.91
2025-04-24T04:00,25.6,14,3926.89
2025-04-24T05:00,24.4,15,3835.69
2025-04-24T06:00,25.2,18,3915.0
2025-04-24T07:00,27.0,17,3831.37
2025-04-24T08:00,29.9,14,3863.88
2025-04-24T09:00,33.0,11,4206.89
2025-04-24T10:00,36.3,10,4617.86
2025-04-24T11:00,38.4,7,4872.81
2025-04-24T12:00,39.7,6,5028.33
2025-04-24T13:00,40.4,5,4971.77
2025-04-24T14:00,40.3,5,5360.44
2025-04-24T15:00,39.9,5,5668.79
2025-04-24T16:00,39.5,5,5583.27
2025-04-24T17:00,38.7,5,5380.61
2025-04-24T18:00,37.7,7,5090.2
2025-04-24T19:00,35.6,10,5040.4
2025-04-24T20:00,33.9,15,4954.23
2025-04-24T21:00,32.4,11,5046.93
2025-04-24T22:00,31.4,16,5411.72
2025-04-24T23:00,29.8,14,5543.44
2025-04-25T00:00,29.4,14,5302.91
2025-04-25T01:00,29.3,13,4957.73
2025-04-25T02:00,28.1,15,4636.9
2025-04-25T03:00,27.0,20,4356.74
2025-04-25T04:00,25.6,20,4128.49
2025-04-25T05:00,25.3,21,3995.18
2025-04-25T06:00,26.4,24,3984.27
2025-04-25T07:00,29.0,20,3905.51
2025-04-25T08:00,31.4,16,3969.42
2025-04-25T09:00,34.9,12,4353.66
2025-04-25T10:00,37.3,10,4766.27
2025-04-25T11:00,39.7,7,4921.85
2025-04-25T12:00,41.0,4,5042.52
2025-04-25T13:00,41.6,5,4988.42
2025-04-25T14:00,41.4,5,5430.18
2025-04-25T15:00,41.0,6,5682.49
2025-04-25T16:00,40.2,6,5612.07
2025-04-25T17:00,39.8,6,5387.54
2025-04-25T18:00,38.5,6,5125.33
2025-04-25T19:00,35.9,11,5069.75
2025-04-25T20:00,33.9,15,4987.4
2025-04-25T21:00,32.7,18,5074.96
2025-04-25T22:00,32.2,23,5420.4
2025-04-25T23:00,31.0,16,5586.85
2025-04-26T00:00,31.8,13,5415.15
2025-04-26T01:00,30.7,12,5088.64
2025-04-26T02:00,29.6,13,4762.69
2025-04-26T03:00,29.1,15,4461.64
2025-04-26T04:00,27.7,15,4233.76
2025-04-26T05:00,26.0,18,4071.64
2025-04-26T06:00,26.8,28,3972.05
2025-04-26T07:00,28.9,23,3774.3
2025-04-26T08:00,33.2,17,3771.62
2025-04-26T09:00,37.0,11,4136.56
2025-04-26T10:00,39.2,7,4529.07
2025-04-26T11:00,40.4,6,4766.57
2025-04-26T12:00,41.5,5,4925.14
2025-04-26T13:00,41.4,7,4927.23
2025-04-26T14:00,38.6,10,5220.81
2025-04-26T15:00,39.5,8,5351.89
2025-04-26T16:00,39.5,8,5177.01
2025-04-26T17:00,38.6,8,4914.75
2025-04-26T18:00,37.1,10,4671.4
2025-04-26T19:00,35.9,11,4817.15
2025-04-26T20:00,34.7,12,4786.63
2025-04-26T21:00,33.4,14,4909.73
2025-04-26T22:00,32.2,16,5241.39
2025-04-26T23:00,31.5,17,5457.5
2025-04-27T00:00,31.1,18,5334.51
2025-04-27T01:00,30.5,19,4994.48
2025-04-27T02:00,29.7,20,4701.41
2025-04-27T03:00,29.1,19,4538.27
2025-04-27T04:00,28.6,19,4395.98
2025-04-27T05:00,28.3,19,4287.2
2025-04-27T06:00,29.4,25,4214.37
2025-04-27T07:00,30.5,24,4139.36
2025-04-27T08:00,32.9,20,4029.53
2025-04-27T09:00,35.1,14,3936.32
2025-04-27T10:00,37.1,11,4109.12
2025-04-27T11:00,38.5,10,4422.5
2025-04-27T12:00,39.8,8,4579.65
2025-04-27T13:00,40.6,7,4655.53
2025-04-27T14:00,40.8,7,4908.11
2025-04-27T15:00,40.8,7,5054.62
2025-04-27T16:00,40.5,7,5027.01
2025-04-27T17:00,39.2,7,4841.48
2025-04-27T18:00,38.1,7,4691.76
2025-04-27T19:00,36.2,13,4778.57
2025-04-27T20:00,35.0,11,4861.96
2025-04-27T21:00,34.2,10,5063.28
2025-04-27T22:00,32.1,13,5419.8
2025-04-27T23:00,30.9,15,5646.67
2025-04-28T00:00,30.1,16,5505.43
2025-04-28T01:00,28.9,17,5174.16
2025-04-28T02:00,28.5,19,4858.85
2025-04-28T03:00,27.9,18,4607.0
2025-04-28T04:00,26.5,21,4385.41
2025-04-28T05:00,26.5,22,4226.99
2025-04-28T06:00,27.9,27,4157.42
2025-04-28T07:00,28.9,26,4084.77
2025-04-28T08:00,30.6,24,4127.18
2025-04-28T09:00,33.3,20,4539.06
2025-04-28T10:00,35.7,17,4913.48
2025-04-28T11:00,37.6,15,5152.83
2025-04-28T12:00,39.2,13,5251.55
2025-04-28T13:00,40.0,11,5206.26
2025-04-28T14:00,40.7,9,5657.56
2025-04-28T15:00,41.1,8,5924.23
2025-04-28T16:00,40.0,9,5825.29
2025-04-28T17:00,37.2,15,5543.13
2025-04-28T18:00,35.3,19,5256.11
2025-04-28T19:00,33.6,23,5227.02
2025-04-28T20:00,32.3,27,5206.32
2025-04-28T21:00,31.4,30,5353.38
2025-04-28T22:00,30.4,32,5692.97
2025-04-28T23:00,29.6,33,5867.34
2025-04-29T00:00,28.8,33,5585.67
2025-04-29T01:00,28.0,34,5200.29
2025-04-29T02:00,27.4,35,4838.3
2025-04-29T03:00,26.7,37,4521.4
2025-04-29T04:00,25.9,40,4258.92
2025-04-29T05:00,25.0,45,4108.91
2025-04-29T06:00,25.1,59,4058.89
2025-04-29T07:00,25.9,58,3946.53
2025-04-29T08:00,27.5,53,3959.69
2025-04-29T09:00,29.8,45,4346.97
2025-04-29T10:00,32.1,38,4705.32
2025-04-29T11:00,34.0,32,4966.49
2025-04-29T12:00,35.5,29,5078.08
2025-04-29T13:00,36.6,26,4996.47
2025-04-29T14:00,37.2,24,5419.18
2025-04-29T15:00,37.5,22,5684.88
2025-04-29T16:00,37.3,20,5548.49
2025-04-29T17:00,36.9,19,5378.45
2025-04-29T18:00,35.4,22,5177.34
2025-04-29T19:00,34.4,25,5157.71
2025-04-29T20:00,32.8,30,5098.85
2025-04-29T21:00,31.9,32,5151.03
2025-04-29T22:00,30.8,35,5535.03
2025-04-29T23:00,29.9,39,5684.83
2025-04-30T00:00,29.1,41,5472.77
2025-04-30T01:00,28.3,43,5127.32
2025-04-30T02:00,27.8,45,4806.36
2025-04-30T03:00,27.4,46,4525.97
2025-04-30T04:00,26.9,48,4320.36
2025-04-30T05:00,26.3,50,4195.42
2025-04-30T06:00,26.7,54,4155.45
2025-04-30T07:00,27.5,53,4023.26
2025-04-30T08:00,29.1,50,4090.32
2025-04-30T09:00,31.2,45,4486.63
2025-04-30T10:00,33.2,38,4923.72
2025-04-30T11:00,34.8,32,5237.36
2025-04-30T12:00,35.8,28,5344.98
2025-04-30T13:00,36.5,26,5305.85
2025-04-30T14:00,36.8,24,5711.65
2025-04-30T15:00,36.4,24,5937.3
2025-04-30T16:00,35.3,26,5813.57
2025-04-30T17:00,34.7,27,5579.03
2025-04-30T18:00,34.6,25,5348.41
2025-04-30T19:00,33.6,26,5315.22
2025-04-30T20:00,32.6,28,5229.78
2025-04-30T21:00,31.8,29,5269.51
2025-04-30T22:00,30.9,33,5622.93
2025-04-30T23:00,29.6,39,5792.16
2025-05-01T00:00,28.6,42,5580.89
2025-05-01T01:00,28.0,44,5249.55
2025-05-01T02:00,27.4,45,4912.72
2025-05-01T03:00,26.9,47,4643.12
2025-05-01T04:00,26.4,49,4413.44
2025-05-01T05:00,25.9,51,4271.61
2025-05-01T06:00,27.4,61,4234.94
2025-05-01T07:00,28.4,58,4169.04
2025-05-01T08:00,30.0,53,4198.61
2025-05-01T09:00,32.0,45,4561.61
2025-05-01T10:00,34.0,36,4987.82
2025-05-01T11:00,35.4,29,5199.66
2025-05-01T12:00,36.2,26,5305.36
2025-05-01T13:00,36.6,25,5338.88
2025-05-01T14:00,37.6,19,5758.66
2025-05-01T15:00,36.3,19,6008.33
2025-05-01T16:00,36.5,20,5836.94
2025-05-01T17:00,35.4,23,5604.62
2025-05-01T18:00,35.4,22,5332.71
2025-05-01T19:00,34.2,24,5270.56
2025-05-01T20:00,33.0,26,5236.18
2025-05-01T21:00,32.0,28,5391.44
2025-05-01T22:00,30.2,37,5759.8
2025-05-01T23:00,28.9,45,5923.37
2025-05-02T00:00,28.4,46,5674.63
2025-05-02T01:00,27.9,47,5209.46
2025-05-02T02:00,27.5,48,4796.04
2025-05-02T03:00,26.9,50,4590.15
2025-05-02T04:00,26.5,50,4334.72
2025-05-02T05:00,26.0,52,3258.12
2025-05-02T06:00,22.5,93,3009.69
2025-05-02T07:00,22.5,94,3143.03
2025-05-02T08:00,22.2,95,3234.12
2025-05-02T09:00,21.7,95,3492.04
2025-05-02T10:00,22.7,90,3956.42
2025-05-02T11:00,24.0,82,4403.51
2025-05-02T12:00,25.6,73,4420.91
2025-05-02T13:00,26.6,68,4249.26
2025-05-02T14:00,27.7,64,4454.48
2025-05-02T15:00,28.2,63,4586.15
2025-05-02T16:00,28.3,61,4580.28
2025-05-02T17:00,28.2,61,4541.49
2025-05-02T18:00,28.6,53,4463.65
2025-05-02T19:00,28.1,55,4484.74
2025-05-02T20:00,27.9,56,4298.09
2025-05-02T21:00,27.7,56,4187.85
2025-05-02T22:00,27.3,58,4245.43
2025-05-02T23:00,26.8,61,4291.32
2025-05-03T00:00,26.1,64,4107.53
2025-05-03T01:00,25.5,66,3855.11
2025-05-03T02:00,24.9,68,3664.67
2025-05-03T03:00,24.5,69,3509.12
2025-05-03T04:00,24.0,72,3411.27
2025-05-03T05:00,24.0,72,3426.07
2025-05-03T06:00,24.6,77,3537.0
2025-05-03T07:00,25.5,73,3605.61
2025-05-03T08:00,27.9,59,3608.22
2025-05-03T09:00,29.8,50,3895.55
2025-05-03T10:00,32.0,40,4241.03
2025-05-03T11:00,32.3,34,4323.22
2025-05-03T12:00,33.9,31,4360.05
2025-05-03T13:00,35.4,29,4331.42
2025-05-03T14:00,28.4,56,4506.45
2025-05-03T15:00,29.6,48,4594.81
2025-05-03T16:00,30.5,45,4569.22
2025-05-03T17:00,30.3,45,4502.73
2025-05-03T18:00,28.4,49,4508.18
2025-05-03T19:00,28.8,49,4563.44
2025-05-03T20:00,28.9,48,4456.7
2025-05-03T21:00,28.5,49,4435.31
2025-05-03T22:00,28.1,50,4605.18
2025-05-03T23:00,27.6,51,4675.43
2025-05-04T00:00,27.1,52,4520.83
2025-05-04T01:00,26.8,53,4269.96
2025-05-04T02:00,26.2,55,4040.11
2025-05-04T03:00,25.6,58,3824.42
2025-05-04T04:00,24.9,62,3683.45
2025-05-04T05:00,24.4,64,3608.8
2025-05-04T06:00,27.4,64,3572.73
2025-05-04T07:00,28.1,65,3579.83
2025-05-04T08:00,30.0,59,3592.83
2025-05-04T09:00,32.1,49,3782.0
2025-05-04T10:00,34.0,39,4043.61
2025-05-04T11:00,34.8,35,4275.69
2025-05-04T12:00,32.0,41,4314.42
2025-05-04T13:00,32.3,40,4279.51
2025-05-04T14:00,31.1,49,4425.35
2025-05-04T15:00,31.5,45,4484.85
2025-05-04T16:00,32.5,41,4404.14
2025-05-04T17:00,32.3,41,4311.84
2025-05-04T18:00,32.7,36,4267.82
2025-05-04T19:00,31.5,40,4413.8
2025-05-04T20:00,31.0,43,4441.43
2025-05-04T21:00,30.7,45,4463.31
2025-05-04T22:00,30.2,46,4670.96
2025-05-04T23:00,29.1,52,4718.72
2025-05-05T00:00,27.8,62,4463.92
2025-05-05T01:00,26.8,68,4124.69
2025-05-05T02:00,26.1,72,3876.42
2025-05-05T03:00,25.7,73,3667.89
2025-05-05T04:00,25.3,74,3530.64
2025-05-05T05:00,25.0,74,3518.1
2025-05-05T06:00,24.2,71,3665.91
2025-05-05T07:00,25.4,65,3646.84
2025-05-05T08:00,27.0,60,3718.86
2025-05-05T09:00,29.0,53,4124.67
2025-05-05T10:00,31.2,45,4503.35
2025-05-05T11:00,32.8,39,4659.36
2025-05-05T12:00,33.8,34,4717.69
2025-05-05T13:00,35.0,30,4492.4
2025-05-05T14:00,35.6,28,4681.5
2025-05-05T15:00,33.0,36,4809.63
2025-05-05T16:00,32.9,37,4672.51
2025-05-05T17:00,32.0,40,4624.53
2025-05-05T18:00,28.4,60,4531.83
2025-05-05T19:00,27.0,66,4559.62
2025-05-05T20:00,25.9,71,4419.44
2025-05-05T21:00,25.3,75,4375.91
2025-05-05T22:00,24.7,77,4491.29
2025-05-05T23:00,24.2,79,4533.56
2025-05-06T00:00,23.8,80,4329.67
2025-05-06T01:00,23.4,82,4053.02
2025-05-06T02:00,23.1,83,3803.95
2025-05-06T03:00,22.9,83,3601.15
2025-05-06T04:00,22.6,85,3481.43
2025-05-06T05:00,22.2,87,3477.89
2025-05-06T06:00,23.6,81,3651.02
2025-05-06T07:00,24.9,75,3691.75
2025-05-06T08:00,26.7,66,3732.09
2025-05-06T09:00,28.7,57,4136.16
2025-05-06T10:00,30.4,49,4530.75
2025-05-06T11:00,31.6,44,4706.7
2025-05-06T12:00,32.8,40,4761.67
2025-05-06T13:00,33.5,38,4633.89
2025-05-06T14:00,34.4,33,4892.64
2025-05-06T15:00,28.1,59,5060.5
2025-05-06T16:00,30.3,48,4958.21
2025-05-06T17:00,30.6,47,4870.25
2025-05-06T18:00,29.4,52,4731.23
2025-05-06T19:00,28.0,58,4735.05
2025-05-06T20:00,27.4,57,4625.34
2025-05-06T21:00,26.8,60,4628.51
2025-05-06T22:00,26.1,62,4803.38
2025-05-06T23:00,25.6,64,4884.14
2025-05-07T00:00,25.2,67,4670.39
2025-05-07T01:00,24.9,69,4377.58
2025-05-07T02:00,24.6,71,4110.56
2025-05-07T03:00,24.3,73,3894.14
2025-05-07T04:00,24.0,75,3745.59
2025-05-07T05:00,23.7,77,3717.28
2025-05-07T06:00,24.8,78,3837.54
2025-05-07T07:00,25.8,74,3834.74
2025-05-07T08:00,27.6,64,3912.27
2025-05-07T09:00,29.0,57,4277.06
2025-05-07T10:00,30.0,52,4734.75
2025-05-07T11:00,31.0,46,4953.48
2025-05-07T12:00,32.3,41,5053.47
2025-05-07T13:00,33.2,38,4928.14
2025-05-07T14:00,33.3,37,5188.31
2025-05-07T15:00,32.8,39,5315.48
2025-05-07T16:00,32.8,39,5161.61
2025-05-07T17:00,31.4,42,5039.47
2025-05-07T18:00,27.1,74,4779.45
2025-05-07T19:00,26.9,74,4789.8
2025-05-07T20:00,26.7,76,4588.93
2025-05-07T21:00,26.2,74,4694.24
2025-05-07T22:00,25.8,77,4878.56
2025-05-07T23:00,25.3,79,4950.14
2025-05-08T00:00,25.1,80,4724.85
2025-05-08T01:00,24.8,81,4429.53
2025-05-08T02:00,24.6,82,4150.68
2025-05-08T03:00,24.3,82,3940.63
2025-05-08T04:00,24.2,81,3807.19
2025-05-08T05:00,23.9,81,3759.96
2025-05-08T06:00,24.4,82,3864.61
2025-05-08T07:00,25.0,81,3876.97
2025-05-08T08:00,26.7,68,3924.4
2025-05-08T09:00,29.4,57,4320.32
2025-05-08T10:00,31.0,51,4812.65
2025-05-08T11:00,30.7,51,5015.15
2025-05-08T12:00,31.2,48,5087.55
2025-05-08T13:00,31.6,47,4980.31
2025-05-08T14:00,31.3,49,5307.2
2025-05-08T15:00,31.9,48,5435.89
2025-05-08T16:00,29.8,54,5358.44
2025-05-08T17:00,29.8,56,5221.65
2025-05-08T18:00,32.4,36,5018.03
2025-05-08T19:00,31.2,43,5054.64
2025-05-08T20:00,30.3,46,5011.39
2025-05-08T21:00,29.2,52,5020.85
2025-05-08T22:00,28.4,56,5210.76
2025-05-08T23:00,27.9,57,5305.75
2025-05-09T00:00,26.9,63,5091.31
2025-05-09T01:00,26.3,65,4728.22
2025-05-09T02:00,26.0,66,4421.46
2025-05-09T03:00,25.8,67,4183.73
2025-05-09T04:00,25.5,69,4014.52
2025-05-09T05:00,25.1,71,3938.41
2025-05-09T06:00,26.3,67,4009.72
2025-05-09T07:00,27.5,62,4047.57
2025-05-09T08:00,29.6,55,4132.28
2025-05-09T09:00,31.6,48,4606.26
2025-05-09T10:00,32.8,44,5005.0
2025-05-09T11:00,34.0,39,5162.54
2025-05-09T12:00,35.2,35,5276.72
2025-05-09T13:00,36.3,31,5184.05
2025-05-09T14:00,37.0,29,5552.04
2025-05-09T15:00,37.1,28,5708.31
2025-05-09T16:00,32.9,43,5569.97
2025-05-09T17:00,31.9,45,5389.71
2025-05-09T18:00,34.1,34,5183.53
2025-05-09T19:00,33.0,37,5192.83
2025-05-09T20:00,32.1,39,5153.05
2025-05-09T21:00,31.1,44,5246.46
2025-05-09T22:00,30.4,46,5518.65
2025-05-09T23:00,29.9,54,5632.64
2025-05-10T00:00,29.5,54,5372.26
2025-05-10T01:00,28.9,55,5039.23
2025-05-10T02:00,28.7,54,4715.73
2025-05-10T03:00,28.1,52,4444.59
2025-05-10T04:00,27.5,54,4266.51
2025-05-10T05:00,26.6,59,4099.8
2025-05-10T06:00,28.3,60,4046.6
2025-05-10T07:00,29.7,55,4029.19
2025-05-10T08:00,32.0,47,4081.93
2025-05-10T09:00,33.8,39,4397.14
2025-05-10T10:00,35.1,35,4833.81
2025-05-10T11:00,36.2,32,5058.73
2025-05-10T12:00,37.1,30,5039.81
2025-05-10T13:00,36.2,30,4919.21
2025-05-10T14:00,29.1,60,5237.21
2025-05-10T15:00,32.2,45,4993.12
2025-05-10T16:00,32.9,45,4826.98
2025-05-10T17:00,31.5,50,4839.35
2025-05-10T18:00,31.6,51,4797.18
2025-05-10T19:00,30.2,57,4848.58
2025-05-10T20:00,29.4,68,4811.74
2025-05-10T21:00,29.3,69,4880.92
2025-05-10T22:00,29.1,67,5102.81
2025-05-10T23:00,28.6,69,5244.16
2025-05-11T00:00,28.2,70,5052.45
2025-05-11T01:00,27.4,73,4737.8
2025-05-11T02:00,26.7,73,4477.84
2025-05-11T03:00,26.1,76,4235.12
2025-05-11T04:00,25.5,78,4026.39
2025-05-11T05:00,25.1,79,3883.33
2025-05-11T06:00,26.3,80,3794.67
2025-05-11T07:00,27.7,71,3750.02
2025-05-11T08:00,29.7,60,3750.67
2025-05-11T09:00,31.7,49,3960.14
2025-05-11T10:00,33.3,43,4258.4
2025-05-11T11:00,34.8,38,4453.12
2025-05-11T12:00,36.1,33,4587.9
2025-05-11T13:00,37.2,29,4564.55
2025-05-11T14:00,37.8,26,4872.2
2025-05-11T15:00,38.0,23,5043.53
2025-05-11T16:00,38.2,22,4980.9
2025-05-11T17:00,37.9,22,4823.7
2025-05-11T18:00,35.8,40,4680.06
2025-05-11T19:00,34.1,43,4769.9
2025-05-11T20:00,32.8,32,4543.98
2025-05-11T21:00,31.0,38,4551.88
2025-05-11T22:00,30.0,44,4843.22
2025-05-11T23:00,29.7,43,5144.45
2025-05-12T00:00,28.8,44,5117.9
2025-05-12T01:00,27.9,50,4822.64
2025-05-12T02:00,27.8,52,4520.5
2025-05-12T03:00,27.6,51,4266.81
2025-05-12T04:00,26.8,54,4088.65
2025-05-12T05:00,25.5,56,3924.37
2025-05-12T06:00,26.2,57,3866.95
2025-05-12T07:00,27.9,52,3811.38
2025-05-12T08:00,30.7,42,3842.33
2025-05-12T09:00,33.1,34,4181.29
2025-05-12T10:00,35.1,28,4593.05
2025-05-12T11:00,36.9,24,4864.94
2025-05-12T12:00,38.2,22,5019.94
2025-05-12T13:00,39.2,19,4988.09
2025-05-12T14:00,39.6,18,5303.15
2025-05-12T15:00,39.4,17,5524.56
2025-05-12T16:00,39.2,17,5484.32
2025-05-12T17:00,38.6,18,5359.21
2025-05-12T18:00,36.9,19,5126.84
2025-05-12T19:00,35.3,28,5092.75
2025-05-12T20:00,34.7,34,5177.28
2025-05-12T21:00,33.6,31,5373.85
2025-05-12T22:00,31.7,31,5656.53
2025-05-12T23:00,31.1,32,5768.81
2025-05-13T00:00,30.5,33,5521.46
2025-05-13T01:00,29.6,34,5163.17
2025-05-13T02:00,29.5,33,4837.8
2025-05-13T03:00,28.7,35,4567.4
2025-05-13T04:00,28.4,35,4320.97
2025-05-13T05:00,28.1,35,4179.39
2025-05-13T06:00,30.1,37,4148.45
2025-05-13T07:00,31.2,35,4112.86
2025-05-13T08:00,32.9,31,4166.85
2025-05-13T09:00,34.9,28,4601.7
2025-05-13T10:00,37.0,24,5065.57
2025-05-13T11:00,39.0,19,5308.68
2025-05-13T12:00,40.3,16,5584.06
2025-05-13T13:00,41.0,15,5652.89
2025-05-13T14:00,41.3,14,6070.64
2025-05-13T15:00,40.7,14,6216.0
2025-05-13T16:00,40.5,14,5624.26
2025-05-13T17:00,38.9,16,5165.43
2025-05-13T18:00,38.2,17,5055.68
2025-05-13T19:00,36.8,18,5013.2
2025-05-13T20:00,35.2,21,5020.23
2025-05-13T21:00,33.9,22,5033.95
2025-05-13T22:00,33.6,22,5302.99
2025-05-13T23:00,32.9,22,5466.72
2025-05-14T00:00,32.2,23,5276.86
2025-05-14T01:00,31.8,23,5016.46
2025-05-14T02:00,31.2,25,4806.85
2025-05-14T03:00,30.2,27,4615.32
2025-05-14T04:00,29.1,28,4474.71
2025-05-14T05:00,28.5,29,4338.92
2025-05-14T06:00,28.6,36,3962.48
2025-05-14T07:00,30.2,33,3971.99
2025-05-14T08:00,32.6,29,4134.5
2025-05-14T09:00,35.1,25,4676.05
2025-05-14T10:00,37.2,23,5159.84
2025-05-14T11:00,38.9,20,5326.78
2025-05-14T12:00,40.3,16,5470.21
2025-05-14T13:00,41.0,13,5495.21
2025-05-14T14:00,41.2,12,5885.66
2025-05-14T15:00,41.1,12,6090.39
2025-05-14T16:00,40.9,12,5941.24
2025-05-14T17:00,40.2,12,5702.57
2025-05-14T18:00,39.6,13,5408.0
2025-05-14T19:00,37.9,15,5348.05
2025-05-14T20:00,37.0,17,5328.72
2025-05-14T21:00,35.5,20,5503.7
2025-05-14T22:00,34.3,23,5821.82
2025-05-14T23:00,34.0,23,5954.07
2025-05-15T00:00,33.2,30,5734.73
2025-05-15T01:00,31.9,27,5384.75
2025-05-15T02:00,31.2,29,5012.94
2025-05-15T03:00,30.7,30,4719.09
2025-05-15T04:00,30.0,32,4476.64
2025-05-15T05:00,29.7,33,4285.65
2025-05-15T06:00,30.3,32,4227.17
2025-05-15T07:00,31.8,30,4161.09
2025-05-15T08:00,34.1,26,4206.52
2025-05-15T09:00,36.8,22,4677.62
2025-05-15T10:00,38.6,19,5131.36
2025-05-15T11:00,39.8,17,5390.15
2025-05-15T12:00,40.8,15,5583.5
2025-05-15T13:00,41.6,13,5592.97
2025-05-15T14:00,41.9,12,6004.35
2025-05-15T15:00,41.7,12,6331.13
2025-05-15T16:00,41.3,13,6229.66
2025-05-15T17:00,41.0,13,5928.58
2025-05-15T18:00,40.1,13,5570.54
2025-05-15T19:00,38.6,14,5476.09
2025-05-15T20:00,37.8,15,5484.79
2025-05-15T21:00,36.8,15,5707.96
2025-05-15T22:00,36.1,15,6186.55
2025-05-15T23:00,34.6,17,6394.63
2025-05-16T00:00,33.1,20,6179.71
2025-05-16T01:00,31.8,23,5795.77
2025-05-16T02:00,31.3,24,5469.92
2025-05-16T03:00,30.3,26,5150.03
2025-05-16T04:00,29.4,28,4860.02
2025-05-16T05:00,28.8,29,4624.38
2025-05-16T06:00,31.2,30,4506.71
2025-05-16T07:00,33.7,25,4440.26
2025-05-16T08:00,35.9,22,4537.83
2025-05-16T09:00,37.4,20,5013.65
2025-05-16T10:00,39.4,18,5504.0
2025-05-16T11:00,40.7,17,5752.26
2025-05-16T12:00,41.8,15,5966.29
2025-05-16T13:00,42.4,13,6009.4
2025-05-16T14:00,42.4,13,6510.06
2025-05-16T15:00,42.7,13,6791.03
2025-05-16T16:00,41.9,13,6450.04
2025-05-16T17:00,39.8,17,5473.58
2025-05-16T18:00,36.7,30,5345.13
2025-05-16T19:00,35.2,35,5346.4
2025-05-16T20:00,34.6,35,5379.1
2025-05-16T21:00,33.6,36,5548.56
2025-05-16T22:00,33.0,36,5958.31
2025-05-16T23:00,32.4,37,6161.05
2025-05-17T00:00,31.4,41,5939.19
2025-05-17T01:00,30.7,44,5583.78
2025-05-17T02:00,29.7,46,5282.29
2025-05-17T03:00,29.8,44,4988.77
2025-05-17T04:00,29.7,41,4750.47
2025-05-17T05:00,29.2,39,4543.81
2025-05-17T06:00,32.9,28,4389.73
2025-05-17T07:00,33.4,28,4269.39
2025-05-17T08:00,34.8,27,4297.08
2025-05-17T09:00,36.5,25,4597.0
2025-05-17T10:00,39.1,22,5018.17
2025-05-17T11:00,40.6,21,5346.97
2025-05-17T12:00,41.5,19,5615.21
2025-05-17T13:00,41.3,17,5721.9
2025-05-17T14:00,42.8,14,6102.03
2025-05-17T15:00,42.1,14,5792.0
2025-05-17T16:00,42.0,14,5818.14
2025-05-17T17:00,41.4,15,5598.81
2025-05-17T18:00,38.8,21,5275.96
2025-05-17T19:00,36.1,26,5158.48
2025-05-17T20:00,34.8,29,5151.92
2025-05-17T21:00,33.6,32,5326.98
2025-05-17T22:00,32.6,35,5704.58
2025-05-17T23:00,31.7,37,5963.03
2025-05-18T00:00,30.9,37,5844.4
2025-05-18T01:00,30.1,39,5532.89
2025-05-18T02:00,29.5,39,5203.17
2025-05-18T03:00,29.7,34,4910.62
2025-05-18T04:00,30.3,27,4658.82
2025-05-18T05:00,29.9,27,4438.54
2025-05-18T06:00,31.4,30,4246.04
2025-05-18T07:00,32.4,30,4150.73
2025-05-18T08:00,34.2,28,4104.77
2025-05-18T09:00,36.4,26,4293.79
2025-05-18T10:00,38.4,24,4639.16
2025-05-18T11:00,39.6,24,4927.16
2025-05-18T12:00,40.8,22,5192.48
2025-05-18T13:00,41.4,21,5342.6
2025-05-18T14:00,41.8,20,5752.97
2025-05-18T15:00,41.9,18,5985.93
2025-05-18T16:00,42.1,16,5895.0
2025-05-18T17:00,41.8,16,5630.28
2025-05-18T18:00,36.4,37,5363.9
2025-05-18T19:00,35.4,38,5418.56
2025-05-18T20:00,34.3,43,5680.07
2025-05-18T21:00,33.1,49,6095.06
2025-05-18T22:00,32.3,52,6582.7
2025-05-18T23:00,31.9,52,6810.49
2025-05-19T00:00,31.3,52,6630.38
2025-05-19T01:00,30.6,54,6267.09
2025-05-19T02:00,29.9,57,5903.24
2025-05-19T03:00,29.4,60,5568.56
2025-05-19T04:00,28.8,63,5262.97
2025-05-19T05:00,28.2,66,4971.21
2025-05-19T06:00,29.3,64,4778.78
2025-05-19T07:00,30.2,61,4662.32
2025-05-19T08:00,31.8,56,4752.72
2025-05-19T09:00,34.1,48,5207.61
2025-05-19T10:00,36.2,41,5786.02
2025-05-19T11:00,38.3,35,6101.08
2025-05-19T12:00,39.7,30,6352.65
2025-05-19T13:00,40.8,27,6490.1
2025-05-19T14:00,42.0,22,6939.75
2025-05-19T15:00,41.7,19,7117.71
2025-05-19T16:00,41.3,21,7015.7
2025-05-19T17:00,40.2,24,6672.53
2025-05-19T18:00,37.0,39,6255.99
2025-05-19T19:00,35.9,42,6192.75
2025-05-19T20:00,34.1,48,6400.06
2025-05-19T21:00,33.3,51,6726.97
2025-05-19T22:00,32.6,54,7119.84
2025-05-19T23:00,32.1,55,7197.79
2025-05-20T00:00,31.6,56,6923.22
2025-05-20T01:00,31.2,57,6544.46
2025-05-20T02:00,30.6,59,6186.81
2025-05-20T03:00,29.9,62,5867.33
2025-05-20T04:00,29.0,67,5571.83
2025-05-20T05:00,28.0,71,5239.68
2025-05-20T06:00,29.6,66,4979.49
2025-05-20T07:00,30.5,61,4863.12
2025-05-20T08:00,32.3,55,4808.88
2025-05-20T09:00,34.5,47,5310.34
2025-05-20T10:00,36.8,38,5823.47
2025-05-20T11:00,39.0,31,6168.94
2025-05-20T12:00,41.1,24,6498.97
2025-05-20T13:00,42.2,21,6747.73
2025-05-20T14:00,42.4,19,7175.7
2025-05-20T15:00,42.6,17,7321.02
2025-05-20T16:00,39.0,24,7127.52
2025-05-20T17:00,39.0,24,6796.33
2025-05-20T18:00,39.8,23,6429.73
2025-05-20T19:00,35.9,47,6396.17
2025-05-20T20:00,34.4,52,6626.1
2025-05-20T21:00,33.8,54,6926.71
2025-05-20T22:00,33.0,56,7382.23
2025-05-20T23:00,32.3,58,7482.05
2025-05-21T00:00,32.0,56,7181.68
2025-05-21T01:00,31.8,55,6749.27
2025-05-21T02:00,31.5,55,6398.13
2025-05-21T03:00,30.8,57,6064.91
2025-05-21T04:00,30.3,59,5772.44
2025-05-21T05:00,29.8,60,5462.01
2025-05-21T06:00,31.9,59,5186.0
2025-05-21T07:00,31.0,61,5076.81
2025-05-21T08:00,32.4,52,5188.76
2025-05-21T09:00,34.6,43,5653.35
2025-05-21T10:00,36.9,36,6212.77
2025-05-21T11:00,38.8,30,6547.81
2025-05-21T12:00,40.3,26,6825.34
2025-05-21T13:00,41.3,24,7021.39
2025-05-21T14:00,42.2,21,7433.67
2025-05-21T15:00,43.0,18,7665.89
2025-05-21T16:00,41.3,17,7488.63
2025-05-21T17:00,37.7,26,7033.91
2025-05-21T18:00,35.0,48,6621.06
2025-05-21T19:00,34.4,48,6415.18
2025-05-21T20:00,33.2,53,4287.68
2025-05-21T21:00,32.4,57,4275.63
2025-05-21T22:00,31.7,60,5159.05
2025-05-21T23:00,31.2,61,5691.84
2025-05-22T00:00,30.9,61,5793.19
2025-05-22T01:00,30.5,62,5402.97
2025-05-22T02:00,30.1,63,5136.26
2025-05-22T03:00,29.7,64,4844.73
2025-05-22T04:00,29.2,66,4608.23
2025-05-22T05:00,28.4,70,4400.11
2025-05-22T06:00,25.0,78,4318.95
2025-05-22T07:00,26.3,71,4282.07
2025-05-22T08:00,28.2,64,4299.62
2025-05-22T09:00,30.0,58,4704.36
2025-05-22T10:00,31.9,53,5146.02
2025-05-22T11:00,33.5,48,5388.78
2025-05-22T12:00,34.9,44,5600.87
2025-05-22T13:00,36.0,39,5502.51
2025-05-22T14:00,36.8,36,5859.68
2025-05-22T15:00,37.0,36,6102.63
2025-05-22T16:00,36.8,36,6024.42
2025-05-22T17:00,36.3,37,5802.61
2025-05-22T18:00,32.4,50,5518.26
2025-05-22T19:00,31.5,53,5444.03
2025-05-22T20:00,30.6,56,5465.14
2025-05-22T21:00,29.8,59,5621.92
2025-05-22T22:00,29.4,60,6010.7
2025-05-22T23:00,28.9,61,6240.41
2025-05-23T00:00,28.4,62,5997.39
2025-05-23T01:00,28.0,64,5584.83
2025-05-23T02:00,27.5,66,5236.87
2025-05-23T03:00,27.1,68,4945.67
2025-05-23T04:00,26.7,71,4717.47
2025-05-23T05:00,26.4,74,4505.4
2025-05-23T06:00,27.5,70,4427.1
2025-05-23T07:00,28.6,68,4472.51
2025-05-23T08:00,30.4,62,4556.75
2025-05-23T09:00,32.4,52,4984.59
2025-05-23T10:00,34.2,45,5471.23
2025-05-23T11:00,35.7,41,5772.32
2025-05-23T12:00,36.7,38,5927.65
2025-05-23T13:00,37.6,36,5962.14
2025-05-23T14:00,38.1,35,6374.16
2025-05-23T15:00,38.2,35,6579.86
2025-05-23T16:00,37.1,38,6399.55
2025-05-23T17:00,36.2,40,6173.74
2025-05-23T18:00,35.5,39,5824.57
2025-05-23T19:00,34.4,42,5704.45
2025-05-23T20:00,33.5,45,5740.52
2025-05-23T21:00,32.7,48,5952.57
2025-05-23T22:00,32.1,49,6321.26
2025-05-23T23:00,31.4,52,6551.48
2025-05-24T00:00,30.8,54,6323.88
2025-05-24T01:00,30.2,56,5945.06
2025-05-24T02:00,29.7,58,5607.88
2025-05-24T03:00,29.3,60,5303.75
2025-05-24T04:00,28.9,62,5035.44
2025-05-24T05:00,28.5,64,4771.69
2025-05-24T06:00,30.7,59,4587.72
2025-05-24T07:00,31.4,57,4501.53
2025-05-24T08:00,32.9,53,4529.09
2025-05-24T09:00,34.3,48,4835.24
2025-05-24T10:00,35.6,44,5288.63
2025-05-24T11:00,36.5,42,5556.32
2025-05-24T12:00,37.0,41,5882.34
2025-05-24T13:00,37.7,39,6009.28
2025-05-24T14:00,37.7,38,6400.06
2025-05-24T15:00,36.2,40,6605.61
2025-05-24T16:00,35.6,42,6379.59
2025-05-24T17:00,35.8,41,6062.68
2025-05-24T18:00,36.3,36,5757.54
2025-05-24T19:00,35.4,38,5732.1
2025-05-24T20:00,34.2,42,5798.1
2025-05-24T21:00,33.6,43,5989.42
2025-05-24T22:00,32.7,46,6550.21
2025-05-24T23:00,31.8,49,6789.75
2025-05-25T00:00,31.1,52,6540.03
2025-05-25T01:00,30.7,54,5364.4
2025-05-25T02:00,30.1,56,4048.44
2025-05-25T03:00,29.6,58,3837.35
2025-05-25T04:00,29.0,62,3809.36
2025-05-25T05:00,28.4,65,3831.61
2025-05-25T06:00,23.0,90,3847.14
2025-05-25T07:00,24.0,82,3764.32
2025-05-25T08:00,25.3,73,3714.21
2025-05-25T09:00,26.2,68,3711.5
2025-05-25T10:00,27.1,54,4099.7
2025-05-25T11:00,28.2,58,4300.17
2025-05-25T12:00,28.5,60,4460.18
2025-05-25T13:00,30.4,58,4420.63
2025-05-25T14:00,30.8,58,4553.38
2025-05-25T15:00,31.1,58,4653.41
2025-05-25T16:00,30.8,58,4667.82
2025-05-25T17:00,31.2,57,4611.55
2025-05-25T18:00,30.2,65,4567.6
2025-05-25T19:00,29.0,73,4675.0
2025-05-25T20:00,28.4,74,4841.84
2025-05-25T21:00,26.4,81,5039.8
2025-05-25T22:00,26.4,85,5346.03
2025-05-25T23:00,26.3,83,5493.78
2025-05-26T00:00,26.3,81,5282.09
2025-05-26T01:00,25.5,82,4936.78
2025-05-26T02:00,25.3,83,4627.31
2025-05-26T03:00,24.2,87,4399.68
2025-05-26T04:00,24.3,84,4201.39
2025-05-26T05:00,24.1,84,4077.8
2025-05-26T06:00,26.7,79,4048.5
2025-05-26T07:00,27.8,76,4122.29
2025-05-26T08:00,28.7,70,4181.31
2025-05-26T09:00,30.0,66,4601.4
2025-05-26T10:00,31.4,59,5064.26
2025-05-26T11:00,32.3,55,5227.24
2025-05-26T12:00,33.9,48,5302.0
2025-05-26T13:00,34.9,43,5238.43
2025-05-26T14:00,35.5,40,5585.51
2025-05-26T15:00,35.7,39,5780.84
2025-05-26T16:00,35.6,39,5746.24
2025-05-26T17:00,35.3,40,5613.75
2025-05-26T18:00,32.3,57,5389.21
2025-05-26T19:00,30.7,63,5386.44
2025-05-26T20:00,29.6,67,5463.72
2025-05-26T21:00,29.1,70,5629.0
2025-05-26T22:00,28.5,74,5944.68
2025-05-26T23:00,28.2,76,6032.57
2025-05-27T00:00,27.8,77,5721.74
2025-05-27T01:00,27.5,78,5312.94
2025-05-27T02:00,27.1,79,4962.85
2025-05-27T03:00,26.8,79,4689.59
2025-05-27T04:00,26.5,80,4471.03
2025-05-27T05:00,26.2,80,4297.47
2025-05-27T06:00,27.5,80,4246.76
2025-05-27T07:00,28.7,76,4280.32
2025-05-27T08:00,30.2,70,4417.5
2025-05-27T09:00,31.6,63,4848.01
2025-05-27T10:00,32.8,56,5362.33
2025-05-27T11:00,33.7,51,5602.64
2025-05-27T12:00,34.5,48,5745.78
2025-05-27T13:00,35.2,45,5754.69
2025-05-27T14:00,35.8,41,6106.01
2025-05-27T15:00,36.1,40,6124.28
2025-05-27T16:00,36.0,40,6149.19
2025-05-27T17:00,35.4,42,5965.15
2025-05-27T18:00,34.2,48,5724.57
2025-05-27T19:00,32.6,55,5694.4
2025-05-27T20:00,31.6,60,5826.63
2025-05-27T21:00,30.8,63,6116.16
2025-05-27T22:00,30.2,65,6534.57
2025-05-27T23:00,29.6,67,6632.96
2025-05-28T00:00,29.0,69,6326.23
2025-05-28T01:00,28.6,70,5896.99
2025-05-28T02:00,28.3,71,5560.27
2025-05-28T03:00,28.1,72,5258.86
2025-05-28T04:00,27.9,73,5011.18
2025-05-28T05:00,27.4,75,4772.77
2025-05-28T06:00,29.8,70,4648.86
2025-05-28T07:00,31.2,64,4683.17
2025-05-28T08:00,32.7,59,4850.03
2025-05-28T09:00,34.0,53,5313.68
2025-05-28T10:00,35.4,46,5839.44
2025-05-28T11:00,36.6,42,6123.28
2025-05-28T12:00,37.6,39,6272.24
2025-05-28T13:00,38.7,36,6299.67
2025-05-28T14:00,39.4,33,6753.2
2025-05-28T15:00,39.5,32,6871.04
2025-05-28T16:00,39.1,32,6697.0
2025-05-28T17:00,37.7,33,6433.03
2025-05-28T18:00,36.5,38,6161.44
2025-05-28T19:00,34.5,46,6131.22
2025-05-28T20:00,32.6,56,6236.41
2025-05-28T21:00,31.4,62,6481.14
2025-05-28T22:00,30.6,67,6856.59
2025-05-28T23:00,29.8,71,6916.09
2025-05-29T00:00,29.1,75,6544.74
2025-05-29T01:00,28.4,79,6147.19
2025-05-29T02:00,28.0,81,5821.16
2025-05-29T03:00,27.8,82,5518.72
2025-05-29T04:00,27.8,82,5276.87
2025-05-29T05:00,27.6,82,5006.55
2025-05-29T06:00,30.3,68,4866.59
2025-05-29T07:00,31.4,65,4850.22
2025-05-29T08:00,32.7,58,5015.05
2025-05-29T09:00,34.8,50,5506.04
2025-05-29T10:00,36.3,41,6032.94
2025-05-29T11:00,38.3,35,6339.31
2025-05-29T12:00,39.0,32,6569.41
2025-05-29T13:00,39.8,29,6616.67
2025-05-29T14:00,40.1,28,7024.71
2025-05-29T15:00,39.5,27,7213.65
2025-05-29T16:00,39.7,25,6914.08
2025-05-29T17:00,39.0,25,6213.19
2025-05-29T18:00,35.7,41,5603.45
2025-05-29T19:00,34.3,46,5579.35
2025-05-29T20:00,33.3,47,5584.83
2025-05-29T21:00,32.6,48,5690.43
2025-05-29T22:00,31.4,53,6089.15
2025-05-29T23:00,30.6,54,6348.43
2025-05-30T00:00,29.9,54,6117.79
2025-05-30T01:00,29.5,53,5758.83
2025-05-30T02:00,28.8,55,5452.14
2025-05-30T03:00,28.2,60,5174.11
2025-05-30T04:00,28.0,61,4918.44
2025-05-30T05:00,27.1,69,4709.35
2025-05-30T06:00,28.3,65,4575.34
2025-05-30T07:00,29.3,62,4597.72
2025-05-30T08:00,31.6,55,4684.46
2025-05-30T09:00,34.5,39,5107.98
2025-05-30T10:00,35.2,34,5529.58
2025-05-30T11:00,34.6,33,5626.77
2025-05-30T12:00,34.3,36,5623.65
2025-05-30T13:00,35.5,37,5348.7
2025-05-30T14:00,34.3,42,5569.38
2025-05-30T15:00,35.4,38,5822.1
2025-05-30T16:00,36.1,34,5806.17
2025-05-30T17:00,36.0,31,5652.62
2025-05-30T18:00,33.0,46,5411.34
2025-05-30T19:00,31.5,51,5336.88
2025-05-30T20:00,30.5,54,5331.9
2025-05-30T21:00,29.6,55,5469.15
2025-05-30T22:00,29.1,55,5818.19
2025-05-30T23:00,28.4,59,6016.76
2025-05-31T00:00,27.5,64,5847.51
2025-05-31T01:00,26.8,65,5516.67
2025-05-31T02:00,26.5,62,5207.54
2025-05-31T03:00,26.3,63,4933.43
2025-05-31T04:00,26.1,64,4702.56
2025-05-31T05:00,26.3,60,4469.06
2025-05-31T06:00,28.3,65,4434.66
2025-05-31T07:00,30.3,60,4455.51
2025-05-31T08:00,32.5,53,4490.19
2025-05-31T09:00,34.7,42,4769.1
2025-05-31T10:00,36.5,34,5187.99
2025-05-31T11:00,37.9,30,5433.39
2025-05-31T12:00,39.1,27,5666.95
2025-05-31T13:00,39.7,24,5724.63
2025-05-31T14:00,39.0,23,6099.4
2025-05-31T15:00,39.5,20,6285.89
2025-05-31T16:00,38.9,19,5691.52
2025-05-31T17:00,35.4,28,5160.01
2025-05-31T18:00,28.5,67,5057.99
2025-05-31T19:00,29.8,56,5050.87
2025-05-31T20:00,29.9,52,5105.95
2025-05-31T21:00,29.0,54,5294.19
2025-05-31T22:00,28.7,57,5641.09
2025-05-31T23:00,28.6,54,5776.06
2025-06-01T00:00,28.2,62,5582.16
2025-06-01T01:00,27.3,64,5300.54
2025-06-01T02:00,27.2,58,5042.7
2025-06-01T03:00,27.4,54,4769.75
2025-06-01T04:00,27.1,53,4528.43
2025-06-01T05:00,27.0,55,4323.07
2025-06-01T06:00,29.5,51,4151.63
2025-06-01T07:00,31.6,45,4035.79
2025-06-01T08:00,33.7,43,3980.05
2025-06-01T09:00,34.8,41,4145.11
2025-06-01T10:00,35.3,35,4340.5
2025-06-01T11:00,34.9,34,4590.4
2025-06-01T12:00,36.2,30,4879.02
2025-06-01T13:00,37.3,27,5029.61
2025-06-01T14:00,35.4,31,5434.58
2025-06-01T15:00,36.3,30,5653.43
2025-06-01T16:00,36.0,30,5176.65
2025-06-01T17:00,36.0,27,4216.32
2025-06-01T18:00,26.4,71,4384.11
2025-06-01T19:00,27.0,67,4532.91
2025-06-01T20:00,26.9,64,4574.14
2025-06-01T21:00,27.3,61,4754.03
2025-06-01T22:00,27.7,60,5079.25
2025-06-01T23:00,27.4,62,5316.7
2025-06-02T00:00,27.2,62,5185.74
2025-06-02T01:00,26.8,60,4896.3
2025-06-02T02:00,26.1,59,4642.06
2025-06-02T03:00,25.6,59,4397.81
2025-06-02T04:00,25.1,66,4216.24
2025-06-02T05:00,24.1,73,4102.96
2025-06-02T06:00,28.3,60,4036.77
2025-06-02T07:00,29.1,57,4090.83
2025-06-02T08:00,30.4,53,4207.11
2025-06-02T09:00,32.0,48,4627.7
2025-06-02T10:00,33.7,43,5120.75
2025-06-02T11:00,35.3,38,5287.95
2025-06-02T12:00,36.4,33,5321.4
2025-06-02T13:00,37.1,29,5451.32
2025-06-02T14:00,36.7,30,5718.73
2025-06-02T15:00,36.1,32,5610.38
2025-06-02T16:00,36.3,32,5650.27
2025-06-02T17:00,35.3,32,5392.28
2025-06-02T18:00,32.1,43,5143.4
2025-06-02T19:00,31.5,45,5020.81
2025-06-02T20:00,30.5,44,4935.08
2025-06-02T21:00,29.4,46,5033.32
2025-06-02T22:00,28.9,47,5343.31
2025-06-02T23:00,28.4,55,5561.95
2025-06-03T00:00,28.1,61,5419.15
2025-06-03T01:00,27.7,60,5114.56
2025-06-03T02:00,27.0,58,4806.9
2025-06-03T03:00,26.8,50,4566.69
2025-06-03T04:00,26.3,50,4332.06
2025-06-03T05:00,25.8,55,4121.96
2025-06-03T06:00,26.7,57,4013.76
2025-06-03T07:00,27.5,55,3914.89
2025-06-03T08:00,29.6,47,3941.34
2025-06-03T09:00,31.7,39,4343.9
2025-06-03T10:00,33.3,34,4886.08
2025-06-03T11:00,34.6,31,5041.75
2025-06-03T12:00,34.2,31,5150.13
2025-06-03T13:00,34.0,33,5034.81
2025-06-03T14:00,34.5,33,5154.84
2025-06-03T15:00,33.5,35,5200.1
2025-06-03T16:00,33.7,34,5280.87
2025-06-03T17:00,34.0,32,5185.17
2025-06-03T18:00,31.1,41,4988.67
2025-06-03T19:00,30.2,46,4921.94
2025-06-03T20:00,29.7,56,4947.2
2025-06-03T21:00,29.1,58,5071.95
2025-06-03T22:00,28.5,57,5310.82
2025-06-03T23:00,27.1,60,5306.25
2025-06-04T00:00,25.9,65,5139.07
2025-06-04T01:00,25.3,70,4857.08
2025-06-04T02:00,25.0,71,4579.94
2025-06-04T03:00,24.7,74,4351.64
2025-06-04T04:00,24.5,76,4160.15
2025-06-04T05:00,24.5,75,4007.99
2025-06-04T06:00,26.3,67,3954.87
2025-06-04T07:00,26.6,67,3981.23
2025-06-04T08:00,27.6,63,3935.56
2025-06-04T09:00,28.2,61,4254.2
2025-06-04T10:00,31.2,50,4784.96
2025-06-04T11:00,33.3,42,5000.72
2025-06-04T12:00,34.9,36,5097.45
2025-06-04T13:00,36.4,29,5040.55
2025-06-04T14:00,29.5,51,5290.34
2025-06-04T15:00,30.3,49,5499.05
2025-06-04T16:00,31.5,43,5499.05
2025-06-04T17:00,31.3,44,5499.05
2025-06-04T18:00,32.4,32,5499.05
2025-06-04T19:00,30.8,38,5499.05
2025-06-04T20:00,29.6,44,5499.05
2025-06-04T21:00,28.3,52,5499.05
2025-06-04T22:00,27.4,60,5499.05
2025-06-04T23:00,27.1,59,5499.05
2025-06-05T00:00,26.9,59,5499.05
2025-06-05T01:00,26.1,63,5499.05
2025-06-05T02:00,25.7,65,5499.05
2025-06-05T03:00,25.3,67,5499.05
2025-06-05T04:00,24.8,70,5499.05
2025-06-05T05:00,24.4,72,5499.05
2025-06-05T06:00,26.4,67,5499.05
2025-06-05T07:00,27.8,59,5499.05
2025-06-05T08:00,29.6,48,5499.05
2025-06-05T09:00,31.3,40,5499.05
2025-06-05T10:00,33.0,35,5499.05
2025-06-05T11:00,34.4,31,5499.05
2025-06-05T12:00,35.6,28,5499.05
2025-06-05T13:00,36.3,26,5499.05
2025-06-05T14:00,36.9,25,5499.05
2025-06-05T15:00,37.2,24,5499.05
2025-06-05T16:00,37.0,24,5499.05
2025-06-05T17:00,35.9,25,5499.05
2025-06-05T18:00,34.0,29,5499.05
2025-06-05T19:00,32.4,36,5499.05
2025-06-05T20:00,31.2,52,5499.05
2025-06-05T21:00,31.1,52,5499.05
2025-06-05T22:00,30.3,54,5499.05
2025-06-05T23:00,29.1,54,5499.05
2025-06-06T00:00,28.5,51,5849.0
2025-06-06T01:00,28.2,51,5849.0
2025-06-06T02:00,27.6,54,5849.0
2025-06-06T03:00,27.0,56,5849.0
2025-06-06T04:00,26.5,58,5849.0
2025-06-06T05:00,25.9,60,5849.0
2025-06-06T06:00,29.0,58,5849.0
2025-06-06T07:00,30.5,50,5421.0
2025-06-06T08:00,32.6,40,4137.0
2025-06-06T09:00,34.1,34,4137.0
2025-06-06T10:00,35.6,29,4137.0
2025-06-06T11:00,36.1,29,4137.0
2025-06-06T12:00,36.5,29,4137.0
2025-06-06T13:00,37.2,28,5009.38
2025-06-06T14:00,37.7,27,5941.78
2025-06-06T15:00,37.8,27,6096.95
2025-06-06T16:00,37.7,27,5990.53
2025-06-06T17:00,37.4,27,5768.71
2025-06-06T18:00,36.7,26,5426.15
2025-06-06T19:00,34.8,33,5281.75
2025-06-06T20:00,33.6,38,5293.19
2025-06-06T21:00,32.5,41,5479.48
2025-06-06T22:00,31.7,45,5874.48
2025-06-06T23:00,30.8,48,6094.56
2025-06-07T00:00,30.3,49,5923.41
2025-06-07T01:00,29.7,50,5623.68
2025-06-07T02:00,29.1,51,5294.9
2025-06-07T03:00,28.6,52,5024.65
2025-06-07T04:00,28.3,52,4818.16
2025-06-07T05:00,28.0,52,4609.86
2025-06-07T06:00,30.2,51,4440.33
2025-06-07T07:00,31.9,46,4346.38
2025-06-07T08:00,34.4,40,4301.29
2025-06-07T09:00,36.9,30,4558.22
2025-06-07T10:00,38.1,26,4987.86
2025-06-07T11:00,39.4,24,5235.92
2025-06-07T12:00,40.9,22,5468.38
2025-06-07T13:00,41.2,22,5561.77
2025-06-07T14:00,40.3,23,5902.2
2025-06-07T15:00,40.2,24,6085.24
2025-06-07T16:00,39.8,24,5939.29
2025-06-07T17:00,38.8,27,5696.84
2025-06-07T18:00,37.0,33,5399.88
2025-06-07T19:00,35.8,35,5362.69
2025-06-07T20:00,34.9,37,5601.38
2025-06-07T21:00,34.1,40,5928.36
2025-06-07T22:00,33.4,43,6344.66
2025-06-07T23:00,32.9,44,6539.67
2025-06-08T00:00,32.3,46,6366.94
2025-06-08T01:00,31.2,50,6037.6
2025-06-08T02:00,30.5,52,5712.16
2025-06-08T03:00,29.9,53,5423.51
2025-06-08T04:00,29.6,52,5165.67
2025-06-08T05:00,29.6,51,4895.39
2025-06-08T06:00,31.3,49,4667.54
2025-06-08T07:00,32.8,45,4521.72
2025-06-08T08:00,35.0,40,4397.34
2025-06-08T09:00,37.2,34,4438.12
2025-06-08T10:00,39.1,29,4668.92
2025-06-08T11:00,40.6,25,5123.38
2025-06-08T12:00,41.8,23,5388.8
2025-06-08T13:00,42.6,21,5598.03
2025-06-08T14:00,42.8,20,5981.82
2025-06-08T15:00,42.8,20,6181.21
2025-06-08T16:00,42.0,21,6040.15
2025-06-08T17:00,41.0,23,5729.24
2025-06-08T18:00,41.6,20,5444.95
2025-06-08T19:00,40.2,23,5498.67
2025-06-08T20:00,38.6,29,5825.06
2025-06-08T21:00,37.0,41,6288.16
2025-06-08T22:00,35.8,41,6636.38
2025-06-08T23:00,34.7,43,6990.84
2025-06-09T00:00,33.9,45,6739.31
2025-06-09T01:00,33.4,42,6531.84
2025-06-09T02:00,31.8,43,6209.72
2025-06-09T03:00,30.9,43,5869.54
2025-06-09T04:00,30.2,46,5557.24
2025-06-09T05:00,30.0,44,5220.89
2025-06-09T06:00,32.5,45,4953.36
2025-06-09T07:00,33.7,42,4881.7
2025-06-09T08:00,35.8,36,4898.28
2025-06-09T09:00,37.8,31,5320.99
2025-06-09T10:00,39.9,25,5870.38
2025-06-09T11:00,41.4,21,6210.05
2025-06-09T12:00,42.5,19,6487.33
2025-06-09T13:00,43.3,17,6673.57
2025-06-09T14:00,43.7,16,7017.37
2025-06-09T15:00,43.4,16,7286.78
2025-06-09T16:00,42.4,19,7139.72
2025-06-09T17:00,41.7,21,6764.15
2025-06-09T18:00,41.5,18,6236.02
2025-06-09T19:00,40.0,18,5947.75
2025-06-09T20:00,39.2,17,6033.22
2025-06-09T21:00,37.9,18,6435.79
2025-06-09T22:00,36.7,21,7025.28
2025-06-09T23:00,36.0,22,7313.68
2025-06-10T00:00,34.4,25,7093.63
2025-06-10T01:00,32.8,28,6745.0
2025-06-10T02:00,31.8,28,6379.94
2025-06-10T03:00,31.1,28,6036.54
2025-06-10T04:00,30.5,28,5691.72
2025-06-10T05:00,30.1,28,5303.32
2025-06-10T06:00,32.0,29,5027.97
2025-06-10T07:00,33.7,26,4931.28
2025-06-10T08:00,35.7,22,4991.64
2025-06-10T09:00,37.8,20,5366.26
2025-06-10T10:00,39.5,19,5869.89
2025-06-10T11:00,41.0,18,6175.35
2025-06-10T12:00,42.2,17,6402.59
2025-06-10T13:00,42.7,16,6457.21
2025-06-11T00:00,34.2,30,7200.06
2025-06-11T01:00,32.7,36,6848.13
2025-06-11T02:00,31.8,39,6513.47
2025-06-11T03:00,31.0,41,6179.69
2025-06-11T04:00,30.4,45,5867.35
2025-06-11T05:00,30.1,44,5532.96
2025-06-11T06:00,32.9,29,5214.71
2025-06-11T07:00,34.2,27,5080.7
2025-06-11T08:00,36.1,25,5091.69
2025-06-11T09:00,38.1,24,5505.45
2025-06-11T10:00,39.8,23,6018.29
2025-06-11T11:00,41.2,22,6196.76
2025-06-11T12:00,42.3,20,6635.38
2025-06-11T13:00,43.1,19,6817.77
2025-06-11T14:00,43.6,19,7324.01
2025-06-11T15:00,43.4,19,7595.93
2025-06-11T16:00,42.7,21,7515.64
2025-06-11T17:00,41.5,24,7180.95
2025-06-11T18:00,40.8,24,6714.21
2025-06-11T19:00,38.6,35,6624.2
2025-06-11T20:00,36.8,45,7048.24
2025-06-11T21:00,36.0,50,7643.02
2025-06-11T22:00,34.9,55,8095.98
2025-06-11T23:00,34.2,58,8123.37
2025-06-12T00:00,33.5,60,7895.88
2025-06-12T01:00,33.0,61,7549.42
2025-06-12T02:00,32.6,62,7195.65
2025-06-12T03:00,32.1,63,6878.06
2025-06-12T04:00,31.6,64,6552.44
2025-06-12T05:00,31.1,65,6195.58
2025-06-12T06:00,32.4,62,5861.53
2025-06-12T07:00,33.7,55,5752.41
2025-06-12T08:00,35.6,47,5825.43
2025-06-12T09:00,37.6,40,6332.47
2025-06-12T10:00,39.3,36,6977.68
2025-06-12T11:00,40.8,33,7380.71
2025-06-12T12:00,41.5,30,7728.36
2025-06-12T13:00,41.9,29,7867.43
2025-06-12T14:00,42.6,27,8215.08
2025-06-12T15:00,43.1,25,8330.95
2025-06-12T16:00,41.9,27,7994.04
2025-06-12T17:00,38.6,40,7550.39
2025-06-12T18:00,40.0,30,7073.66
2025-06-12T19:00,38.3,39,6997.95
2025-06-12T20:00,37.2,42,7301.12
2025-06-12T21:00,36.5,45,7748.29
2025-06-12T22:00,35.5,49,8231.28
2025-06-12T23:00,34.7,51,8361.14
2025-06-13T00:00,34.0,52,8086.06
2025-06-13T01:00,33.2,53,7719.84
2025-06-13T02:00,32.6,55,7373.61
2025-06-13T03:00,32.1,56,7014.52
2025-06-13T04:00,31.7,58,6550.39
2025-06-13T05:00,31.3,60,6242.1
2025-06-13T06:00,33.2,60,5854.88
2025-06-13T07:00,34.4,55,5827.32
2025-06-13T08:00,36.0,48,5914.9
2025-06-13T09:00,37.8,41,6426.34
2025-06-13T10:00,39.6,36,7049.47
2025-06-13T11:00,40.8,32,7454.71
2025-06-13T12:00,41.1,33,7837.79
2025-06-13T13:00,39.4,41,7958.57
2025-06-13T14:00,39.8,39,8336.18
2025-06-13T15:00,40.3,37,8288.44
2025-06-13T16:00,40.5,36,7974.32
2025-06-13T17:00,40.0,37,7454.11
2025-06-13T18:00,36.3,47,6863.49
2025-06-13T19:00,35.2,51,6617.41
2025-06-13T20:00,34.5,55,6750.77
2025-06-13T21:00,33.9,58,7125.38
2025-06-13T22:00,33.3,60,7617.31
2025-06-13T23:00,32.7,62,7833.01
2025-06-14T00:00,32.2,64,7619.44
2025-06-14T01:00,31.9,64,7241.65
2025-06-14T02:00,31.6,64,6881.68
2025-06-14T03:00,31.3,64,6571.59
2025-06-14T04:00,31.0,65,6254.88
2025-06-14T05:00,30.6,67,5908.87
2025-06-14T06:00,31.3,65,5608.44
2025-06-14T07:00,32.5,61,5418.94
2025-06-14T08:00,34.4,55,5366.41
2025-06-14T09:00,36.3,49,5568.71
2025-06-14T10:00,38.1,43,6166.42
2025-06-14T11:00,39.6,37,6682.54
2025-06-14T12:00,40.8,33,7100.97
2025-06-14T13:00,41.6,30,7346.72
2025-06-14T14:00,42.3,28,7752.87
2025-06-14T15:00,42.9,25,7877.4
2025-06-14T16:00,42.3,25,7622.1
2025-06-14T17:00,38.4,43,7226.49
2025-06-14T18:00,39.2,32,6793.78
2025-06-14T19:00,37.8,35,6733.63
2025-06-14T20:00,37.1,36,7032.02
2025-06-14T21:00,36.3,39,7436.73
2025-06-14T22:00,35.3,44,7773.74
2025-06-14T23:00,34.8,46,7912.8
2025-06-15T00:00,34.2,46,7719.39
2025-06-15T01:00,33.6,47,7457.41
2025-06-15T02:00,32.9,50,7124.89
2025-06-15T03:00,32.2,53,6366.55
2025-06-15T04:00,31.8,54,5237.45
2025-06-15T05:00,31.5,55,5097.45
2025-06-15T06:00,29.6,70,5150.34
2025-06-15T07:00,30.8,62,5042.44
2025-06-15T08:00,31.2,56,5036.02
2025-06-15T09:00,33.7,48,5030.97
2025-06-15T10:00,35.7,41,5276.3
2025-06-15T11:00,33.3,58,5602.65
2025-06-15T12:00,35.3,50,5911.7
2025-06-15T13:00,37.5,43,5957.44
2025-06-15T14:00,37.9,41,6179.27
2025-06-15T15:00,37.8,41,6329.73
2025-06-15T16:00,37.5,42,6163.38
2025-06-15T17:00,37.4,43,5840.95
2025-06-15T18:00,33.9,58,5589.02
2025-06-15T19:00,33.2,60,5609.03
2025-06-15T20:00,32.9,62,5966.23
2025-06-15T21:00,32.8,64,6390.6
2025-06-15T22:00,32.6,66,6891.21
2025-06-15T23:00,32.2,68,7183.27
2025-06-16T00:00,31.6,70,7017.05
2025-06-16T01:00,30.9,73,6672.59
2025-06-16T02:00,30.1,78,6341.57
2025-06-16T03:00,29.7,81,6044.53
2025-06-16T04:00,29.1,83,5784.42
2025-06-16T05:00,25.4,92,5536.69
2025-06-16T06:00,24.8,98,5323.27
2025-06-16T07:00,25.6,96,5221.78
2025-06-16T08:00,26.9,90,5327.94
2025-06-16T09:00,27.4,90,5719.63
2025-06-16T10:00,27.5,89,6099.26
2025-06-16T11:00,29.7,79,6295.94
2025-06-16T12:00,30.7,76,6368.88
2025-06-16T13:00,31.5,73,6259.54
2025-06-16T14:00,31.8,71,6508.55
2025-06-16T15:00,32.0,69,6699.86
2025-06-16T16:00,32.0,69,6652.33
2025-06-16T17:00,31.8,70,6394.8
2025-06-16T18:00,31.8,74,6044.99
2025-06-16T19:00,30.7,77,5989.51
2025-06-16T20:00,30.0,79,6106.91
2025-06-16T21:00,29.7,79,6401.77
2025-06-16T22:00,28.1,84,6870.87
2025-06-16T23:00,27.2,95,7069.97
2025-06-17T00:00,26.7,96,6814.92
2025-06-17T01:00,26.3,99,6443.06
2025-06-17T02:00,26.2,97,6093.97
2025-06-17T03:00,26.2,93,5761.15
2025-06-17T04:00,25.6,96,5503.76
2025-06-17T05:00,25.2,95,5241.72
2025-06-17T06:00,26.1,95,5041.37
2025-06-17T07:00,27.0,90,4986.15
2025-06-17T08:00,27.4,89,5134.89
2025-06-17T09:00,29.2,83,5591.25
2025-06-17T10:00,30.8,76,6086.58
2025-06-17T11:00,31.9,72,6423.51
2025-06-17T12:00,32.6,69,6688.24
2025-06-17T13:00,33.2,67,6826.28
2025-06-17T14:00,33.4,65,6841.05
2025-06-17T15:00,33.7,64,5980.71
2025-06-17T16:00,33.5,64,5687.28
2025-06-17T17:00,32.9,67,5785.13
2025-06-17T18:00,30.9,73,5620.38
2025-06-17T19:00,30.0,78,5341.59
2025-06-17T20:00,28.8,80,5316.88
2025-06-17T21:00,27.8,84,5455.98
2025-06-17T22:00,27.2,83,5771.3
2025-06-17T23:00,26.2,89,5920.66
2025-06-18T00:00,25.6,90,5709.32
2025-06-18T01:00,25.2,94,5425.35
2025-06-18T02:00,24.9,94,5143.72
2025-06-18T03:00,24.5,93,4885.9
2025-06-18T04:00,24.0,94,4678.9
2025-06-18T05:00,24.0,94,4495.3
2025-06-18T06:00,25.8,90,4410.61
2025-06-18T07:00,26.3,90,4446.06
2025-06-18T08:00,27.4,85,4599.75
2025-06-18T09:00,28.8,80,5031.59
2025-06-18T10:00,30.3,74,5589.51
2025-06-18T11:00,31.3,71,5802.76
2025-06-18T12:00,32.0,67,5879.82
2025-06-18T13:00,32.8,64,5839.72
2025-06-18T14:00,33.1,62,6265.9
2025-06-18T15:00,33.2,59,6416.99
2025-06-18T16:00,33.2,57,6350.72
2025-06-18T17:00,33.1,56,6193.52
2025-06-18T18:00,31.4,71,5874.97
2025-06-18T19:00,30.2,76,5849.89
2025-06-18T20:00,29.5,77,5959.61
2025-06-18T21:00,29.1,80,6155.87
2025-06-18T22:00,28.9,82,6394.39
2025-06-18T23:00,28.6,83,6447.81
2025-06-19T00:00,28.3,85,6155.71
2025-06-19T01:00,28.0,86,5787.53
2025-06-19T02:00,27.7,88,5452.41
2025-06-19T03:00,27.5,88,5199.83
2025-06-19T04:00,27.4,88,4971.24
2025-06-19T05:00,27.2,86,4733.73
2025-06-19T06:00,27.0,88,4613.43
2025-06-19T07:00,28.0,84,4652.84
2025-06-19T08:00,29.3,78,4788.46
2025-06-19T09:00,30.5,74,5255.02
2025-06-19T10:00,31.1,73,5789.67
2025-06-19T11:00,31.5,70,6037.26
2025-06-19T12:00,32.0,68,6195.22
2025-06-19T13:00,32.3,64,6240.75
2025-06-19T14:00,32.7,61,6604.08
2025-06-19T15:00,32.7,61,6742.77
2025-06-19T16:00,32.5,62,6596.91
2025-06-19T17:00,31.9,65,6410.92
2025-06-19T18:00,31.3,69,6062.19
2025-06-19T19:00,30.0,76,5943.2
2025-06-19T20:00,29.6,80,6027.63
2025-06-19T21:00,29.0,82,6310.66
2025-06-19T22:00,28.6,85,6724.41
2025-06-19T23:00,28.1,87,6873.58
2025-06-20T00:00,27.7,88,6535.49
2025-06-20T01:00,27.4,89,6074.27
2025-06-20T02:00,27.2,90,5651.1
2025-06-20T03:00,26.4,92,5328.81
2025-06-20T04:00,25.5,93,5055.67
2025-06-20T05:00,25.5,94,4829.61
2025-06-20T06:00,27.2,93,4706.45
2025-06-20T07:00,28.0,89,4720.84
2025-06-20T08:00,29.0,83,4822.21
2025-06-20T09:00,29.8,79,5322.17
2025-06-20T10:00,30.2,77,5836.62
2025-06-20T11:00,31.2,75,6008.64
2025-06-20T12:00,31.7,72,6196.11
2025-06-20T13:00,30.1,76,6177.92
2025-06-20T14:00,30.4,74,6400.13
2025-06-20T15:00,30.9,72,6627.09
2025-06-20T16:00,30.8,73,6501.93
2025-06-20T17:00,30.7,73,6272.94
2025-06-20T18:00,30.0,80,5944.31
2025-06-20T19:00,29.0,84,5624.2
2025-06-20T20:00,28.4,87,5866.98
2025-06-20T21:00,28.1,89,6166.27
2025-06-20T22:00,27.7,91,6515.6
2025-06-20T23:00,27.5,92,6645.25
2025-06-21T00:00,27.2,93,6339.27
2025-06-21T01:00,27.0,94,5956.99
2025-06-21T02:00,26.8,94,5620.14
2025-06-21T03:00,26.5,94,5346.31
2025-06-21T04:00,26.3,95,5119.34
2025-06-21T05:00,26.2,95,4844.78
2025-06-21T06:00,26.8,95,4701.68
2025-06-21T07:00,27.8,92,4714.44
2025-06-21T08:00,29.3,84,4758.43
2025-06-21T09:00,30.8,73,5079.43
2025-06-21T10:00,32.1,65,5619.26
2025-06-21T11:00,33.1,62,5956.49
2025-06-21T12:00,33.8,59,6204.29
2025-06-21T13:00,34.3,56,6289.85
2025-06-21T14:00,34.6,57,6676.36
2025-06-21T15:00,34.7,57,6796.71
2025-06-21T16:00,34.7,58,6512.0
2025-06-21T17:00,34.3,59,6112.88
2025-06-21T18:00,31.9,71,5887.15
2025-06-21T19:00,31.4,74,5913.66
2025-06-21T20:00,30.8,79,6186.06
2025-06-21T21:00,30.3,81,6444.66
2025-06-21T22:00,30.0,83,6826.65
2025-06-21T23:00,29.6,84,6919.41
2025-06-22T00:00,29.2,85,6610.43
2025-06-22T01:00,28.9,86,6286.45
2025-06-22T02:00,28.5,87,5931.77
2025-06-22T03:00,28.4,86,5636.83
2025-06-22T04:00,28.2,86,5343.71
2025-06-22T05:00,28.0,87,5092.12
2025-06-22T06:00,29.5,83,4897.12
2025-06-22T07:00,30.3,81,4788.02
2025-06-22T08:00,31.5,74,4738.87
2025-06-22T09:00,32.5,66,4950.25
2025-06-22T10:00,33.6,62,5323.32
2025-06-22T11:00,34.0,60,5610.54
2025-06-22T12:00,33.6,60,5830.75
2025-06-22T13:00,31.9,68,5891.63
2025-06-22T14:00,32.7,66,6252.52
2025-06-22T15:00,33.8,62,6420.14
2025-06-22T16:00,33.9,61,6198.65
2025-06-22T17:00,33.5,63,5907.08
2025-06-22T18:00,32.1,68,5600.57
2025-06-22T19:00,30.9,74,5676.6
2025-06-22T20:00,30.3,78,5987.63
2025-06-22T21:00,29.8,80,6266.92
2025-06-22T22:00,29.4,82,6652.83
2025-06-22T23:00,29.1,83,6799.96
2025-06-23T00:00,28.9,84,6545.23
2025-06-23T01:00,28.6,86,6177.41
2025-06-23T02:00,28.3,87,5848.47
2025-06-23T03:00,28.1,89,5537.02
2025-06-23T04:00,27.8,91,5286.13
2025-06-23T05:00,27.9,90,5052.75
2025-06-23T06:00,29.4,88,4923.44
2025-06-23T07:00,30.0,83,4945.13
2025-06-23T08:00,30.9,77,5132.69
2025-06-23T09:00,32.2,71,5656.0
2025-06-23T10:00,33.6,62,6220.43
2025-06-23T11:00,34.4,59,6519.93
2025-06-23T12:00,35.1,56,6762.79
2025-06-23T13:00,35.7,53,6823.53
2025-06-23T14:00,35.6,53,7269.69
2025-06-23T15:00,35.7,53,7435.19
2025-06-23T16:00,35.5,53,7204.61
2025-06-23T17:00,34.8,56,6781.49
2025-06-23T18:00,32.1,70,6269.16
2025-06-23T19:00,31.3,76,5962.3
2025-06-23T20:00,30.9,79,5976.56
2025-06-23T21:00,30.4,80,6235.23
2025-06-23T22:00,29.7,83,6705.92
2025-06-23T23:00,29.2,84,6879.28
2025-06-24T00:00,28.7,86,6590.94
2025-06-24T01:00,28.4,88,6219.54
2025-06-24T02:00,28.1,89,5890.4
2025-06-24T03:00,27.8,91,5602.5
2025-06-24T04:00,27.5,92,5321.78
2025-06-24T05:00,27.3,93,5100.74
2025-06-24T06:00,27.9,88,4959.61
2025-06-24T07:00,28.5,84,4952.49
2025-06-24T08:00,30.1,78,5097.24
2025-06-24T09:00,31.6,72,5565.06
2025-06-24T10:00,32.5,68,6086.57
2025-06-24T11:00,33.4,65,6402.04
2025-06-24T12:00,34.9,59,6619.01
2025-06-24T13:00,35.6,56,6686.74
2025-06-24T14:00,36.0,53,6968.39
2025-06-24T15:00,36.1,52,6952.43
2025-06-24T16:00,36.0,52,6684.06
2025-06-24T17:00,35.6,52,6512.24
2025-06-24T18:00,31.1,81,6175.03
2025-06-24T19:00,30.9,83,6137.15
2025-06-24T20:00,30.8,84,6306.97
2025-06-24T21:00,30.6,84,6561.22
2025-06-24T22:00,30.5,81,6939.16
2025-06-24T23:00,30.2,80,7058.7
2025-06-25T00:00,29.9,81,6726.73
2025-06-25T01:00,29.6,82,6337.18
2025-06-25T02:00,28.9,82,6015.97
2025-06-25T03:00,26.9,93,5732.85
2025-06-25T04:00,26.5,96,5492.6
2025-06-25T05:00,26.6,97,5286.08
2025-06-25T06:00,27.3,94,5162.3
2025-06-25T07:00,27.9,93,5154.73
2025-06-25T08:00,28.8,88,5282.34
2025-06-25T09:00,28.8,86,5709.76
2025-06-25T10:00,28.6,87,6211.4
2025-06-25T11:00,28.3,87,6469.72
2025-06-25T12:00,28.7,85,6604.76
2025-06-25T13:00,30.0,78,6544.68
2025-06-25T14:00,31.5,70,6925.8
2025-06-25T15:00,32.0,67,7017.9
2025-06-25T16:00,32.1,68,6808.38
2025-06-25T17:00,31.9,69,6599.95
2025-06-25T18:00,30.9,78,6295.18
2025-06-25T19:00,29.9,83,6248.24
2025-06-25T20:00,29.2,86,6376.14
2025-06-25T21:00,28.7,88,6548.33
2025-06-25T22:00,28.4,89,6862.12
2025-06-25T23:00,28.3,89,6985.44
2025-06-26T00:00,28.1,90,6628.39
2025-06-26T01:00,28.0,91,6243.32
2025-06-26T02:00,26.5,93,5913.49
2025-06-26T03:00,26.0,95,5618.1
2025-06-26T04:00,26.3,95,5369.71
2025-06-26T05:00,26.3,95,5150.44
2025-06-26T06:00,28.3,87,5002.68
2025-06-26T07:00,29.0,85,4996.47
2025-06-26T08:00,30.2,81,5088.99
2025-06-26T09:00,31.4,73,5597.33
2025-06-26T10:00,32.5,68,6210.06
2025-06-26T11:00,33.3,64,6567.05
2025-06-26T12:00,33.8,61,6826.54
2025-06-26T13:00,34.3,60,6906.11
2025-06-26T14:00,34.4,58,7256.35
2025-06-26T15:00,34.5,58,7378.71
2025-06-26T16:00,34.0,59,7204.08
2025-06-26T17:00,33.4,63,6916.46
2025-06-26T18:00,32.6,68,6483.19
2025-06-26T19:00,31.3,75,6375.08
2025-06-26T20:00,30.7,78,6541.57
2025-06-26T21:00,30.4,79,6816.45
2025-06-26T22:00,30.0,78,7267.06
2025-06-26T23:00,29.6,79,7381.03
2025-06-27T00:00,29.2,81,7041.07
2025-06-27T01:00,28.8,83,6634.7
2025-06-27T02:00,28.4,84,6255.27
2025-06-27T03:00,28.1,86,5926.68
2025-06-27T04:00,27.8,87,5653.04
2025-06-27T05:00,27.7,87,5380.84
2025-06-27T06:00,29.0,84,5195.48
2025-06-27T07:00,29.8,80,5199.61
2025-06-27T08:00,30.5,77,5319.55
2025-06-27T09:00,30.9,75,5843.14
2025-06-27T10:00,31.0,74,6354.4
2025-06-27T11:00,32.1,70,6671.69
2025-06-27T12:00,32.7,68,6958.73
2025-06-27T13:00,33.4,64,6982.01
2025-06-27T14:00,33.7,62,7383.22
2025-06-27T15:00,33.6,62,7551.41
2025-06-27T16:00,33.5,63,7391.51
2025-06-27T17:00,33.2,64,7000.46
2025-06-27T18:00,32.9,64,6600.6
2025-06-27T19:00,31.5,72,6453.7
2025-06-27T20:00,30.7,75,6621.23
2025-06-27T21:00,30.1,79,6954.11
2025-06-27T22:00,29.6,81,7403.05
2025-06-27T23:00,29.3,83,7559.72
2025-06-28T00:00,29.3,84,7264.44
2025-06-28T01:00,26.9,89,6870.14
2025-06-28T02:00,26.4,92,6452.73
2025-06-28T03:00,26.0,94,6139.91
2025-06-28T04:00,25.7,95,5843.96
2025-06-28T05:00,25.6,96,5564.56
2025-06-28T06:00,27.7,84,5360.77
2025-06-28T07:00,29.2,78,5262.84
2025-06-28T08:00,30.7,73,5229.27
2025-06-28T09:00,31.9,68,5552.84
2025-06-28T10:00,33.0,62,6121.09
2025-06-28T11:00,34.0,57,6463.38
2025-06-28T12:00,34.7,55,6774.14
2025-06-28T13:00,35.3,54,6835.68
2025-06-28T14:00,35.8,53,7030.87
2025-06-28T15:00,35.4,53,6657.92
2025-06-28T16:00,35.1,54,6071.9
2025-06-28T17:00,35.0,54,5873.47
2025-06-28T18:00,31.2,75,5643.92
2025-06-28T19:00,30.8,80,5714.23
2025-06-28T20:00,30.6,80,5886.33
2025-06-28T21:00,30.4,81,6077.29
2025-06-28T22:00,30.1,82,6412.95
2025-06-28T23:00,29.4,84,6555.37
2025-06-29T00:00,27.1,93,6323.93
2025-06-29T01:00,26.4,96,5981.35
2025-06-29T02:00,26.6,96,5646.7
2025-06-29T03:00,26.4,97,5381.86
2025-06-29T04:00,26.3,98,5174.92
2025-06-29T05:00,26.1,97,4934.79
2025-06-29T06:00,28.8,83,4767.85
2025-06-29T07:00,29.4,75,4668.48
2025-06-29T08:00,30.1,71,4613.06
2025-06-29T09:00,30.8,68,4813.37
2025-06-29T10:00,31.5,65,5212.43
2025-06-29T11:00,32.3,62,5251.03
2025-06-29T12:00,33.4,60,5439.18
2025-06-29T13:00,33.1,62,5417.2
2025-06-29T14:00,31.3,72,5568.38
2025-06-29T15:00,31.5,71,5550.07
2025-06-29T16:00,31.1,73,5306.01
2025-06-29T17:00,31.0,74,5091.85
2025-06-29T18:00,30.5,74,5046.79
2025-06-29T19:00,29.8,78,5128.9
2025-06-29T20:00,29.3,81,5203.69
2025-06-29T21:00,29.0,81,5383.68
2025-06-29T22:00,28.9,83,5685.5
2025-06-29T23:00,28.6,83,5816.49
2025-06-30T00:00,28.4,84,5574.31
2025-06-30T01:00,27.8,89,5284.05
2025-06-30T02:00,25.9,94,5013.76
2025-06-30T03:00,25.5,96,4766.56
2025-06-30T04:00,25.4,95,4569.68
2025-06-30T05:00,25.4,94,4425.47
2025-06-30T06:00,26.3,92,4355.64
2025-06-30T07:00,26.0,93,4399.56
2025-06-30T08:00,26.5,87,4488.85
2025-06-30T09:00,28.4,80,4901.97
2025-06-30T10:00,30.0,75,5310.31
2025-06-30T11:00,30.8,73,5514.9
2025-06-30T12:00,31.5,72,5627.71
2025-06-30T13:00,31.7,72,5571.81
2025-06-30T14:00,31.1,75,5791.19
2025-06-30T15:00,28.8,86,5803.68
2025-06-30T16:00,27.2,91,5698.31
2025-06-30T17:00,27.4,89,5619.46
2025-06-30T18:00,28.7,85,5500.06
2025-06-30T19:00,28.4,87,5437.4
2025-06-30T20:00,27.7,90,5347.03
2025-06-30T21:00,26.0,95,5471.43
2025-06-30T22:00,26.1,97,5735.55
2025-06-30T23:00,26.1,99,5815.19
2025-07-01T00:00,26.2,99,5523.97
2025-07-01T01:00,26.0,99,5203.56
2025-07-01T02:00,26.0,99,4887.41
2025-07-01T03:00,25.7,98,4642.75
2025-07-01T04:00,25.2,98,4471.8
2025-07-01T05:00,25.0,97,4363.73
2025-07-01T06:00,26.0,97,4367.5
2025-07-01T07:00,26.2,98,4409.09
2025-07-01T08:00,26.6,99,4531.95
2025-07-01T09:00,26.7,97,4913.5
2025-07-01T10:00,27.8,89,5345.46
2025-07-01T11:00,30.2,75,5625.86
2025-07-01T12:00,31.7,67,5783.31
2025-07-01T13:00,32.4,64,5723.08
2025-07-01T14:00,32.8,61,6049.37
2025-07-01T15:00,33.2,59,6234.22
2025-07-01T16:00,33.2,59,6120.56
2025-07-01T17:00,32.4,64,5940.9
2025-07-01T18:00,30.6,76,5744.0
2025-07-01T19:00,29.7,81,5697.26
2025-07-01T20:00,29.5,84,5769.32
2025-07-01T21:00,29.2,84,5978.89
2025-07-01T22:00,28.7,85,6346.45
2025-07-01T23:00,28.4,87,6402.82
2025-07-02T00:00,28.1,88,6055.72
2025-07-02T01:00,27.8,89,5628.08
2025-07-02T02:00,27.5,90,5307.04
2025-07-02T03:00,27.2,92,5056.38
2025-07-02T04:00,27.0,93,4835.66
2025-07-02T05:00,26.9,93,4696.49
2025-07-02T06:00,27.2,94,4693.26
2025-07-02T07:00,28.1,91,4759.81
2025-07-02T08:00,29.5,83,4897.7
2025-07-02T09:00,30.9,74,5386.95
2025-07-02T10:00,31.7,71,5922.42
2025-07-02T11:00,32.4,70,6126.44
2025-07-02T12:00,32.5,69,6255.46
2025-07-02T13:00,32.2,70,6371.88
2025-07-02T14:00,32.8,68,6756.63
2025-07-02T15:00,33.2,66,6939.16
2025-07-02T16:00,32.7,68,6840.94
2025-07-02T17:00,31.9,70,6520.8
2025-07-02T18:00,31.4,73,6209.86
2025-07-02T19:00,30.2,80,6156.87
2025-07-02T20:00,29.7,84,6314.75
2025-07-02T21:00,29.4,86,6641.35
2025-07-02T22:00,29.0,87,6995.16
2025-07-02T23:00,28.6,89,7078.78
2025-07-03T00:00,28.2,89,6679.76
2025-07-03T01:00,27.8,89,6160.34
2025-07-03T02:00,27.4,90,5812.84
2025-07-03T03:00,27.1,92,5531.64
2025-07-03T04:00,26.9,92,5272.98
2025-07-03T05:00,26.6,93,5025.28
2025-07-03T06:00,27.0,95,4957.32
2025-07-03T07:00,27.7,90,4962.67
2025-07-03T08:00,29.0,83,5081.02
2025-07-03T09:00,30.5,73,5545.83
2025-07-03T10:00,31.6,68,6111.9
2025-07-03T11:00,32.3,65,6355.26
2025-07-03T12:00,32.7,65,6522.33
2025-07-03T13:00,33.1,64,6607.22
2025-07-03T14:00,33.5,62,7090.28
2025-07-03T15:00,33.4,61,7330.99
2025-07-03T16:00,33.3,62,7094.45
2025-07-03T17:00,33.0,64,6815.04
2025-07-03T18:00,31.7,73,6465.2
2025-07-03T19:00,30.8,79,6385.32
2025-07-03T20:00,30.2,80,6537.65
2025-07-03T21:00,29.8,82,6823.02
2025-07-03T22:00,29.4,83,7232.55
2025-07-03T23:00,29.0,84,7320.97
2025-07-04T00:00,28.5,85,6931.43
2025-07-04T01:00,27.9,88,6484.42
2025-07-04T02:00,27.5,89,6095.52
2025-07-04T03:00,27.2,90,5795.04
2025-07-04T04:00,26.9,92,5524.02
2025-07-04T05:00,26.7,93,5264.77
2025-07-04T06:00,27.8,92,5147.11
2025-07-04T07:00,28.7,87,5130.31
2025-07-04T08:00,29.8,81,5265.07
2025-07-04T09:00,31.1,75,5827.56
2025-07-04T10:00,32.2,68,6418.65
2025-07-04T11:00,33.0,64,6686.18
2025-07-04T12:00,33.6,61,6816.62
2025-07-04T13:00,34.1,60,6711.19
2025-07-04T14:00,34.2,61,6957.86
2025-07-04T15:00,34.1,61,6989.47
2025-07-04T16:00,34.0,61,6784.92
2025-07-04T17:00,33.8,62,6619.21
2025-07-04T18:00,30.1,80,6363.81
2025-07-04T19:00,29.6,82,6290.71
2025-07-04T20:00,29.4,84,6414.52
2025-07-04T21:00,29.2,85,6636.24
2025-07-04T22:00,29.0,87,6947.61
2025-07-04T23:00,28.7,88,6987.41
2025-07-05T00:00,28.4,89,6649.43
2025-07-05T01:00,27.7,90,6265.2
2025-07-05T02:00,27.0,94,5913.67
2025-07-05T03:00,26.5,97,5601.13
2025-07-05T04:00,26.6,95,5341.79
2025-07-05T05:00,26.5,96,5141.86
2025-07-05T06:00,28.7,88,5030.89
2025-07-05T07:00,29.6,83,5000.06
2025-07-05T08:00,30.3,79,5003.01
2025-07-05T09:00,31.9,71,5334.19
2025-07-05T10:00,32.9,67,5876.79
2025-07-05T11:00,33.9,64,6229.85
2025-07-05T12:00,34.5,61,6410.53
2025-07-05T13:00,34.5,60,6472.69
2025-07-05T14:00,35.0,58,6862.01
2025-07-05T15:00,35.2,57,7009.77
2025-07-05T16:00,34.7,58,6771.54
2025-07-05T17:00,34.2,62,6496.85
2025-07-05T18:00,33.3,65,6258.78
2025-07-05T19:00,31.3,74,6321.35
2025-07-05T20:00,30.5,79,6552.47
2025-07-05T21:00,29.9,82,6798.38
2025-07-05T22:00,29.3,84,7058.91
2025-07-05T23:00,29.0,84,7099.41
2025-07-06T00:00,28.6,87,6811.72
2025-07-06T01:00,28.3,88,6427.64
2025-07-06T02:00,27.6,91,6095.23
2025-07-06T03:00,27.3,91,5780.39
2025-07-06T04:00,27.1,93,5518.48
2025-07-06T05:00,27.0,93,5248.72
2025-07-06T06:00,27.6,88,5050.09
2025-07-06T07:00,28.6,83,4925.51
2025-07-06T08:00,29.9,77,4804.76
2025-07-06T09:00,31.0,73,4930.58
2025-07-06T10:00,32.3,67,5275.67
2025-07-06T11:00,33.8,60,5621.36
2025-07-06T12:00,34.5,57,5884.4
2025-07-06T13:00,35.4,54,6025.1
2025-07-06T14:00,35.7,53,6204.89
2025-07-06T15:00,35.3,54,6150.03
2025-07-06T16:00,35.0,55,5996.96
2025-07-06T17:00,34.6,58,5854.57
2025-07-06T18:00,33.2,65,5782.48
2025-07-06T19:00,32.3,71,5890.22
2025-07-06T20:00,31.5,77,6276.8
2025-07-06T21:00,31.1,80,6604.12
2025-07-06T22:00,29.8,81,7010.53
2025-07-06T23:00,26.7,92,7117.82
2025-07-07T00:00,26.5,93,6594.22
2025-07-07T01:00,26.6,93,5878.39
2025-07-07T02:00,26.5,93,5506.04
2025-07-07T03:00,26.4,93,5199.12
2025-07-07T04:00,26.3,96,4952.48
2025-07-07T05:00,26.2,97,4753.64
2025-07-07T06:00,25.9,96,4633.3
2025-07-07T07:00,26.2,97,4499.24
2025-07-07T08:00,26.4,97,4523.61
2025-07-07T09:00,27.3,92,4970.6
2025-07-07T10:00,28.0,87,5514.15
2025-07-07T11:00,29.4,81,5679.08
2025-07-07T12:00,31.3,73,5750.56
2025-07-07T13:00,32.5,67,5783.39
2025-07-07T14:00,33.0,66,6207.24
2025-07-07T15:00,33.2,65,6397.53
2025-07-07T16:00,33.2,64,6316.11
2025-07-07T17:00,33.0,66,6158.96
2025-07-07T18:00,31.0,75,5872.38
2025-07-07T19:00,30.0,79,5747.96
2025-07-07T20:00,29.6,81,5862.55
2025-07-07T21:00,29.3,82,6080.17
2025-07-07T22:00,29.1,83,6471.61
2025-07-07T23:00,28.7,84,6551.92
2025-07-08T00:00,28.4,87,6205.86
2025-07-08T01:00,28.1,88,5799.31
2025-07-08T02:00,27.7,90,5482.69
2025-07-08T03:00,27.4,91,5217.93
2025-07-08T04:00,27.2,92,5012.31
2025-07-08T05:00,27.1,92,4839.86
2025-07-08T06:00,29.0,87,4843.22
2025-07-08T07:00,29.8,82,4887.44
2025-07-08T08:00,30.3,78,4966.17
2025-07-08T09:00,31.1,75,5463.73
2025-07-08T10:00,32.1,71,6043.1
2025-07-08T11:00,33.1,66,6282.82
2025-07-08T12:00,33.7,63,6444.17
2025-07-08T13:00,33.9,61,6568.26
2025-07-08T14:00,34.0,61,7018.02
2025-07-08T15:00,34.0,61,7296.4
2025-07-08T16:00,34.0,61,7158.4
2025-07-08T17:00,33.7,62,6921.79
2025-07-08T18:00,33.0,67,6561.34
2025-07-08T19:00,31.6,75,6444.34
2025-07-08T20:00,31.1,78,6689.58
2025-07-08T21:00,30.9,76,7009.23
2025-07-08T22:00,30.4,79,7418.87
2025-07-08T23:00,29.9,82,7378.32
2025-07-09T00:00,29.4,85,6636.11
2025-07-09T01:00,29.0,85,6085.64
2025-07-09T02:00,28.4,83,5695.22
2025-07-09T03:00,27.7,86,5381.27
2025-07-09T04:00,27.4,86,5129.37
2025-07-09T05:00,27.0,89,4923.93
2025-07-09T06:00,27.6,84,4872.71
2025-07-09T07:00,28.2,83,4863.65
2025-07-09T08:00,29.3,80,4925.46
2025-07-09T09:00,30.6,75,5295.81
2025-07-09T10:00,31.7,70,5781.76
2025-07-09T11:00,28.7,82,6052.1
2025-07-09T12:00,28.0,84,6258.11
2025-07-09T13:00,29.3,81,6353.69
2025-07-09T14:00,30.3,78,6865.28
2025-07-09T15:00,30.9,76,7125.27
2025-07-09T16:00,30.9,77,6800.11
2025-07-09T17:00,30.7,79,6388.36
2025-07-09T18:00,31.1,72,6048.15
2025-07-09T19:00,30.0,80,5540.49
2025-07-09T20:00,29.2,86,5126.07
2025-07-09T21:00,29.2,85,5126.02
2025-07-09T22:00,28.4,85,5480.16
2025-07-09T23:00,27.6,89,5684.22
2025-07-10T00:00,27.1,91,5542.95
2025-07-10T01:00,26.7,94,5287.11
2025-07-10T02:00,26.6,95,5057.91
2025-07-10T03:00,26.6,95,4802.79
2025-07-10T04:00,26.2,95,4609.91
2025-07-10T05:00,25.6,95,4472.85
2025-07-10T06:00,26.2,93,4507.31
2025-07-10T07:00,26.5,86,4496.86
2025-07-10T08:00,26.9,82,4567.42
2025-07-10T09:00,27.6,78,4995.12
2025-07-10T10:00,28.0,76,5370.5
2025-07-10T11:00,28.1,76,5462.12
2025-07-10T12:00,29.0,74,5565.08
2025-07-10T13:00,29.1,74,5358.58
2025-07-10T14:00,28.6,78,5656.11
2025-07-10T15:00,29.0,77,5821.93
2025-07-10T16:00,29.6,76,5776.22
2025-07-10T17:00,29.5,77,5675.19
2025-07-10T18:00,28.1,82,5505.72
2025-07-10T19:00,27.5,88,5432.03
2025-07-10T20:00,27.2,90,5479.11
2025-07-10T21:00,26.9,92,5542.32
2025-07-10T22:00,26.6,92,5787.6
2025-07-10T23:00,26.4,93,5811.91
2025-07-11T00:00,25.9,95,5500.21
2025-07-11T01:00,25.8,96,5177.25
2025-07-11T02:00,25.7,96,4902.95
2025-07-11T03:00,25.7,96,4667.67
2025-07-11T04:00,25.6,97,4483.07
2025-07-11T05:00,25.7,97,4378.51
2025-07-11T06:00,27.0,90,4466.24
2025-07-11T07:00,26.9,90,4538.3
2025-07-11T08:00,27.2,89,4687.96
2025-07-11T09:00,27.9,87,5163.28
2025-07-11T10:00,28.7,80,5654.28
2025-07-11T11:00,29.6,73,5757.84
2025-07-11T12:00,30.3,70,5696.52
2025-07-11T13:00,30.8,68,5586.54
2025-07-11T14:00,31.0,67,5933.17
2025-07-11T15:00,31.6,66,6145.45
2025-07-11T16:00,31.6,66,6076.27
2025-07-11T17:00,31.3,66,5956.95
2025-07-11T18:00,30.1,75,5747.33
2025-07-11T19:00,28.9,83,5734.56
2025-07-11T20:00,28.7,83,5740.03
2025-07-11T21:00,28.7,82,5811.73
2025-07-11T22:00,28.4,84,6056.28
2025-07-11T23:00,28.1,84,6096.87
2025-07-12T00:00,27.7,86,5778.23
2025-07-12T01:00,27.4,88,5404.81
2025-07-12T02:00,27.1,89,5099.05
2025-07-12T03:00,27.0,90,4828.68
2025-07-12T04:00,26.8,91,4646.66
2025-07-12T05:00,26.5,91,4476.75
2025-07-12T06:00,27.1,88,4403.46
2025-07-12T07:00,27.9,85,4404.76
2025-07-12T08:00,29.2,79,4438.6
2025-07-12T09:00,29.9,76,4810.95
2025-07-12T10:00,31.2,69,5351.16
2025-07-12T11:00,32.0,66,5669.11
2025-07-12T12:00,32.8,63,5882.69
2025-07-12T13:00,33.2,64,5878.41
2025-07-12T14:00,33.3,63,6168.96
2025-07-12T15:00,33.5,64,6088.45
2025-07-12T16:00,33.4,63,5698.16
2025-07-12T17:00,29.4,81,5450.27
2025-07-12T18:00,30.5,72,5361.17
2025-07-12T19:00,28.3,83,5352.12
2025-07-12T20:00,27.7,87,5346.14
2025-07-12T21:00,27.5,89,5444.7
2025-07-12T22:00,27.3,90,5712.26
2025-07-12T23:00,27.2,91,5826.61
2025-07-13T00:00,27.0,92,5570.64
2025-07-13T01:00,26.8,93,5236.91
2025-07-13T02:00,26.7,92,4974.43
2025-07-13T03:00,26.5,93,4742.08
2025-07-13T04:00,26.3,94,4537.81
2025-07-13T05:00,26.3,95,4387.07
2025-07-13T06:00,28.0,93,4250.48
2025-07-13T07:00,28.6,91,4205.31
2025-07-13T08:00,29.1,84,4229.46
2025-07-13T09:00,28.4,79,4421.89
2025-07-13T10:00,29.9,76,4798.26
2025-07-13T11:00,31.0,75,4993.22
2025-07-13T12:00,31.7,72,5178.68
2025-07-13T13:00,32.4,69,5261.41
2025-07-13T14:00,32.5,69,5472.99
2025-07-13T15:00,28.7,84,5558.34
2025-07-13T16:00,27.9,85,5475.05
2025-07-13T17:00,27.6,87,5374.16
2025-07-13T18:00,26.3,95,5266.27
2025-07-13T19:00,26.5,97,4999.12
2025-07-13T20:00,26.8,96,4971.71
2025-07-13T21:00,27.2,93,5183.9
2025-07-13T22:00,27.6,90,5518.67
2025-07-13T23:00,27.8,89,5687.35
2025-07-14T00:00,27.9,88,5449.49
2025-07-14T01:00,27.7,89,5150.24
2025-07-14T02:00,27.4,90,4879.67
2025-07-14T03:00,27.3,90,4606.98
2025-07-14T04:00,27.1,91,4404.63
2025-07-14T05:00,27.0,91,4290.38
2025-07-14T06:00,25.8,96,4348.63
2025-07-14T07:00,26.5,93,4412.13
2025-07-14T08:00,27.2,89,4488.47
2025-07-14T09:00,28.7,80,4938.27
2025-07-14T10:00,29.7,75,5358.21
2025-07-14T11:00,30.1,73,5525.5
2025-07-14T12:00,30.4,73,5595.71
2025-07-14T13:00,30.5,74,5554.28
2025-07-14T14:00,30.3,73,5911.49
2025-07-14T15:00,30.4,74,6122.06
2025-07-14T16:00,30.5,76,5995.59
2025-07-14T17:00,27.2,90,5817.21
2025-07-14T18:00,27.3,88,5473.29
2025-07-14T19:00,27.5,91,5256.43
2025-07-14T20:00,26.9,93,5200.66
2025-07-14T21:00,26.4,93,5291.16
2025-07-14T22:00,26.8,91,5566.17
2025-07-14T23:00,26.5,90,5562.32
2025-07-15T00:00,25.8,92,5228.54
2025-07-15T01:00,26.0,92,4891.14
2025-07-15T02:00,26.0,92,4648.41
2025-07-15T03:00,25.9,91,4427.0
2025-07-15T04:00,25.6,94,4255.0
2025-07-15T05:00,25.6,94,4199.46
2025-07-15T06:00,26.2,92,4280.26
2025-07-15T07:00,26.6,91,4308.76
2025-07-15T08:00,27.3,87,4445.72
2025-07-15T09:00,27.6,85,4889.44
2025-07-15T10:00,28.4,81,5359.9
2025-07-15T11:00,29.8,74,5549.53
2025-07-15T12:00,30.6,70,5707.78
2025-07-15T13:00,31.4,66,5690.44
2025-07-15T14:00,32.1,63,6055.74
2025-07-15T15:00,32.2,63,6196.22
2025-07-15T16:00,30.6,71,5964.13
2025-07-15T17:00,30.2,77,5788.15
2025-07-15T18:00,29.2,81,5575.66
2025-07-15T19:00,28.0,86,5525.26
2025-07-15T20:00,27.3,91,5611.62
2025-07-15T21:00,27.3,92,5715.2
2025-07-15T22:00,27.1,93,5989.04
2025-07-15T23:00,26.8,93,6002.64
2025-07-16T00:00,26.3,96,5650.26
2025-07-16T01:00,26.1,97,5272.5
2025-07-16T02:00,26.0,96,4990.44
2025-07-16T03:00,25.8,96,4744.71
2025-07-16T04:00,25.3,97,4524.93
2025-07-16T05:00,25.3,97,4424.31
2025-07-16T06:00,26.9,94,4512.53
2025-07-16T07:00,27.4,91,4592.48
2025-07-16T08:00,28.7,85,4750.11
2025-07-16T09:00,30.2,77,5221.9
2025-07-16T10:00,31.4,70,5711.82
2025-07-16T11:00,32.0,67,5976.07
2025-07-16T12:00,32.3,65,6124.07
2025-07-16T13:00,32.1,67,5838.35
2025-07-16T14:00,31.2,66,6022.96
2025-07-16T15:00,31.0,70,6316.28
2025-07-16T16:00,30.2,75,6269.01
2025-07-16T17:00,29.7,78,6054.77
2025-07-16T18:00,29.8,79,5814.17
2025-07-16T19:00,29.2,86,5769.78
2025-07-16T20:00,28.8,86,5797.9
2025-07-16T21:00,28.4,87,5892.1
2025-07-16T22:00,28.1,88,6166.58
2025-07-16T23:00,27.9,89,6157.46
2025-07-17T00:00,27.7,90,5792.73
2025-07-17T01:00,27.5,92,5398.82
2025-07-17T02:00,27.3,92,5120.73
2025-07-17T03:00,27.1,93,4883.37
2025-07-17T04:00,27.0,93,4639.85
2025-07-17T05:00,26.8,92,4441.18
2025-07-17T06:00,26.8,85,4453.21
2025-07-17T07:00,27.2,85,4484.95
2025-07-17T08:00,28.0,81,4585.39
2025-07-17T09:00,28.6,77,4998.08
2025-07-17T10:00,29.4,73,5454.93
2025-07-17T11:00,30.3,69,5646.36
2025-07-17T12:00,30.3,68,5756.78
2025-07-17T13:00,29.6,73,5704.95
2025-07-17T14:00,29.9,73,6083.26
2025-07-17T15:00,30.7,69,6258.73
2025-07-17T16:00,31.1,67,6167.55
2025-07-17T17:00,30.8,69,6045.42
2025-07-17T18:00,29.7,80,5850.6
2025-07-17T19:00,28.9,85,5822.48
2025-07-17T20:00,28.2,87,5936.14
2025-07-17T21:00,27.4,91,5725.28
2025-07-17T22:00,27.0,92,5540.54
2025-07-17T23:00,26.8,93,5709.7
2025-07-18T00:00,26.6,94,5452.57
2025-07-18T01:00,26.5,94,5142.31
2025-07-18T02:00,26.6,92,4859.21
2025-07-18T03:00,26.7,89,4634.44
2025-07-18T04:00,26.5,90,4488.39
2025-07-18T05:00,26.4,91,4388.42
2025-07-18T06:00,27.0,86,4424.65
2025-07-18T07:00,27.7,83,4487.89
2025-07-18T08:00,28.7,78,4630.46
2025-07-18T09:00,29.9,72,5079.95
2025-07-18T10:00,30.8,68,5599.86
2025-07-18T11:00,31.3,68,5815.36
2025-07-18T12:00,31.5,67,5921.34
2025-07-18T13:00,31.6,69,5860.77
2025-07-18T14:00,31.2,66,6096.67
2025-07-18T15:00,29.5,77,6105.46
2025-07-18T16:00,29.7,76,5918.16
2025-07-18T17:00,29.3,78,5810.38
2025-07-18T18:00,28.9,79,5654.71
2025-07-18T19:00,28.4,79,5576.09
2025-07-18T20:00,27.9,81,5549.47
2025-07-19T00:00,26.6,87,5529.46
2025-07-19T01:00,26.3,89,5165.02
2025-07-19T02:00,26.1,90,4867.44
2025-07-19T03:00,26.0,91,4611.19
2025-07-19T04:00,25.9,91,4431.77
2025-07-19T05:00,25.8,91,4307.41
2025-07-19T06:00,26.4,90,4268.95
2025-07-19T07:00,26.9,87,4298.81
2025-07-19T08:00,27.9,82,4323.68
2025-07-19T09:00,29.1,76,4634.88
2025-07-19T10:00,30.2,70,5118.91
2025-07-19T11:00,31.2,64,5340.46
2025-07-19T12:00,32.0,61,5483.32
2025-07-19T13:00,32.2,59,5466.74
2025-07-19T14:00,32.2,60,5747.35
2025-07-19T15:00,32.2,61,5883.42
2025-07-19T16:00,32.2,61,5799.53
2025-07-19T17:00,32.0,62,5695.74
2025-07-19T18:00,31.2,67,5534.31
2025-07-20T00:00,27.6,83,5871.45
2025-07-20T01:00,27.2,85,5515.62
2025-07-20T02:00,26.7,87,5199.91
2025-07-20T03:00,26.4,89,4918.58
2025-07-20T04:00,26.2,88,4681.39
2025-07-20T05:00,26.1,88,4514.92
2025-07-20T06:00,27.4,86,4374.32
2025-07-20T07:00,28.3,84,4313.79
2025-07-20T08:00,29.5,76,4277.33
2025-07-20T09:00,30.5,71,4480.81
2025-07-20T10:00,31.4,67,4876.63
2025-07-20T11:00,32.5,62,5177.12
2025-07-20T12:00,33.4,57,5386.5
2025-07-20T13:00,33.9,55,5419.01
2025-07-20T14:00,34.2,53,5652.69
2025-07-20T15:00,34.2,52,5754.79
2025-07-20T16:00,34.3,51,5630.13
2025-07-20T17:00,33.9,53,5483.08
2025-07-20T18:00,32.1,65,5375.35
2025-07-20T19:00,30.9,74,5493.34
2025-07-20T20:00,30.2,77,5792.73
2025-07-20T21:00,29.5,80,6108.44
2025-07-20T22:00,29.0,81,6428.45
2025-07-21T00:00,28.3,81,6098.52
2025-07-21T01:00,27.9,81,5720.31
2025-07-21T02:00,27.5,82,5374.49
2025-07-21T03:00,27.2,83,5109.56
2025-07-21T04:00,26.8,84,4887.6
2025-07-21T05:00,26.6,86,4731.57
2025-07-21T06:00,28.0,84,4716.05
2025-07-21T07:00,28.4,83,4734.25
2025-07-21T08:00,28.9,79,4854.5
2025-07-21T09:00,30.0,74,5334.41
2025-07-21T10:00,29.9,71,5774.95
2025-07-21T11:00,29.9,73,5920.1
2025-07-21T12:00,30.0,72,6009.77
2025-07-21T13:00,30.7,69,5959.65
2025-07-21T14:00,31.3,66,6298.19
2025-07-21T15:00,31.5,65,6367.31
2025-07-21T16:00,31.4,64,6011.72
2025-07-22T00:00,26.8,91,5677.08
2025-07-22T01:00,26.6,90,5475.19
2025-07-22T02:00,26.3,92,5234.55
2025-07-22T03:00,26.2,91,5082.69
2025-07-22T04:00,26.1,91,4941.24
2025-07-22T05:00,26.0,91,4845.86
2025-07-22T06:00,27.5,88,4899.81
2025-07-22T07:00,27.7,84,4968.11
2025-07-22T08:00,28.7,81,5073.98
2025-07-22T09:00,30.2,73,5372.87
2025-07-22T10:00,31.6,68,5709.71
2025-07-22T11:00,32.9,62,5701.26
2025-07-22T12:00,33.9,55,5689.29
2025-07-22T13:00,34.1,53,5496.36
2025-07-22T14:00,34.6,52,5702.17
2025-07-22T15:00,34.8,50,5876.71
2025-07-22T16:00,34.3,52,5828.75
2025-07-22T17:00,34.0,53,5786.49
2025-07-22T18:00,31.8,64,5695.47
2025-07-22T19:00,31.2,68,5693.81
2025-07-22T20:00,30.2,77,5694.39
2025-07-22T21:00,29.6,81,5704.46
2025-07-22T22:00,29.2,83,5870.77
2025-07-22T23:00,28.8,85,5835.99
2025-07-23T00:00,28.6,82,5506.32
2025-07-23T01:00,28.1,86,5154.06
2025-07-23T02:00,27.8,86,4901.91
2025-07-23T03:00,27.6,85,4670.24
2025-07-23T04:00,27.3,85,4507.17
2025-07-23T05:00,27.0,86,4460.38
2025-07-23T06:00,28.3,84,4546.09
2025-07-23T07:00,29.1,80,4600.64
2025-07-23T08:00,29.8,72,4598.53
2025-07-23T09:00,29.3,75,4906.69
2025-07-23T10:00,30.6,71,5381.57
2025-07-23T11:00,31.7,68,5569.04
2025-07-23T12:00,32.7,65,5638.36
2025-07-23T13:00,33.2,63,5508.32
2025-07-23T14:00,33.1,64,5806.51
2025-07-23T15:00,32.9,64,5914.08
2025-07-23T16:00,33.0,64,5825.82
2025-07-23T17:00,32.6,67,5756.61
2025-07-23T18:00,29.9,80,5648.15
2025-07-23T19:00,29.1,86,5700.78
2025-07-23T20:00,28.7,88,5728.72
2025-07-23T21:00,28.5,89,5800.15
2025-07-23T22:00,28.4,89,5966.38
2025-07-23T23:00,28.2,89,5967.44
2025-07-24T00:00,28.0,88,5569.65
2025-07-24T01:00,27.7,89,5198.81
2025-07-24T02:00,27.3,91,4892.74
2025-07-24T03:00,27.1,92,4555.8
2025-07-24T04:00,26.5,88,4364.76
2025-07-24T05:00,25.4,93,4290.85
2025-07-24T06:00,27.8,82,4409.5
2025-07-24T07:00,28.5,81,4483.76
2025-07-24T08:00,29.5,79,4620.39
2025-07-24T09:00,31.3,71,5108.88
2025-07-24T10:00,32.7,65,5620.38
2025-07-24T11:00,33.8,58,5925.69
2025-07-24T12:00,34.5,54,6139.84
2025-07-24T13:00,35.0,52,6181.18
2025-07-24T14:00,35.4,51,6617.96
2025-07-24T15:00,35.5,50,6883.24
2025-07-24T16:00,35.1,51,6708.37
2025-07-24T17:00,34.4,54,6505.93
2025-07-24T18:00,32.6,64,6254.98
2025-07-24T19:00,31.2,73,6265.03
2025-07-24T20:00,30.6,74,6390.59
2025-07-24T21:00,30.1,75,6619.79
2025-07-24T22:00,29.2,78,6925.81
2025-07-24T23:00,28.7,80,6887.04
2025-07-25T00:00,28.2,81,6490.17
2025-07-25T01:00,27.6,84,6052.53
2025-07-25T02:00,27.3,85,5700.66
2025-07-25T03:00,27.1,86,5392.77
2025-07-25T04:00,26.8,87,5187.29
2025-07-25T05:00,26.6,88,5013.51
2025-07-25T06:00,28.5,84,4990.93
2025-07-25T07:00,29.3,82,5036.49
2025-07-25T08:00,31.0,75,5183.7
2025-07-25T09:00,32.8,64,5658.92
2025-07-25T10:00,34.1,56,6242.65
2025-07-25T11:00,35.0,51,6477.72
2025-07-25T12:00,35.5,48,6703.25
2025-07-25T13:00,35.8,48,6734.56
2025-07-25T14:00,36.3,48,7256.56
2025-07-25T15:00,36.2,47,7481.97
2025-07-25T16:00,35.7,48,7208.65
2025-07-25T17:00,35.2,51,6955.57
2025-07-25T18:00,34.5,54,6625.69
2025-07-25T19:00,33.1,65,6483.02
2025-07-25T20:00,32.4,71,6516.6
2025-07-25T21:00,31.8,76,6777.28
2025-07-25T22:00,31.5,78,7190.75
2025-07-25T23:00,31.0,78,7250.81
2025-07-26T00:00,30.5,75,6802.71
2025-07-26T01:00,28.7,83,6229.13
2025-07-26T02:00,28.1,86,5803.53
2025-07-26T03:00,27.7,88,5517.58
2025-07-26T04:00,27.2,90,5268.68
2025-07-26T05:00,26.9,92,5041.94
2025-07-26T06:00,27.5,89,4889.29
2025-07-26T07:00,27.6,90,4816.4
2025-07-26T08:00,28.7,84,4832.19
2025-07-26T09:00,30.5,75,5153.53
2025-07-26T10:00,31.7,69,5727.91
2025-07-26T11:00,32.5,66,6060.47
2025-07-26T12:00,33.5,62,6252.19
2025-07-26T13:00,34.0,60,6313.35
2025-07-26T14:00,34.8,55,6546.0
2025-07-26T15:00,35.3,53,6702.89
2025-07-26T16:00,35.4,53,6654.12
2025-07-26T17:00,34.2,56,6438.12
2025-07-26T18:00,33.3,62,6196.73
2025-07-26T19:00,32.5,67,6200.36
2025-07-26T20:00,31.8,72,6377.72
2025-07-26T21:00,31.2,76,6707.54
2025-07-26T22:00,30.8,78,7087.65
2025-07-26T23:00,30.4,80,7175.81
2025-07-27T00:00,30.2,83,6830.0
2025-07-27T01:00,29.8,84,6422.58
2025-07-27T02:00,29.4,86,6052.54
2025-07-27T03:00,29.0,86,5756.75
2025-07-27T04:00,28.9,85,5517.32
2025-07-27T05:00,28.8,83,5292.08
2025-07-27T06:00,29.0,83,5075.4
2025-07-27T07:00,30.1,75,4921.48
2025-07-27T08:00,31.6,67,4791.99
2025-07-27T09:00,32.5,61,4962.92
2025-07-27T10:00,33.2,59,5321.25
2025-07-27T11:00,34.0,58,5652.9
2025-07-27T12:00,35.3,53,5896.85
2025-07-27T13:00,35.7,51,6053.29
2025-07-27T14:00,36.2,49,6424.09
2025-07-27T15:00,36.3,49,6529.0
2025-07-27T16:00,36.0,50,6336.51
2025-07-27T17:00,35.4,52,6095.65
2025-07-27T18:00,33.3,59,5874.69
2025-07-27T19:00,32.5,63,5958.4
2025-07-27T20:00,32.0,67,6330.45
2025-07-27T21:00,31.5,70,6748.73
2025-07-27T22:00,30.9,73,7127.91
2025-07-27T23:00,30.3,76,7190.98
2025-07-28T00:00,29.9,78,6846.62
2025-07-28T01:00,29.6,80,6405.91
2025-07-28T02:00,29.2,82,6050.56
2025-07-28T03:00,28.7,85,5744.82
2025-07-28T04:00,28.4,87,5496.06
2025-07-28T05:00,28.1,88,5298.66
2025-07-28T06:00,29.4,81,5172.89
2025-07-28T07:00,30.2,76,5159.56
2025-07-28T08:00,31.8,66,5275.57
2025-07-28T09:00,33.1,60,5736.03
2025-07-28T10:00,34.4,54,6232.92
2025-07-28T11:00,35.6,49,6460.29
2025-07-28T12:00,36.2,46,6633.2
2025-07-28T13:00,36.2,47,6685.75
2025-07-28T14:00,36.3,49,7191.09
2025-07-28T15:00,36.6,49,7348.67
2025-07-28T16:00,36.6,49,6914.3
2025-07-28T17:00,35.4,52,6672.45
2025-07-28T18:00,33.4,58,6514.19
2025-07-28T19:00,32.2,65,6566.66
2025-07-28T20:00,31.3,73,6830.04
2025-07-28T21:00,30.5,78,7025.46
2025-07-28T22:00,29.8,80,7179.55
2025-07-28T23:00,29.2,83,7130.43
2025-07-29T00:00,28.6,86,6749.97
2025-07-29T01:00,28.2,88,6291.49
2025-07-29T02:00,27.9,90,5960.9
2025-07-29T03:00,27.7,91,5632.6
2025-07-29T04:00,27.5,92,5399.53
2025-07-29T05:00,27.2,93,5198.39
2025-07-29T06:00,27.3,88,5125.51
2025-07-29T07:00,27.5,88,5109.22
2025-07-29T08:00,28.3,85,5118.13
2025-07-29T09:00,29.7,78,5273.85
2025-07-29T10:00,30.7,75,5670.32
2025-07-29T11:00,31.5,71,5964.61
2025-07-29T12:00,31.1,75,5918.88
2025-07-29T13:00,32.1,71,5745.7
2025-07-29T14:00,32.9,68,5947.82
2025-07-29T15:00,31.8,71,6109.79
2025-07-29T16:00,29.7,81,5974.27
2025-07-29T17:00,30.1,81,5929.34
2025-07-29T18:00,29.7,77,5806.52
2025-07-29T19:00,29.1,81,5840.71
2025-07-29T20:00,28.6,84,5900.31
2025-07-29T21:00,28.2,85,6093.58
2025-07-29T22:00,28.0,87,6309.48
2025-07-29T23:00,27.6,88,6296.98
2025-07-30T00:00,27.3,90,5898.36
2025-07-30T01:00,27.0,91,5517.78
2025-07-30T02:00,26.7,93,5238.21
2025-07-30T03:00,26.5,94,4970.61
2025-07-30T04:00,26.4,94,4792.17
2025-07-30T05:00,26.2,95,4681.59
2025-07-30T06:00,26.2,94,4683.78
2025-07-30T07:00,26.2,94,4769.02
2025-07-30T08:00,27.2,90,4869.61
2025-07-30T09:00,28.6,85,5194.36
2025-07-30T10:00,29.9,78,5713.77
2025-07-30T11:00,31.1,74,5895.35
2025-07-30T12:00,31.6,71,5881.85
2025-07-30T13:00,31.2,71,5940.69
2025-07-30T14:00,28.2,89,6236.28
2025-07-30T15:00,29.4,82,6354.66
2025-07-30T16:00,30.5,79,6240.74
2025-07-30T17:00,29.6,82,5990.1
2025-07-30T18:00,27.9,89,5870.29
2025-07-30T19:00,26.9,94,5896.63
2025-07-30T20:00,26.8,95,5822.19
2025-07-30T21:00,26.7,95,5892.02
2025-07-30T22:00,26.5,96,6078.84
2025-07-30T23:00,26.3,97,6024.82
2025-07-31T00:00,26.3,97,5619.22
2025-07-31T01:00,26.2,95,5296.88
2025-07-31T02:00,25.8,98,5016.69
2025-07-31T03:00,25.5,98,4765.79
2025-07-31T04:00,25.3,98,4621.9
2025-07-31T05:00,25.4,98,4511.72
2025-07-31T06:00,25.7,97,4515.33
2025-07-31T07:00,25.4,97,4580.53
2025-07-31T08:00,25.7,95,4747.98
2025-07-31T09:00,26.4,91,5039.4
2025-07-31T10:00,28.0,85,5493.81
2025-07-31T11:00,28.9,82,5852.41
2025-07-31T12:00,29.7,78,5953.13
2025-07-31T13:00,29.9,76,5626.38
2025-07-31T14:00,30.4,74,5692.02
2025-07-31T15:00,30.8,72,5746.87
2025-07-31T16:00,31.2,70,5686.43
2025-07-31T17:00,31.5,69,5640.35
2025-07-31T18:00,28.9,85,5563.75
2025-07-31T19:00,28.1,88,5543.9
2025-07-31T20:00,27.8,89,5424.1
2025-07-31T21:00,27.4,92,5451.77
2025-07-31T22:00,27.3,93,5655.68
2025-07-31T23:00,27.0,95,5652.96
2025-08-01T00:00,26.5,93,5330.98
2025-08-01T01:00,26.3,90,5011.42
2025-08-01T02:00,26.0,94,4764.22
2025-08-01T03:00,25.7,96,4529.15
2025-08-01T04:00,25.5,97,4363.23
2025-08-01T05:00,25.5,97,4286.38
2025-08-01T06:00,25.8,96,4379.68
2025-08-01T07:00,26.4,93,4479.87
2025-08-01T08:00,27.8,86,4630.05
2025-08-01T09:00,29.1,78,5045.78
2025-08-01T10:00,29.9,74,5511.43
2025-08-01T11:00,30.9,72,5722.7
2025-08-01T12:00,31.4,72,5781.15
2025-08-01T13:00,32.0,70,5666.98
2025-08-01T14:00,31.9,69,6098.59
2025-08-01T15:00,30.8,75,6134.61
2025-08-01T16:00,29.1,85,5911.87
2025-08-01T17:00,29.3,84,5892.56
2025-08-01T18:00,28.8,87,5732.99
2025-08-01T19:00,28.4,91,5693.87
2025-08-01T20:00,28.2,92,5606.29
2025-08-01T21:00,28.2,89,5603.37
2025-08-01T22:00,28.0,85,5830.5
2025-08-01T23:00,27.5,84,5868.41
2025-08-02T00:00,27.1,85,5532.66
2025-08-02T01:00,26.9,86,5152.81
2025-08-02T02:00,26.6,87,4882.39
2025-08-02T03:00,26.4,88,4651.93
2025-08-02T04:00,26.3,89,4483.87
2025-08-02T05:00,26.0,90,4369.44
2025-08-02T06:00,27.5,86,4380.86
2025-08-02T07:00,28.0,85,4433.27
2025-08-02T08:00,28.6,81,4490.67
2025-08-02T09:00,29.2,78,4832.15
2025-08-02T10:00,30.2,72,5283.39
2025-08-02T11:00,31.1,70,5510.29
2025-08-02T12:00,31.7,70,5618.71
2025-08-02T13:00,32.2,68,5607.52
2025-08-02T14:00,32.4,66,5898.12
2025-08-02T15:00,32.4,65,6050.32
2025-08-02T16:00,32.0,69,5967.88
2025-08-02T17:00,31.1,76,5836.08
2025-08-02T18:00,30.5,74,5634.57
2025-08-02T19:00,29.5,76,5613.66
2025-08-02T20:00,28.7,79,5641.85
2025-08-02T21:00,28.5,81,5666.3
2025-08-02T22:00,28.4,82,5887.29
2025-08-02T23:00,28.2,83,5958.74
2025-08-03T00:00,28.1,83,5646.03
2025-08-03T01:00,27.9,82,5161.8
2025-08-03T02:00,27.5,83,4791.3
2025-08-03T03:00,27.2,85,4571.63
2025-08-03T04:00,27.0,87,4396.64
2025-08-03T05:00,27.0,88,4310.58
2025-08-03T06:00,26.8,91,4260.89
2025-08-03T07:00,27.6,87,4237.46
2025-08-03T08:00,29.2,79,4244.82
2025-08-03T09:00,30.1,71,4465.61
2025-08-03T10:00,31.2,68,4806.07
2025-08-03T11:00,32.1,66,5039.34
2025-08-03T12:00,32.7,66,5252.35
2025-08-03T13:00,32.9,65,5306.74
2025-08-03T14:00,33.1,66,5577.36
2025-08-03T15:00,32.9,66,5685.23
2025-08-03T16:00,31.1,74,5562.45
2025-08-03T17:00,31.4,74,5417.99
2025-08-03T18:00,31.1,73,5362.93
2025-08-03T19:00,30.3,77,5490.64
2025-08-03T20:00,29.6,80,5788.72
2025-08-03T21:00,29.1,80,6069.74
2025-08-03T22:00,28.7,80,6372.26
2025-08-03T23:00,28.4,82,6413.2
2025-08-04T00:00,28.0,84,6049.72
2025-08-04T01:00,27.6,87,5640.03
2025-08-04T02:00,27.0,89,5335.0
2025-08-04T03:00,26.3,93,5041.31
2025-08-04T04:00,26.2,95,4838.38
2025-08-04T05:00,26.3,95,4677.83
2025-08-04T06:00,28.2,76,4669.85
2025-08-04T07:00,28.3,76,4678.7
2025-08-04T08:00,28.4,76,4747.3
2025-08-04T09:00,29.0,76,5137.23
2025-08-04T10:00,29.2,76,5538.4
2025-08-04T11:00,29.4,77,5719.97
2025-08-04T12:00,29.5,76,5827.6
2025-08-04T13:00,29.8,75,5794.01
2025-08-04T14:00,30.2,75,6130.2
2025-08-04T15:00,30.5,75,6279.85
2025-08-04T16:00,31.0,75,6107.9
2025-08-04T17:00,30.6,78,5958.22
2025-08-04T18:00,29.4,83,5857.86
2025-08-04T19:00,28.7,86,5879.0
2025-08-04T20:00,28.6,85,5843.44
2025-08-04T21:00,28.5,85,5893.33
2025-08-04T22:00,28.3,87,6175.26
2025-08-04T23:00,28.1,87,6228.42
2025-08-05T00:00,27.8,87,5836.42
2025-08-05T01:00,27.5,87,5445.8
2025-08-05T02:00,27.3,87,5146.99
2025-08-05T03:00,27.1,86,4897.91
2025-08-05T04:00,27.2,85,4696.53
2025-08-05T05:00,27.1,84,4572.89
2025-08-05T06:00,27.5,79,4608.7
2025-08-05T07:00,28.0,77,4636.38
2025-08-05T08:00,28.7,76,4726.24
2025-08-05T09:00,29.7,74,5139.27
2025-08-05T10:00,30.1,73,5570.31
2025-08-05T11:00,28.6,78,5741.49
2025-08-05T12:00,27.1,88,5839.28
2025-08-05T13:00,26.9,91,5796.13
2025-08-05T14:00,27.8,89,6129.67
2025-08-05T15:00,28.6,86,6299.44
2025-08-05T16:00,28.9,84,6154.14
2025-08-05T17:00,28.8,85,6040.82
2025-08-05T18:00,28.7,87,5862.39
2025-08-05T19:00,27.9,90,5815.34
2025-08-05T20:00,27.6,89,5731.48
2025-08-05T21:00,27.4,88,5789.59
2025-08-05T22:00,27.2,88,6041.62
2025-08-05T23:00,27.0,88,6001.08
2025-08-06T00:00,27.0,88,5662.81
2025-08-06T01:00,27.0,88,5287.22
2025-08-06T02:00,26.7,90,5002.09
2025-08-06T03:00,26.4,91,4774.82
2025-08-06T04:00,26.3,90,4608.01
2025-08-06T05:00,26.3,88,4512.83
2025-08-06T06:00,27.1,82,4568.69
2025-08-06T07:00,27.3,80,4587.2
2025-08-06T08:00,28.1,79,4668.73
2025-08-06T09:00,29.0,75,5076.12
2025-08-06T10:00,30.0,72,5547.21
2025-08-06T11:00,30.5,71,5800.25
2025-08-06T12:00,31.0,70,5941.76
2025-08-06T13:00,31.0,70,5926.79
2025-08-06T14:00,31.4,69,6346.82
2025-08-06T15:00,32.1,67,6577.08
2025-08-06T16:00,31.7,68,6429.31
2025-08-06T17:00,29.9,73,6250.17
2025-08-06T18:00,29.7,78,6025.67
2025-08-06T19:00,28.9,82,6015.28
2025-08-06T20:00,28.4,85,6096.44
2025-08-06T21:00,28.2,87,6262.02
2025-08-06T22:00,28.0,88,6567.02
2025-08-06T23:00,27.7,88,6582.47
2025-08-07T00:00,27.5,86,6184.74
2025-08-07T01:00,27.2,87,5762.24
2025-08-07T02:00,27.0,86,5409.94
2025-08-07T03:00,26.8,84,5112.31
2025-08-07T04:00,26.4,82,4875.01
2025-08-07T05:00,26.0,81,4713.37
2025-08-07T06:00,27.3,78,4700.52
2025-08-07T07:00,28.0,77,4695.76
2025-08-07T08:00,29.1,75,4774.94
2025-08-07T09:00,30.5,71,5235.41
2025-08-07T10:00,31.8,67,5723.02
2025-08-07T11:00,32.8,59,5966.64
2025-08-07T12:00,33.4,57,6148.89
2025-08-07T13:00,33.7,56,6192.66
2025-08-07T14:00,33.9,56,6665.84
2025-08-07T15:00,33.8,56,6914.04
2025-08-07T16:00,33.5,57,6761.05
2025-08-07T17:00,32.7,62,6530.32
2025-08-07T18:00,31.4,69,6205.95
2025-08-07T19:00,30.3,73,6188.72
2025-08-07T20:00,29.7,75,6259.38
2025-08-07T21:00,29.2,78,6466.91
2025-08-07T22:00,28.8,78,6856.07
2025-08-07T23:00,28.4,77,6923.1
2025-08-08T00:00,27.9,77,6513.12
2025-08-08T01:00,27.6,78,6073.46
2025-08-08T02:00,27.3,79,5669.39
2025-08-08T03:00,27.1,77,5353.78
2025-08-08T04:00,26.8,77,5103.78
2025-08-08T05:00,26.4,77,4909.03
2025-08-08T06:00,27.9,72,4851.01
2025-08-08T07:00,28.4,71,4816.63
2025-08-08T08:00,29.4,70,4851.22
2025-08-08T09:00,30.5,67,5140.99
2025-08-08T10:00,31.5,64,5743.98
2025-08-08T11:00,31.8,64,6054.63
2025-08-08T12:00,32.0,65,6244.02
2025-08-08T13:00,32.8,61,6260.66
2025-08-08T14:00,33.1,58,6738.47
2025-08-08T15:00,33.0,58,6964.91
2025-08-08T16:00,32.8,61,6783.46
2025-08-08T17:00,32.6,62,6514.5
2025-08-08T18:00,32.3,63,6189.58
2025-08-08T19:00,30.9,72,6184.0
2025-08-08T20:00,30.0,76,6217.41
2025-08-08T21:00,29.5,79,6328.61
2025-08-08T22:00,29.1,79,6662.28
2025-08-08T23:00,28.3,84,6613.48
2025-08-09T00:00,27.8,88,6111.78
2025-08-09T01:00,27.7,88,5743.6
2025-08-09T02:00,27.6,88,5440.48
2025-08-09T03:00,27.5,87,5211.63
2025-08-09T04:00,27.2,88,5021.22
2025-08-09T05:00,27.1,88,4863.77
2025-08-09T06:00,27.2,85,4655.45
2025-08-09T07:00,27.7,82,4395.27
2025-08-09T08:00,27.6,83,4234.95
2025-08-09T09:00,26.9,90,4138.68
2025-08-09T10:00,26.1,91,4235.58
2025-08-09T11:00,27.6,85,4307.07
2025-08-09T12:00,28.6,79,4414.62
2025-08-09T13:00,29.4,77,4405.23
2025-08-09T14:00,30.2,74,4364.35
2025-08-09T15:00,30.5,72,4298.32
2025-08-09T16:00,30.5,72,4205.88
2025-08-09T17:00,30.4,73,4206.43
2025-08-09T18:00,27.6,83,4277.7
2025-08-09T19:00,26.9,88,4411.55
2025-08-09T20:00,26.7,89,4539.59
2025-08-09T21:00,26.6,89,4700.35
2025-08-09T22:00,26.4,90,4840.3
2025-08-09T23:00,26.2,91,4907.91
2025-08-10T00:00,25.9,92,4717.64
2025-08-10T01:00,26.1,92,4481.4
2025-08-10T02:00,26.1,92,4257.99
2025-08-10T03:00,26.1,93,4088.5
2025-08-10T04:00,26.1,91,3946.45
2025-08-10T05:00,25.9,91,3882.5
2025-08-10T06:00,26.6,92,3852.91
2025-08-10T07:00,27.2,89,3859.44
2025-08-10T08:00,28.2,86,3869.24
2025-08-10T09:00,29.0,83,4135.79
2025-08-10T10:00,30.0,78,4568.41
2025-08-10T11:00,31.0,75,4837.05
2025-08-10T12:00,31.5,73,5026.93
2025-08-10T13:00,31.9,72,5063.59
2025-08-10T14:00,32.1,72,5285.89
2025-08-10T15:00,32.1,70,5342.14
2025-08-10T16:00,32.1,69,5185.47
2025-08-10T17:00,31.9,72,5133.66
2025-08-10T18:00,30.8,75,5073.06
2025-08-10T19:00,30.0,81,5214.92
2025-08-10T20:00,29.4,84,5456.26
2025-08-10T21:00,28.8,85,5699.66
2025-08-10T22:00,28.3,87,5974.23
2025-08-10T23:00,28.0,87,6050.6
2025-08-11T00:00,27.9,83,5693.5
2025-08-11T01:00,27.6,83,5309.57
2025-08-11T02:00,27.4,82,4990.74
2025-08-11T03:00,27.1,83,4693.81
2025-08-11T04:00,26.8,84,4511.39
2025-08-11T05:00,26.6,84,4425.87
2025-08-11T06:00,28.2,80,4457.67
2025-08-11T07:00,28.6,79,4483.75
2025-08-11T08:00,29.5,77,4585.24
2025-08-11T09:00,30.6,72,5007.35
2025-08-11T10:00,31.5,68,5497.08
2025-08-11T11:00,32.6,65,5745.43
2025-08-11T12:00,33.3,63,5847.03
2025-08-11T13:00,33.6,63,5720.22
2025-08-11T14:00,33.9,60,6053.56
2025-08-11T15:00,32.9,64,6260.75
2025-08-11T16:00,32.7,64,6128.32
2025-08-11T17:00,31.8,73,5951.95
2025-08-11T18:00,30.5,81,5776.63
2025-08-11T19:00,29.5,87,5872.68
2025-08-11T20:00,28.6,91,5946.31
2025-08-11T21:00,28.0,93,6083.22
2025-08-11T22:00,28.0,92,6339.12
2025-08-11T23:00,27.8,92,6322.87
2025-08-12T00:00,27.5,90,5897.0
2025-08-12T01:00,27.2,89,5523.22
2025-08-12T02:00,27.1,88,5166.6
2025-08-12T03:00,26.9,89,4779.41
2025-08-12T04:00,26.7,91,4502.33
2025-08-12T05:00,26.7,92,4419.65
2025-08-12T06:00,27.1,84,4492.22
2025-08-12T07:00,27.1,82,4534.43
2025-08-12T08:00,26.9,85,4626.06
2025-08-12T09:00,26.3,91,4940.54
2025-08-12T10:00,27.3,87,5400.26
2025-08-12T11:00,29.5,77,5622.94
2025-08-12T12:00,31.2,71,5752.65
2025-08-12T13:00,32.2,67,5694.63
2025-08-12T14:00,33.0,63,6075.19
2025-08-12T15:00,33.3,62,6277.88
2025-08-12T16:00,32.9,63,6157.7
2025-08-12T17:00,32.3,65,5971.55
2025-08-12T18:00,31.4,73,5777.13
2025-08-12T19:00,30.6,76,5804.78
2025-08-12T20:00,30.1,79,5849.18
2025-08-12T21:00,29.6,82,5972.23
2025-08-12T22:00,29.2,83,6238.02
2025-08-12T23:00,28.6,84,6284.18
2025-08-13T00:00,28.2,85,5874.94
2025-08-13T01:00,27.8,87,5470.57
2025-08-13T02:00,27.6,87,5185.0
2025-08-13T03:00,27.3,88,4939.47
2025-08-13T04:00,27.1,87,4750.18
2025-08-13T05:00,26.9,85,4667.21
2025-08-13T06:00,28.0,87,4715.96
2025-08-13T07:00,28.7,84,4720.16
2025-08-13T08:00,29.4,78,4787.32
2025-08-13T09:00,30.3,71,5184.32
2025-08-13T10:00,31.4,67,5665.71
2025-08-13T11:00,32.4,64,5864.75
2025-08-13T12:00,32.6,62,5971.08
2025-08-13T13:00,33.0,60,5977.11
2025-08-13T14:00,33.4,59,6431.07
2025-08-13T15:00,33.4,59,6603.43
2025-08-13T16:00,33.3,59,6459.33
2025-08-13T17:00,32.8,62,6234.4
2025-08-13T18:00,32.1,66,6081.82
2025-08-13T19:00,31.1,73,6144.34
2025-08-13T20:00,30.6,74,6245.81
2025-08-13T21:00,30.3,78,6427.68
2025-08-13T22:00,30.2,77,6688.2
2025-08-13T23:00,29.3,79,6695.9
2025-08-14T00:00,29.0,80,6302.7
2025-08-14T01:00,28.5,82,5857.48
2025-08-14T02:00,28.2,83,5492.01
2025-08-14T03:00,27.9,85,5188.55
2025-08-14T04:00,27.5,88,4949.76
2025-08-14T05:00,27.1,90,4730.53
2025-08-14T06:00,26.9,92,4645.03
2025-08-14T07:00,26.4,96,4640.0
2025-08-14T08:00,26.7,95,4696.03
2025-08-14T09:00,27.6,92,4868.08
2025-08-14T10:00,28.5,85,5228.84
2025-08-14T11:00,28.9,84,5442.44
2025-08-14T12:00,29.6,80,5513.54
2025-08-14T13:00,28.5,79,5394.87
2025-08-14T14:00,27.7,87,5564.22
2025-08-14T15:00,28.1,87,5645.81
2025-08-14T16:00,29.0,81,5606.4
2025-08-14T17:00,28.5,84,5583.3
2025-08-14T18:00,28.2,87,5411.44
2025-08-14T19:00,27.5,90,5365.94
2025-08-14T20:00,27.1,92,5288.57
2025-08-14T21:00,26.8,93,5304.11
2025-08-14T22:00,26.6,94,5434.1
2025-08-14T23:00,26.3,95,5457.97
2025-08-15T00:00,26.3,95,5212.99
2025-08-15T01:00,26.2,95,4926.36
2025-08-15T02:00,26.1,95,4686.92
2025-08-15T03:00,25.8,95,4484.23
2025-08-15T04:00,25.6,96,4344.94
2025-08-15T05:00,25.3,97,4220.37
2025-08-15T06:00,26.0,94,4140.91
2025-08-15T07:00,26.5,93,4103.6
2025-08-15T08:00,27.6,89,3994.59
2025-08-15T09:00,29.0,84,3958.82
2025-08-15T10:00,29.9,80,4125.94
2025-08-15T11:00,30.5,77,4208.53
2025-08-15T12:00,31.4,72,4254.78
2025-08-15T13:00,31.5,72,4235.05
2025-08-15T14:00,31.7,72,4207.95
2025-08-15T15:00,31.4,75,4156.42
2025-08-15T16:00,31.1,77,4099.83
2025-08-15T17:00,30.5,77,4105.0
2025-08-15T18:00,29.8,83,4127.72
2025-08-15T19:00,28.9,87,4368.7
2025-08-15T20:00,28.5,89,4668.01
2025-08-15T21:00,28.3,88,4893.82
2025-08-15T22:00,27.8,89,5079.07
2025-08-15T23:00,27.5,91,5152.62
2025-08-16T00:00,27.3,92,4900.78
2025-08-16T01:00,27.0,94,4625.62
2025-08-16T02:00,26.8,96,4405.3
2025-08-16T03:00,26.7,97,4214.22
2025-08-16T04:00,26.5,97,4082.06
2025-08-16T05:00,26.4,97,4014.48
2025-08-16T06:00,27.3,96,3984.3
2025-08-16T07:00,28.1,93,4013.7
2025-08-16T08:00,28.9,89,4112.39
2025-08-16T09:00,30.1,81,4415.14
2025-08-16T10:00,29.5,81,4909.31
2025-08-16T11:00,28.3,85,5145.09
2025-08-16T12:00,29.0,84,5292.84
2025-08-16T13:00,30.5,77,5274.47
2025-08-16T14:00,30.8,74,5447.34
2025-08-16T15:00,31.2,73,5502.15
2025-08-16T16:00,31.1,74,5333.35
2025-08-16T17:00,30.9,75,5169.03
2025-08-16T18:00,29.9,83,5039.47
2025-08-16T19:00,28.7,87,5185.83
2025-08-16T20:00,28.3,88,5269.14
2025-08-16T21:00,28.2,90,5357.51
2025-08-16T22:00,28.1,91,5407.23
2025-08-16T23:00,27.9,91,5441.49
2025-08-17T00:00,27.7,91,5369.42
2025-08-17T01:00,27.5,91,5325.35
2025-08-17T02:00,27.4,91,4928.22
2025-08-17T03:00,27.3,92,4645.98
2025-08-17T04:00,27.3,92,4455.06
2025-08-17T05:00,27.3,92,4346.55
2025-08-17T06:00,27.7,93,4246.96
2025-08-17T07:00,28.0,92,4210.43
2025-08-17T08:00,28.1,92,4223.14
2025-08-17T09:00,29.7,85,4498.12
2025-08-17T10:00,31.2,78,4902.57
2025-08-17T11:00,32.0,74,5233.77
2025-08-17T12:00,28.6,85,5464.13
2025-08-17T13:00,28.8,85,5464.22
2025-08-17T14:00,30.6,80,5685.18
2025-08-17T15:00,31.5,76,5432.96
2025-08-17T16:00,31.6,75,5121.4
2025-08-17T17:00,31.4,74,5052.66
2025-08-17T18:00,30.3,80,5000.26
2025-08-17T19:00,29.3,85,5123.73
2025-08-17T20:00,28.7,89,5253.68
2025-08-17T21:00,28.4,91,5421.51
2025-08-17T22:00,28.2,92,5662.52
2025-08-17T23:00,28.2,92,5651.65
2025-08-18T00:00,28.0,91,5349.89
2025-08-18T01:00,27.8,92,5014.74
2025-08-18T02:00,27.6,92,4731.29
2025-08-18T03:00,27.4,93,4500.6
2025-08-18T04:00,27.3,93,4362.57
2025-08-18T05:00,27.2,94,4319.51
2025-08-18T06:00,27.9,90,4448.96
2025-08-18T07:00,28.5,90,4514.24
2025-08-18T08:00,27.5,87,4651.28
2025-08-18T09:00,28.1,89,5103.3
2025-08-18T10:00,29.7,83,5536.53
2025-08-18T11:00,31.0,76,5720.73
2025-08-18T12:00,31.4,74,5855.65
2025-08-18T13:00,31.6,72,5872.65
2025-08-18T14:00,31.7,71,6262.43
2025-08-18T15:00,31.8,69,6412.04
2025-08-18T16:00,31.7,69,6194.18
2025-08-18T17:00,31.1,72,6023.04
2025-08-18T18:00,30.6,77,5805.1
2025-08-18T19:00,29.5,81,5852.76
2025-08-18T20:00,28.8,82,5906.33
2025-08-18T21:00,28.5,85,6030.27
2025-08-18T22:00,28.2,87,6304.96
2025-08-18T23:00,28.0,89,6295.21
2025-08-19T00:00,27.7,89,5883.03
2025-08-19T01:00,27.3,89,5468.72
2025-08-19T02:00,27.1,89,5175.11
2025-08-19T03:00,26.9,90,4916.67
2025-08-19T04:00,26.8,91,4734.74
2025-08-19T05:00,26.6,92,4671.23
2025-08-19T06:00,27.9,89,4734.85
2025-08-19T07:00,28.7,89,4790.8
2025-08-19T08:00,29.8,84,4907.88
2025-08-19T09:00,30.7,80,5347.83
2025-08-19T10:00,31.9,72,5837.37
2025-08-19T11:00,29.4,80,6008.34
2025-08-19T12:00,30.9,72,6114.34
2025-08-19T13:00,31.1,69,6051.11
2025-08-19T14:00,31.2,72,5998.05
2025-08-19T15:00,31.6,70,6157.91
2025-08-19T16:00,31.5,69,6071.16
2025-08-19T17:00,31.1,70,5943.65
2025-08-19T18:00,29.5,81,5754.39
2025-08-19T19:00,28.9,85,5763.1
2025-08-19T20:00,28.7,86,5755.0
2025-08-19T21:00,28.6,87,5823.41
2025-08-19T22:00,28.4,87,6116.32
2025-08-19T23:00,28.3,86,6180.02
2025-08-20T00:00,27.9,85,5794.75
2025-08-20T01:00,27.5,86,5400.15
2025-08-20T02:00,27.3,87,5102.76
2025-08-20T03:00,27.0,89,4868.24
2025-08-20T04:00,26.8,90,4704.13
2025-08-20T05:00,26.8,90,4603.29
2025-08-20T06:00,27.8,88,4665.55
2025-08-20T07:00,27.8,90,4719.27
2025-08-20T08:00,28.2,86,4841.66
2025-08-20T09:00,28.6,83,5275.88
2025-08-20T10:00,30.1,75,5754.6
2025-08-20T11:00,30.7,71,5939.26
2025-08-20T12:00,31.6,67,6117.41
2025-08-20T13:00,32.3,63,6092.01
2025-08-20T14:00,32.6,62,6434.78
2025-08-20T15:00,32.7,61,6656.36
2025-08-20T16:00,31.4,68,6523.94
2025-08-20T17:00,30.8,73,6313.93
2025-08-20T18:00,31.0,69,6068.98
2025-08-20T19:00,29.8,77,6134.22
2025-08-20T20:00,29.4,79,6147.43
2025-08-20T21:00,29.0,82,6303.11
2025-08-20T22:00,28.6,84,6624.52
2025-08-20T23:00,28.3,87,6649.93
2025-08-21T00:00,28.0,88,6230.96
2025-08-21T01:00,27.8,89,5817.89
2025-08-21T02:00,27.4,90,5478.84
2025-08-21T03:00,26.0,97,5187.06
2025-08-21T04:00,25.7,98,4963.32
2025-08-21T05:00,25.6,96,4829.41
2025-08-21T06:00,26.3,90,4835.89
2025-08-21T07:00,27.3,87,4847.6
2025-08-21T08:00,28.8,81,4958.43
2025-08-21T09:00,30.3,73,5399.2
2025-08-21T10:00,31.6,65,5886.78
2025-08-21T11:00,32.3,62,6118.1
2025-08-21T12:00,32.9,60,6297.3
2025-08-21T13:00,33.2,60,6274.78
2025-08-21T14:00,33.6,58,6665.22
2025-08-21T15:00,33.1,60,6816.72
2025-08-21T16:00,31.6,65,6626.74
2025-08-21T17:00,31.3,66,6448.48
2025-08-21T18:00,31.2,70,6176.62
2025-08-21T19:00,30.7,79,6256.75
2025-08-21T20:00,30.3,78,6282.28
2025-08-21T21:00,29.6,83,6459.56
2025-08-21T22:00,29.1,88,6747.77
2025-08-21T23:00,28.8,90,6734.33
2025-08-22T00:00,28.6,90,6305.63
2025-08-22T01:00,28.4,89,5876.23
2025-08-22T02:00,28.0,89,5519.56
2025-08-22T03:00,27.4,89,5259.63
2025-08-22T04:00,25.6,94,5041.15
2025-08-22T05:00,25.3,94,4914.81
2025-08-22T06:00,27.9,89,4926.04
2025-08-22T07:00,28.6,84,4967.59
2025-08-22T08:00,29.3,80,5115.61
2025-08-22T09:00,30.7,75,5581.69
2025-08-22T10:00,32.1,68,6083.55
2025-08-22T11:00,33.3,61,6312.12
2025-08-22T12:00,34.1,57,6350.63
2025-08-22T13:00,34.2,55,6213.79
2025-08-22T14:00,34.0,55,6478.98
2025-08-22T15:00,34.1,54,6604.88
2025-08-22T16:00,33.8,55,6471.08
2025-08-22T17:00,33.1,57,6322.81
2025-08-22T18:00,31.5,70,5834.01
2025-08-22T19:00,30.5,76,5997.86
2025-08-22T20:00,30.1,78,6176.4
2025-08-22T21:00,29.5,82,6312.28
2025-08-22T22:00,29.1,83,6566.33
2025-08-22T23:00,28.6,87,6570.67
2025-08-23T00:00,28.3,86,6221.51
2025-08-23T01:00,27.9,89,5830.32
2025-08-23T02:00,27.4,90,5498.5
2025-08-23T03:00,26.3,93,5227.02
2025-08-23T04:00,25.6,95,4976.44
2025-08-23T05:00,25.7,97,4826.24
2025-08-23T06:00,26.5,94,4748.58
2025-08-23T07:00,27.4,89,4730.2
2025-08-23T08:00,28.7,83,4749.04
2025-08-23T09:00,30.1,74,5063.4
2025-08-23T10:00,31.3,69,5559.2
2025-08-23T11:00,31.9,66,5849.74
2025-08-23T12:00,32.6,63,6004.95
2025-08-23T13:00,30.1,71,5950.79
2025-08-23T14:00,30.2,74,6246.06
2025-08-23T15:00,31.0,72,6177.21
2025-08-23T16:00,28.7,80,5859.24
2025-08-23T17:00,28.4,83,5606.39
2025-08-23T18:00,27.9,86,5493.64
2025-08-23T19:00,27.4,90,5477.73
2025-08-23T20:00,27.2,92,5362.33
2025-08-23T21:00,26.8,93,5358.06
2025-08-23T22:00,26.5,93,5538.22
2025-08-23T23:00,26.3,94,5560.83
2025-08-24T00:00,26.2,95,5331.77
2025-08-24T01:00,26.1,95,5050.11
2025-08-24T02:00,25.9,95,4788.59
2025-08-24T03:00,25.9,95,4566.11
2025-08-24T04:00,25.8,95,4405.6
2025-08-24T05:00,25.7,95,4312.24
2025-08-24T06:00,26.1,95,4257.48
2025-08-24T07:00,26.9,92,4272.98
2025-08-24T08:00,27.9,86,4299.34
2025-08-24T09:00,29.2,79,4547.81
2025-08-24T10:00,30.2,77,4957.84
2025-08-24T11:00,31.1,72,5196.7
2025-08-24T12:00,29.1,80,5362.12
2025-08-24T13:00,30.8,75,5318.75
2025-08-24T14:00,29.0,79,5492.03
2025-08-24T15:00,29.4,81,5551.31
2025-08-24T16:00,28.4,84,5182.76
2025-08-24T17:00,26.6,87,5095.57
2025-08-24T18:00,28.0,84,5137.66
2025-08-24T19:00,27.5,85,5288.82
2025-08-24T20:00,27.1,88,5374.83
2025-08-24T21:00,27.0,89,5487.59
2025-08-24T22:00,26.8,90,5651.71
2025-08-24T23:00,26.4,91,5710.59
2025-08-25T00:00,25.6,92,5427.61
2025-08-25T01:00,25.3,93,5084.86
2025-08-25T02:00,25.3,93,4769.5
2025-08-25T03:00,24.6,96,4540.56
2025-08-25T04:00,24.4,96,4381.2
2025-08-25T05:00,24.5,96,4312.45
2025-08-25T06:00,25.3,95,4405.28
2025-08-25T07:00,25.5,94,4493.01
2025-08-25T08:00,25.8,95,4572.48
2025-08-25T09:00,26.6,92,5000.47
2025-08-25T10:00,27.2,88,5426.63
2025-08-25T11:00,28.8,80,5604.68
2025-08-25T12:00,28.9,81,5604.44
2025-08-25T13:00,28.9,81,5385.11
2025-08-25T14:00,28.3,81,5587.57
2025-08-25T15:00,29.0,79,5664.83
2025-08-25T16:00,27.0,86,5526.43
2025-08-25T17:00,26.8,87,5459.77
2025-08-25T18:00,27.4,87,5386.67
2025-08-25T19:00,27.2,88,5370.91
2025-08-25T20:00,27.0,88,5229.82
2025-08-25T21:00,26.7,89,5239.14
2025-08-25T22:00,26.0,93,5435.57
2025-08-25T23:00,25.8,94,5435.55
2025-08-26T00:00,25.7,95,5156.92
2025-08-26T01:00,25.3,96,4840.95
2025-08-26T02:00,25.1,97,4563.31
2025-08-26T03:00,25.5,94,4310.14
2025-08-26T04:00,25.4,95,4182.49
2025-08-26T05:00,25.2,96,4184.59
2025-08-26T06:00,26.0,94,4336.33
2025-08-26T07:00,26.0,91,4414.87
2025-08-26T08:00,26.4,91,4511.52
2025-08-26T09:00,27.5,88,4883.72
2025-08-26T10:00,28.9,81,5329.17
2025-08-26T11:00,29.6,77,5544.08
2025-08-26T12:00,29.7,75,5628.7
2025-08-26T13:00,29.9,77,5531.79
2025-08-26T14:00,28.7,81,5763.05
2025-08-26T15:00,28.8,83,5725.26
2025-08-26T16:00,29.5,80,5553.51
2025-08-26T17:00,29.4,79,5452.17
2025-08-26T18:00,27.6,89,5373.76
2025-08-26T19:00,27.2,91,5332.83
2025-08-26T20:00,26.7,92,5192.03
2025-08-26T21:00,26.4,93,5201.69
2025-08-26T22:00,26.3,95,5377.19
2025-08-26T23:00,26.2,96,5362.63
2025-08-27T00:00,26.0,96,5065.09
2025-08-27T01:00,25.8,96,4753.63
2025-08-27T02:00,25.6,97,4498.23
2025-08-27T03:00,25.5,98,4312.11
2025-08-27T04:00,25.4,98,4184.45
2025-08-27T05:00,25.2,98,4170.12
2025-08-27T06:00,26.1,95,4324.94
2025-08-27T07:00,26.7,92,4433.55
2025-08-27T08:00,27.3,89,4562.35
2025-08-27T09:00,28.5,85,5035.39
2025-08-27T10:00,29.7,82,5563.83
2025-08-27T11:00,30.6,78,5623.83
2025-08-27T12:00,31.2,74,5564.72
2025-08-27T13:00,31.9,71,5374.11
2025-08-27T14:00,32.5,69,5588.74
2025-08-27T15:00,32.6,68,5626.12
2025-08-27T16:00,32.3,67,5541.62
2025-08-27T17:00,31.8,70,5511.45
2025-08-27T18:00,29.1,84,5473.41
2025-08-27T19:00,28.5,90,5508.07
2025-08-27T20:00,28.3,91,5362.15
2025-08-27T21:00,28.0,92,5376.1
2025-08-27T22:00,27.9,92,5559.76
2025-08-27T23:00,26.8,93,5541.81
2025-08-28T00:00,26.7,93,5217.4
2025-08-28T01:00,26.5,95,4881.01
2025-08-28T02:00,25.9,94,4631.81
2025-08-28T03:00,25.8,96,4432.71
2025-08-28T04:00,25.5,98,4293.79
2025-08-28T05:00,25.3,97,4276.78
2025-08-28T06:00,26.7,97,4429.42
2025-08-28T07:00,27.3,93,4505.75
2025-08-28T08:00,28.2,89,4665.6
2025-08-28T09:00,29.6,82,5125.12
2025-08-28T10:00,30.8,77,5645.09
2025-08-28T11:00,31.3,76,5834.09
2025-08-28T12:00,32.0,73,5940.7
2025-08-28T13:00,32.2,73,5778.12
2025-08-28T14:00,32.2,73,6269.68
2025-08-28T15:00,32.4,73,6505.05
2025-08-28T16:00,30.5,76,6232.84
2025-08-28T17:00,29.7,77,6053.06
2025-08-28T18:00,29.5,82,5946.71
2025-08-28T19:00,29.0,85,6012.81
2025-08-28T20:00,28.6,87,5908.75
2025-08-28T21:00,28.2,90,5942.51
2025-08-28T22:00,27.5,92,6149.35
2025-08-28T23:00,25.9,97,6106.05
2025-08-29T00:00,25.9,97,5708.09
2025-08-29T01:00,26.0,97,5315.82
2025-08-29T02:00,25.8,96,5014.06
2025-08-29T03:00,25.4,95,4775.85
2025-08-29T04:00,25.0,95,4601.15
2025-08-29T05:00,25.2,96,4563.24
2025-08-29T06:00,27.4,95,4678.32
2025-08-29T07:00,26.9,95,4753.66
2025-08-29T08:00,27.6,92,4874.13
2025-08-29T09:00,28.4,87,5223.24
2025-08-29T10:00,29.1,86,5565.38
2025-08-29T11:00,30.0,83,5709.64
2025-08-29T12:00,31.1,76,5899.77
2025-08-29T13:00,31.3,75,5823.06
2025-08-29T14:00,31.0,72,5951.99
2025-08-29T15:00,29.6,78,5959.73
2025-08-29T16:00,29.4,80,5901.14
2025-08-29T17:00,29.2,81,5754.27
2025-08-29T18:00,28.4,84,5690.14
2025-08-29T19:00,27.9,87,5678.14
2025-08-29T20:00,27.6,89,5470.26
2025-08-29T21:00,27.2,90,5386.56
2025-08-29T22:00,26.9,90,5544.22
2025-08-29T23:00,26.7,92,5543.27
2025-08-30T00:00,26.5,93,5242.19
2025-08-30T01:00,26.4,93,4922.55
2025-08-30T02:00,26.3,93,4641.44
2025-08-30T03:00,26.2,93,4443.44
2025-08-30T04:00,26.1,94,4302.64
2025-08-30T05:00,26.0,94,4250.41
2025-08-30T06:00,26.3,98,4284.03
2025-08-30T07:00,26.4,93,4337.69
2025-08-30T08:00,26.7,91,4443.12
2025-08-30T09:00,28.0,87,4827.67
2025-08-30T10:00,29.1,81,5316.26
2025-08-30T11:00,30.1,76,5587.47
2025-08-30T12:00,30.8,72,5742.37
2025-08-30T13:00,31.5,68,5710.8
2025-08-30T14:00,31.6,67,5920.45
2025-08-30T15:00,31.8,66,5969.15
2025-08-30T16:00,31.4,68,5872.52
2025-08-30T17:00,30.6,73,5712.52
2025-08-30T18:00,29.5,80,5615.55
2025-08-30T19:00,28.8,84,5678.98
2025-08-30T20:00,28.4,86,5604.45
2025-08-30T21:00,28.1,87,5678.01
2025-08-30T22:00,27.8,89,5897.97
2025-08-30T23:00,27.5,89,5920.64
2025-08-31T00:00,27.2,90,5608.36
2025-08-31T01:00,26.9,92,5265.73
2025-08-31T02:00,26.7,93,4966.97
2025-08-31T03:00,26.0,95,4716.8
2025-08-31T04:00,25.2,96,4556.45
2025-08-31T05:00,24.5,96,4440.02
2025-08-31T06:00,25.7,96,4356.11
2025-08-31T07:00,25.8,94,4295.7
2025-08-31T08:00,25.4,96,4212.09
2025-08-31T09:00,27.0,88,4411.62
2025-08-31T10:00,28.5,85,4710.13
2025-08-31T11:00,29.2,81,4880.55
2025-08-31T12:00,28.2,85,5011.44
2025-08-31T13:00,29.3,82,4882.69
2025-08-31T14:00,30.0,79,4984.51
2025-08-31T15:00,28.4,82,5027.53
2025-08-31T16:00,26.8,87,4913.38
2025-08-31T17:00,26.5,90,4860.47
2025-08-31T18:00,25.9,91,4897.0
2025-08-31T19:00,25.8,93,5047.54
2025-08-31T20:00,25.8,94,4988.86
2025-08-31T21:00,25.8,95,5089.38
2025-08-31T22:00,25.7,96,5280.74
2025-08-31T23:00,25.5,98,5346.41
2025-09-01T00:00,25.4,94,5021.32
2025-09-01T01:00,24.7,95,4698.59
2025-09-01T02:00,24.3,97,4431.25
2025-09-01T03:00,24.0,99,4229.01
2025-09-01T04:00,24.1,98,4086.76
2025-09-01T05:00,24.1,98,4092.97
2025-09-01T06:00,24.6,96,4239.98
2025-09-01T07:00,24.6,96,4286.19
2025-09-01T08:00,24.6,95,4389.05
2025-09-01T09:00,25.1,94,4791.63
2025-09-01T10:00,26.3,88,5164.34
2025-09-01T11:00,27.7,84,5258.23
2025-09-01T12:00,29.2,77,5357.51
2025-09-01T13:00,28.1,80,5274.31
2025-09-01T14:00,28.1,83,5430.46
2025-09-01T15:00,27.7,84,4620.25
2025-09-01T16:00,26.1,89,4798.87
2025-09-01T17:00,25.8,91,4844.1
2025-09-01T18:00,24.9,94,4813.66
2025-09-01T19:00,24.5,96,4688.05
2025-09-01T20:00,24.4,96,4436.2
2025-09-01T21:00,24.3,97,4312.86
2025-09-01T22:00,24.2,98,4371.06
2025-09-01T23:00,24.4,97,4379.01
2025-09-02T00:00,24.2,99,4162.32
2025-09-02T01:00,24.2,98,3923.23
2025-09-02T02:00,23.8,98,3766.06
2025-09-02T03:00,24.0,98,3647.33
2025-09-02T04:00,23.8,97,3577.68
2025-09-02T05:00,23.9,98,3643.41
2025-09-02T06:00,24.2,96,3906.53
2025-09-02T07:00,24.0,98,4067.41
2025-09-02T08:00,24.4,94,4205.84
2025-09-02T09:00,24.9,90,4627.91
2025-09-02T10:00,26.1,86,5071.04
2025-09-02T11:00,26.9,83,5306.28
2025-09-02T12:00,26.6,84,5311.73
2025-09-02T13:00,27.0,81,5100.48
2025-09-02T14:00,26.4,86,5197.81
2025-09-02T15:00,26.4,86,5229.31
2025-09-02T16:00,26.1,88,5133.82
2025-09-02T17:00,25.9,90,5057.09
2025-09-02T18:00,24.6,98,4989.84
2025-09-02T19:00,24.6,96,4881.44
2025-09-02T20:00,24.8,95,4629.6
2025-09-02T21:00,24.9,95,4472.76
2025-09-02T22:00,24.9,96,4478.35
2025-09-02T23:00,24.9,96,4435.74
2025-09-03T00:00,24.8,96,4219.47
2025-09-03T01:00,24.5,96,3986.91
2025-09-03T02:00,24.3,97,3813.0
2025-09-03T03:00,24.2,97,3664.03
2025-09-03T04:00,24.1,98,3599.06
2025-09-03T05:00,24.1,98,3674.62
2025-09-03T06:00,24.1,96,3948.4
2025-09-03T07:00,24.8,95,4089.22
2025-09-03T08:00,25.4,93,4219.95
2025-09-03T09:00,26.6,88,4701.89
2025-09-03T10:00,27.8,86,5196.09
2025-09-03T11:00,29.2,81,5427.23
2025-09-03T12:00,29.4,76,5492.68
2025-09-03T13:00,27.9,82,5277.95
2025-09-03T14:00,28.4,79,5232.7
2025-09-03T15:00,28.8,78,5047.1
2025-09-03T16:00,28.4,80,4995.09
2025-09-03T17:00,28.0,83,4975.22
2025-09-03T18:00,26.2,86,4940.39
2025-09-03T19:00,25.9,85,4885.57
2025-09-03T20:00,25.8,87,4652.75
2025-09-03T21:00,25.6,90,4509.41
2025-09-03T22:00,25.4,91,4523.73
2025-09-03T23:00,25.1,95,4464.02
2025-09-04T00:00,25.1,96,4206.51
2025-09-04T01:00,25.0,96,3970.82
2025-09-04T02:00,24.8,97,3776.73
2025-09-04T03:00,24.7,97,3616.73
2025-09-04T04:00,24.8,97,3545.37
2025-09-04T05:00,24.5,97,3643.67
2025-09-04T06:00,24.2,96,3892.39
2025-09-04T07:00,24.2,96,4074.46
2025-09-04T08:00,25.2,94,4262.25
2025-09-04T09:00,26.8,89,4746.68
2025-09-04T10:00,28.6,84,5276.5
2025-09-04T11:00,30.0,77,5434.19
2025-09-04T12:00,31.0,72,5535.61
2025-09-04T13:00,31.4,69,5442.2
2025-09-04T14:00,31.4,67,5632.22
2025-09-04T15:00,30.0,76,5596.1
2025-09-04T16:00,29.1,81,5581.9
2025-09-04T17:00,28.9,82,5484.11
2025-09-04T18:00,27.8,86,5337.49
2025-09-04T19:00,27.4,88,5268.39
2025-09-04T20:00,27.0,89,5081.55
2025-09-04T21:00,26.7,89,5005.84
2025-09-04T22:00,26.4,91,5096.44
2025-09-04T23:00,26.2,91,5069.34
2025-09-05T00:00,26.0,91,4782.41
2025-09-05T01:00,25.9,92,4500.88
2025-09-05T02:00,25.7,93,4260.44
2025-09-05T03:00,25.5,92,4050.14
2025-09-05T04:00,25.4,93,3941.24
2025-09-05T05:00,25.2,94,3915.42
2025-09-05T06:00,26.7,86,3959.53
2025-09-05T07:00,27.1,84,4073.46
2025-09-05T08:00,28.0,80,4164.72
2025-09-05T09:00,29.0,74,4579.14
2025-09-05T10:00,29.8,75,5038.42
2025-09-05T11:00,30.5,73,5282.94
2025-09-05T12:00,31.0,72,5429.79
2025-09-05T13:00,29.9,75,5234.72
2025-09-05T14:00,30.5,76,5430.8
2025-09-05T15:00,29.6,71,5298.96
2025-09-05T16:00,28.7,79,5198.1
2025-09-05T17:00,27.0,87,5046.73
2025-09-05T18:00,27.1,89,5186.43
2025-09-05T19:00,26.9,91,5229.88
2025-09-05T20:00,26.8,92,5060.5
2025-09-05T21:00,26.7,91,5018.71
2025-09-05T22:00,26.6,91,5098.18
2025-09-05T23:00,26.4,93,5109.18
2025-09-06T00:00,25.4,96,4823.63
2025-09-06T01:00,24.8,96,4544.59
2025-09-06T02:00,24.5,95,4312.41
2025-09-06T03:00,24.6,96,4124.36
2025-09-06T04:00,24.7,96,4018.06
2025-09-06T05:00,24.6,96,4039.89
2025-09-06T06:00,26.0,92,4157.3
2025-09-06T07:00,26.6,91,4231.88
2025-09-06T08:00,27.8,86,4308.07
2025-09-06T09:00,29.2,78,4632.72
2025-09-06T10:00,30.3,72,5100.92
2025-09-06T11:00,30.8,71,5299.08
2025-09-06T12:00,31.2,72,5412.52
2025-09-06T13:00,31.2,72,5285.18
2025-09-06T14:00,31.2,73,5477.37
2025-09-06T15:00,29.5,80,5549.33
2025-09-06T16:00,29.3,80,5519.99
2025-09-06T17:00,28.6,83,5449.59
2025-09-06T18:00,28.8,83,5380.2
2025-09-06T19:00,28.3,85,5400.98
2025-09-06T20:00,27.7,88,5274.68
2025-09-06T21:00,26.8,88,5265.06
2025-09-06T22:00,26.4,89,5373.41
2025-09-06T23:00,26.2,90,5374.19
2025-09-07T00:00,26.1,90,5080.82
2025-09-07T01:00,25.2,93,4810.39
2025-09-07T02:00,25.3,95,4538.72
2025-09-07T03:00,25.1,96,4332.4
2025-09-07T04:00,24.9,96,4193.12
2025-09-07T05:00,24.8,96,4115.68
2025-09-07T06:00,25.8,95,4083.28
2025-09-07T07:00,26.6,93,4118.14
2025-09-07T08:00,27.9,87,4125.9
2025-09-07T09:00,29.3,81,4380.78
2025-09-07T10:00,30.5,75,4787.1
2025-09-07T11:00,31.3,72,5064.82
2025-09-07T12:00,31.8,69,5268.36
2025-09-07T13:00,31.9,68,5221.92
2025-09-07T14:00,31.9,70,5201.1
2025-09-07T15:00,31.2,74,5068.12
2025-09-07T16:00,30.8,76,4961.33
2025-09-07T17:00,29.9,78,4908.59
2025-09-07T18:00,28.0,88,4922.23
2025-09-07T19:00,27.4,89,5036.58
2025-09-07T20:00,27.0,90,5051.66
2025-09-07T21:00,26.7,90,5180.12
2025-09-07T22:00,26.5,91,5260.3
2025-09-07T23:00,26.2,92,5189.25
2025-09-08T00:00,26.0,93,4894.55
2025-09-08T01:00,25.8,95,4593.6
2025-09-08T02:00,25.5,96,4360.3
2025-09-08T03:00,25.3,97,4161.81
2025-09-08T04:00,25.2,98,4040.92
2025-09-08T05:00,25.2,98,4081.82
2025-09-08T06:00,25.8,96,4275.75
2025-09-08T07:00,26.7,93,4366.83
2025-09-08T08:00,27.9,89,4517.11
2025-09-08T09:00,29.2,81,4959.33
2025-09-08T10:00,30.3,74,5433.88
2025-09-08T11:00,30.9,72,5614.31
2025-09-08T12:00,31.4,71,5667.09
2025-09-08T13:00,31.5,70,5631.97
2025-09-08T14:00,31.7,65,5930.25
2025-09-08T15:00,32.0,60,6049.33
2025-09-08T16:00,31.9,60,5961.7
2025-09-08T17:00,31.4,64,5811.09
2025-09-08T18:00,30.5,72,5649.61
2025-09-08T19:00,29.3,78,5703.27
2025-09-08T20:00,28.8,80,5683.18
2025-09-08T21:00,28.4,81,5796.17
2025-09-08T22:00,28.0,82,6031.56
2025-09-08T23:00,27.5,84,5985.39
2025-09-09T00:00,27.1,85,5597.52
2025-09-09T01:00,26.6,85,5212.61
2025-09-09T02:00,26.3,84,4906.1
2025-09-09T03:00,26.0,86,4678.53
2025-09-09T04:00,25.9,87,4497.14
2025-09-09T05:00,25.8,88,4451.01
2025-09-09T06:00,26.7,86,4513.63
2025-09-09T07:00,27.5,84,4580.73
2025-09-09T08:00,28.6,80,4668.97
2025-09-09T09:00,30.0,74,5018.78
2025-09-09T10:00,30.5,70,5546.55
2025-09-09T11:00,31.3,66,5757.3
2025-09-09T12:00,31.9,64,5922.95
2025-09-09T13:00,32.4,64,5872.4
2025-09-09T14:00,32.3,63,6207.83
2025-09-09T15:00,32.4,63,6372.21
2025-09-09T16:00,32.0,62,6270.63
2025-09-09T17:00,31.2,68,6100.65
2025-09-09T18:00,30.3,72,5903.28
2025-09-09T19:00,29.5,76,5988.96
2025-09-09T20:00,29.0,79,6001.25
2025-09-09T21:00,28.6,78,6098.03
2025-09-09T22:00,28.1,78,6348.46
2025-09-09T23:00,27.7,79,6313.65
2025-09-10T00:00,27.3,80,5914.89
2025-09-10T01:00,26.9,80,5490.53
2025-09-10T02:00,26.4,81,5167.49
2025-09-10T03:00,26.1,83,4920.52
2025-09-10T04:00,25.8,84,4722.69
2025-09-10T05:00,25.6,85,4625.88
2025-09-10T06:00,27.1,88,4739.56
2025-09-10T07:00,27.8,86,4785.93
2025-09-10T08:00,28.9,81,4864.65
2025-09-10T09:00,30.1,75,5264.11
2025-09-10T10:00,31.2,69,5749.42
2025-09-10T11:00,32.1,62,5927.01
2025-09-10T12:00,32.7,59,6028.11
2025-09-10T13:00,33.1,56,6016.16
2025-09-10T14:00,33.2,55,6329.6
2025-09-10T15:00,32.9,56,6446.48
2025-09-10T16:00,32.2,59,6332.51
2025-09-10T17:00,31.3,63,6132.23
2025-09-10T18:00,30.1,66,5942.61
2025-09-10T19:00,29.3,70,5969.8
2025-09-10T20:00,28.6,73,5921.28
2025-09-10T21:00,28.0,76,5956.5
2025-09-10T22:00,27.4,79,6212.92
2025-09-10T23:00,26.9,80,6216.43
2025-09-11T00:00,26.5,81,5836.74
2025-09-11T01:00,26.0,80,5409.47
2025-09-11T02:00,25.7,79,5055.51
2025-09-11T03:00,25.5,79,4784.49
2025-09-11T04:00,25.1,79,4587.82
2025-09-11T05:00,24.7,79,4493.31
2025-09-11T06:00,26.4,77,4538.16
2025-09-11T07:00,27.2,76,4536.18
2025-09-11T08:00,28.3,73,4587.85
2025-09-11T09:00,29.7,69,5007.67
2025-09-11T10:00,30.9,63,5506.32
2025-09-11T11:00,32.0,58,5726.28
2025-09-11T12:00,32.5,55,5818.83
2025-09-11T13:00,32.6,54,5761.5
2025-09-11T14:00,32.8,53,6116.15
2025-09-11T15:00,32.8,52,6286.8
2025-09-11T16:00,32.3,54,6165.02
2025-09-11T17:00,31.5,57,5988.87
2025-09-11T18:00,30.2,65,5868.13
2025-09-11T19:00,29.4,69,5943.05
2025-09-11T20:00,28.9,70,5883.05
2025-09-11T21:00,28.1,75,5934.96
2025-09-11T22:00,27.5,79,6151.33
2025-09-11T23:00,26.9,83,6172.62
2025-09-12T00:00,26.5,84,5764.12
2025-09-12T01:00,26.1,83,5340.96
2025-09-12T02:00,25.7,80,5016.24
2025-09-12T03:00,25.3,78,4734.78
2025-09-12T04:00,24.9,78,4559.03
2025-09-12T05:00,24.6,80,4488.67
2025-09-12T06:00,25.9,80,4569.02
2025-09-12T07:00,26.9,77,4571.07
2025-09-12T08:00,28.3,71,4591.71
2025-09-12T09:00,29.8,66,5018.9
2025-09-12T10:00,31.1,61,5444.24
2025-09-12T11:00,32.1,56,5703.63
2025-09-12T12:00,33.0,52,5923.6
2025-09-12T13:00,33.3,50,5885.2
2025-09-12T14:00,33.5,49,6173.29
2025-09-12T15:00,33.3,50,6294.68
2025-09-12T16:00,32.8,52,6193.35
2025-09-12T17:00,32.0,55,6027.18
2025-09-12T18:00,31.6,56,5881.62
2025-09-12T19:00,31.0,59,5911.4
2025-09-12T20:00,30.1,67,5818.76
2025-09-12T21:00,29.7,71,5905.38
2025-09-12T22:00,29.1,74,6145.58
2025-09-12T23:00,28.4,75,6203.5
2025-09-13T00:00,27.8,79,5876.28
2025-09-13T01:00,27.6,80,5525.13
2025-09-13T02:00,27.4,80,5210.04
2025-09-13T03:00,27.1,80,4964.17
2025-09-13T04:00,26.7,80,4732.02
2025-09-13T05:00,26.3,79,4613.93
2025-09-13T06:00,27.7,73,4549.76
2025-09-13T07:00,28.5,69,4519.76
2025-09-13T08:00,29.2,66,4482.59
2025-09-13T09:00,30.9,60,4776.3
2025-09-13T10:00,33.0,49,5241.04
2025-09-13T11:00,34.3,44,5375.29
2025-09-13T12:00,35.0,42,5695.72
2025-09-13T13:00,35.3,41,5710.15
2025-09-13T14:00,34.8,42,5967.95
2025-09-13T15:00,34.4,44,6025.04
2025-09-13T16:00,33.4,49,5922.3
2025-09-13T17:00,32.5,54,5789.05
2025-09-13T18:00,32.9,48,5705.84
2025-09-13T19:00,32.5,50,5786.95
2025-09-13T20:00,32.0,53,5789.62
2025-09-13T21:00,31.2,57,5944.89
2025-09-13T22:00,30.4,60,6218.81
2025-09-13T23:00,29.7,64,6302.39
2025-09-14T00:00,29.0,68,5989.37
2025-09-14T01:00,28.5,70,5625.03
2025-09-14T02:00,28.0,73,5321.89
2025-09-14T03:00,27.6,77,5051.61
2025-09-14T04:00,27.3,78,4843.91
2025-09-14T05:00,27.0,80,4710.48
2025-09-14T06:00,27.6,81,4601.42
2025-09-14T07:00,29.0,73,4545.85
2025-09-14T08:00,31.5,59,4506.87
2025-09-14T09:00,33.4,48,4740.47
2025-09-14T10:00,34.9,42,5080.26
2025-09-14T11:00,35.6,39,5302.12
2025-09-14T12:00,36.1,38,5471.16
2025-09-14T13:00,36.2,39,5493.6
2025-09-14T14:00,36.5,38,5707.72
2025-09-14T15:00,36.2,39,5734.96
2025-09-14T16:00,35.3,42,5611.31
2025-09-14T17:00,34.3,45,5456.8
2025-09-14T18:00,33.3,50,5431.3
2025-09-14T19:00,33.0,50,5661.29
2025-09-14T20:00,32.7,51,5872.55
2025-09-14T21:00,32.0,56,6117.97
2025-09-14T22:00,31.1,61,6412.65
2025-09-14T23:00,30.4,65,6443.39
2025-09-15T00:00,29.8,68,6066.88
2025-09-15T01:00,29.1,71,5677.19
2025-09-15T02:00,28.6,73,5342.8
2025-09-15T03:00,28.1,75,5070.75
2025-09-15T04:00,27.8,76,4856.24
2025-09-15T05:00,27.3,75,4780.11
2025-09-15T06:00,28.6,68,4793.56
2025-09-15T07:00,29.5,62,4725.62
2025-09-15T08:00,31.4,54,4768.0
2025-09-15T09:00,33.3,46,5201.49
2025-09-15T10:00,34.7,41,5655.99
2025-09-15T11:00,35.6,39,5859.44
2025-09-15T12:00,36.3,38,6006.34
2025-09-15T13:00,36.4,37,6019.19
2025-09-15T14:00,36.4,38,6357.53
2025-09-15T15:00,36.0,39,6552.46
2025-09-15T16:00,35.2,42,6476.19
2025-09-15T17:00,34.3,44,6280.95
2025-09-15T18:00,33.5,47,6080.5
2025-09-15T19:00,33.4,47,6111.71
2025-09-15T20:00,33.3,48,6103.15
2025-09-15T21:00,32.8,53,6284.92
2025-09-15T22:00,32.1,53,6595.9
2025-09-15T23:00,31.3,58,6625.37
2025-09-16T00:00,30.5,62,6295.71
2025-09-16T01:00,29.5,67,5891.84
2025-09-16T02:00,28.8,70,5567.74
2025-09-16T03:00,28.4,71,5282.83
2025-09-16T04:00,28.0,73,5047.28
2025-09-16T05:00,27.3,77,4898.59
2025-09-16T06:00,28.8,62,4824.63
2025-09-16T07:00,29.2,60,4790.82
2025-09-16T08:00,30.4,56,4831.32
2025-09-16T09:00,32.4,48,5221.35
2025-09-16T10:00,34.1,43,5748.21
2025-09-16T11:00,35.3,40,5974.62
2025-09-16T12:00,36.2,38,6158.15
2025-09-16T13:00,36.8,37,6226.52
2025-09-16T14:00,36.6,38,6578.38
2025-09-16T15:00,35.7,41,6708.06
2025-09-16T16:00,35.2,42,6592.77
2025-09-16T17:00,34.3,45,6385.02
2025-09-16T18:00,32.6,56,6192.32
2025-09-16T19:00,32.6,53,6227.73
2025-09-16T20:00,31.0,61,6217.14
2025-09-16T21:00,30.0,67,6433.87
2025-09-16T22:00,29.2,71,6771.1
2025-09-16T23:00,28.4,74,6785.2
2025-09-17T00:00,27.9,75,6379.31
2025-09-17T01:00,27.5,76,5938.23
2025-09-17T02:00,27.1,77,5587.9
2025-09-17T03:00,26.9,79,5288.0
2025-09-17T04:00,27.0,80,5068.42
2025-09-17T05:00,26.7,80,4919.39
2025-09-17T06:00,27.4,76,4911.77
2025-09-17T07:00,28.8,70,4899.09
2025-09-17T08:00,30.6,64,4994.64
2025-09-17T09:00,32.5,55,5405.32
2025-09-17T10:00,33.9,49,5933.96
2025-09-17T11:00,35.1,44,6162.08
2025-09-17T12:00,36.2,40,6369.51
2025-09-17T13:00,36.4,38,6381.61
2025-09-17T14:00,36.3,39,6683.12
2025-09-17T15:00,35.8,40,6727.76
2025-09-17T16:00,35.2,42,6417.91
2025-09-17T17:00,34.2,45,6181.26
2025-09-17T18:00,31.6,61,6111.93
2025-09-17T19:00,31.4,62,6206.2
2025-09-17T20:00,31.1,64,6167.82
2025-09-17T21:00,30.7,65,6252.79
2025-09-17T22:00,29.5,73,6498.54
2025-09-17T23:00,28.5,79,6492.74
2025-09-18T00:00,27.8,82,6147.68
2025-09-18T01:00,27.2,85,5758.42
2025-09-18T02:00,26.3,87,5448.82
2025-09-18T03:00,25.8,88,5195.45
2025-09-18T04:00,25.4,89,4973.26
2025-09-18T05:00,25.1,90,4828.42
2025-09-18T06:00,27.3,82,4789.79
2025-09-18T07:00,27.9,79,4773.97
2025-09-18T08:00,29.4,73,4855.88
2025-09-18T09:00,31.4,63,5324.57
2025-09-18T10:00,33.3,52,5878.27
2025-09-18T11:00,34.9,45,6141.78
2025-09-18T12:00,34.9,43,6272.03
2025-09-18T13:00,32.8,48,6055.72
2025-09-18T14:00,31.9,55,6147.71
2025-09-18T15:00,32.2,56,6269.19
2025-09-18T16:00,32.5,55,6312.16
2025-09-18T17:00,32.0,57,6229.4
2025-09-18T18:00,32.7,51,6149.35
2025-09-18T19:00,32.0,57,6191.26
2025-09-18T20:00,31.6,60,6135.91
2025-09-18T21:00,31.1,63,6236.98
2025-09-18T22:00,30.3,67,6504.06
2025-09-18T23:00,29.5,71,6502.73
2025-09-19T00:00,28.9,75,6126.69
2025-09-19T01:00,28.4,78,5724.9
2025-09-19T02:00,28.0,81,5384.1
2025-09-19T03:00,27.5,84,5105.98
2025-09-19T04:00,27.1,86,4919.55
2025-09-19T05:00,26.8,88,4823.41
2025-09-19T06:00,27.5,79,4853.22
2025-09-19T07:00,28.6,72,4888.55
2025-09-19T08:00,30.7,64,4974.24
2025-09-19T09:00,32.6,53,5393.07
2025-09-19T10:00,32.4,52,5933.84
2025-09-19T11:00,33.5,47,6168.2
2025-09-19T12:00,34.8,41,6360.75
2025-09-19T13:00,34.9,42,6337.61
2025-09-19T14:00,35.4,41,6672.27
2025-09-19T15:00,35.5,41,6788.81
2025-09-19T16:00,34.6,42,6663.05
2025-09-19T17:00,33.6,47,6467.05
2025-09-19T18:00,32.6,54,6290.01
2025-09-19T19:00,31.9,59,6324.59
2025-09-19T20:00,31.3,61,6234.68
2025-09-19T21:00,30.7,63,6331.34
2025-09-19T22:00,30.2,67,6608.51
2025-09-19T23:00,29.7,69,6647.41
2025-09-20T00:00,29.2,72,6309.79
2025-09-20T01:00,28.5,73,5901.8
2025-09-20T02:00,28.1,73,5573.07
2025-09-20T03:00,27.5,76,5309.81
2025-09-20T04:00,27.1,79,5077.22
2025-09-20T05:00,26.8,80,4950.15
2025-09-20T06:00,28.2,79,4875.36
2025-09-20T07:00,29.2,74,4844.73
2025-09-20T08:00,31.3,59,4859.38
2025-09-20T09:00,33.3,45,5181.24
2025-09-20T10:00,34.5,40,5657.28
2025-09-20T11:00,35.3,38,5886.76
2025-09-20T12:00,35.8,37,6024.46
2025-09-20T13:00,36.2,37,6028.83
2025-09-20T14:00,36.0,37,6288.02
2025-09-20T15:00,35.7,37,6406.99
2025-09-20T16:00,35.0,39,6277.4
2025-09-20T17:00,34.0,41,6044.06
2025-09-20T18:00,32.8,45,5908.77
2025-09-20T19:00,32.1,48,5940.14
2025-09-20T20:00,31.2,53,5911.21
2025-09-20T21:00,30.4,59,6037.19
2025-09-20T22:00,29.7,61,6304.45
2025-09-20T23:00,28.8,65,6405.31
2025-09-21T00:00,28.1,66,6128.67
2025-09-21T01:00,27.3,68,5758.78
2025-09-21T02:00,26.6,69,5436.43
2025-09-21T03:00,26.1,71,5148.67
2025-09-21T04:00,25.7,72,4932.47
2025-09-21T05:00,25.4,71,4763.23
2025-09-21T06:00,27.1,73,4627.44
2025-09-21T07:00,28.1,69,4537.79
2025-09-21T08:00,30.2,61,4459.78
2025-09-21T09:00,32.3,54,4646.94
2025-09-21T10:00,33.9,45,5027.41
2025-09-21T11:00,35.1,40,5330.75
2025-09-21T12:00,35.8,37,5504.74
2025-09-21T13:00,36.3,35,5534.15
2025-09-21T14:00,36.4,34,5803.68
2025-09-21T15:00,36.1,35,5900.24
2025-09-21T16:00,35.3,38,5736.51
2025-09-21T17:00,34.2,43,5526.53
2025-09-21T18:00,33.2,44,5466.51
2025-09-21T19:00,32.8,44,5577.9
2025-09-21T20:00,32.2,46,5716.74
2025-09-21T21:00,31.1,51,5968.16
2025-09-21T22:00,30.4,55,6306.43
2025-09-21T23:00,29.7,57,6422.25
2025-09-22T00:00,28.7,62,6145.92
2025-09-22T01:00,27.9,65,5734.97
2025-09-22T02:00,27.3,67,5389.05
2025-09-22T03:00,26.9,67,5103.5
2025-09-22T04:00,26.5,68,4900.55
2025-09-22T05:00,26.1,68,4783.99
2025-09-22T06:00,27.3,74,4756.4
2025-09-22T07:00,28.5,68,4743.79
2025-09-22T08:00,30.5,59,4815.52
2025-09-22T09:00,32.7,50,5256.23
2025-09-22T10:00,34.1,44,5731.79
2025-09-22T11:00,35.3,39,5884.19
2025-09-22T12:00,36.4,34,6052.32
2025-09-22T13:00,36.9,31,6066.5
2025-09-22T14:00,36.8,31,6394.07
2025-09-22T15:00,36.6,31,6561.16
2025-09-22T16:00,35.5,36,6438.44
2025-09-22T17:00,34.5,39,6180.07
2025-09-22T18:00,34.0,39,6011.2
2025-09-22T19:00,33.0,43,5999.2
2025-09-22T20:00,32.1,46,5992.69
2025-09-22T21:00,31.2,50,6173.32
2025-09-22T22:00,30.6,51,6484.34
2025-09-22T23:00,30.2,51,6525.78
2025-09-23T00:00,29.9,52,6170.84
2025-09-23T01:00,28.9,55,5747.57
2025-09-23T02:00,27.8,58,5398.35
2025-09-23T03:00,27.0,61,5093.81
2025-09-23T04:00,26.5,63,4873.76
2025-09-23T05:00,26.1,65,4756.64
2025-09-23T06:00,27.0,71,4700.99
2025-09-23T07:00,27.8,68,4670.78
2025-09-23T08:00,29.8,57,4721.26
2025-09-23T09:00,32.0,50,5104.17
2025-09-23T10:00,33.9,46,5586.72
2025-09-23T11:00,35.4,38,5776.42
2025-09-23T12:00,36.4,34,5875.44
2025-09-23T13:00,36.7,33,5786.61
2025-09-23T14:00,36.6,33,6081.59
2025-09-23T15:00,36.1,33,6306.77
2025-09-23T16:00,35.2,35,6204.55
2025-09-23T17:00,34.2,36,5996.77
2025-09-23T18:00,33.2,38,5825.66
2025-09-23T19:00,32.6,39,5849.44
2025-09-23T20:00,32.2,39,5769.71
2025-09-23T21:00,31.5,41,5879.55
2025-09-23T22:00,30.9,44,6187.34
2025-09-23T23:00,29.6,49,6280.03
2025-09-24T00:00,28.4,55,5997.29
2025-09-24T01:00,27.9,58,5608.28
2025-09-24T02:00,27.3,60,5267.72
2025-09-24T03:00,26.7,61,4986.66
2025-09-24T04:00,26.3,61,4777.28
2025-09-24T05:00,25.8,62,4619.84
2025-09-24T06:00,26.3,68,4585.0
2025-09-24T07:00,27.2,63,4547.38
2025-09-24T08:00,29.1,58,4636.06
2025-09-24T09:00,31.1,52,5038.97
2025-09-24T10:00,33.0,47,5519.16
2025-09-24T11:00,34.6,39,5696.22
2025-09-24T12:00,35.5,34,5814.68
2025-09-24T13:00,36.0,33,5784.12
2025-09-24T14:00,36.1,32,6101.44
2025-09-24T15:00,35.7,32,6325.7
2025-09-24T16:00,35.0,34,6257.36
2025-09-24T17:00,33.7,39,6055.82
2025-09-24T18:00,33.1,44,5954.16
2025-09-24T19:00,32.5,46,5962.4
2025-09-24T20:00,32.0,48,5858.28
2025-09-24T21:00,31.2,51,5959.34
2025-09-24T22:00,30.3,55,6251.85
2025-09-24T23:00,29.4,59,6325.46
2025-09-25T00:00,28.5,63,6040.8
2025-09-25T01:00,28.0,66,5644.14
2025-09-25T02:00,27.5,67,5303.81
2025-09-25T03:00,27.0,69,5028.27
2025-09-25T04:00,26.4,72,4803.97
2025-09-25T05:00,25.9,74,4662.99
2025-09-25T06:00,26.0,75,4635.09
2025-09-25T07:00,27.0,68,4590.54
2025-09-25T08:00,29.2,57,4644.04
2025-09-25T09:00,31.7,48,5035.19
2025-09-25T10:00,33.7,41,5519.35
2025-09-25T11:00,35.0,36,5714.09
2025-09-25T12:00,35.8,34,5850.9
2025-09-25T13:00,36.1,34,5819.47
2025-09-25T14:00,36.2,33,6137.67
2025-09-25T15:00,35.9,33,6333.87
2025-09-25T16:00,35.1,36,6293.24
2025-09-25T17:00,33.8,41,6107.92
2025-09-25T18:00,33.0,44,6044.29
2025-09-25T19:00,32.4,46,6010.54
2025-09-25T20:00,31.7,50,5909.18
2025-09-25T21:00,31.0,51,5991.77
2025-09-25T22:00,30.4,52,6276.11
2025-09-25T23:00,29.9,53,6355.09
2025-09-26T00:00,29.3,54,6078.21
2025-09-26T01:00,28.5,57,5697.95
2025-09-26T02:00,27.6,61,5331.91
2025-09-26T03:00,26.7,66,5034.25
2025-09-26T04:00,26.2,69,4827.89
2025-09-26T05:00,25.8,71,4701.44
2025-09-26T06:00,26.7,76,4702.05
2025-09-26T07:00,27.7,72,4707.69
2025-09-26T08:00,29.8,62,4790.31
2025-09-26T09:00,32.5,50,5208.25
2025-09-26T10:00,34.4,40,5676.07
2025-09-26T11:00,35.6,36,5841.34
2025-09-26T12:00,36.4,33,6006.85
2025-09-26T13:00,36.9,31,5959.75
2025-09-26T14:00,37.0,30,6280.8
2025-09-26T15:00,36.6,32,6535.7
2025-09-26T16:00,35.4,39,6457.38
2025-09-26T17:00,34.2,45,6227.4
2025-09-26T18:00,33.5,49,6112.78
2025-09-26T19:00,33.0,51,6067.15
2025-09-26T20:00,32.3,55,5973.01
2025-09-26T21:00,31.6,58,6071.57
2025-09-26T22:00,31.0,59,6366.67
2025-09-26T23:00,30.4,59,6498.71
2025-09-27T00:00,29.6,61,6201.44
2025-09-27T01:00,29.1,62,5837.84
2025-09-27T02:00,28.7,63,5482.61
2025-09-27T03:00,28.2,65,5193.92
2025-09-27T04:00,27.8,67,4958.8
2025-09-27T05:00,27.2,70,4827.2
2025-09-27T06:00,28.1,73,4746.6
2025-09-27T07:00,29.1,69,4721.02
2025-09-27T08:00,31.3,60,4700.29
2025-09-27T09:00,33.4,51,5001.44
2025-09-27T10:00,35.0,44,5558.74
2025-09-27T11:00,36.5,39,5801.34
2025-09-27T12:00,37.7,35,5950.89
2025-09-27T13:00,38.6,33,5945.07
2025-09-27T14:00,38.7,32,6225.52
2025-09-27T15:00,37.3,35,6423.62
2025-09-27T16:00,36.0,38,6306.46
2025-09-27T17:00,34.9,45,6113.43
2025-09-27T18:00,34.5,45,6097.67
2025-09-27T19:00,33.4,53,6136.87
2025-09-27T20:00,33.0,56,6128.11
2025-09-27T21:00,32.0,60,6267.94
2025-09-27T22:00,31.3,65,6556.58
2025-09-27T23:00,30.8,69,6672.9
2025-09-28T00:00,30.4,71,6428.7
2025-09-28T01:00,30.1,71,6076.13
2025-09-28T02:00,29.6,72,5721.42
2025-09-28T03:00,29.0,74,5396.84
2025-09-28T04:00,28.6,76,5151.19
2025-09-28T05:00,28.3,77,4984.94
2025-09-28T06:00,29.3,75,4827.73
2025-09-28T07:00,30.0,71,4754.58
2025-09-28T08:00,31.2,66,4714.2
2025-09-28T09:00,32.6,59,4923.04
2025-09-28T10:00,34.2,50,5328.89
2025-09-28T11:00,35.4,43,5633.34
2025-09-28T12:00,36.0,41,5862.26
2025-09-28T13:00,36.3,42,5915.61
2025-09-28T14:00,36.5,41,6194.58
2025-09-28T15:00,36.3,42,6319.79
2025-09-28T16:00,35.7,44,6109.77
2025-09-28T17:00,34.7,48,5852.63
2025-09-28T18:00,33.4,55,5815.71
2025-09-28T19:00,32.8,58,5990.27
2025-09-28T20:00,32.5,59,6167.95
2025-09-28T21:00,32.0,62,6382.26
2025-09-28T22:00,31.2,66,6708.37
2025-09-28T23:00,30.5,70,6811.19
2025-09-29T00:00,29.9,73,6586.61
2025-09-29T01:00,29.4,74,6205.04
2025-09-29T02:00,28.9,76,5832.14
2025-09-29T03:00,28.5,78,5512.61
2025-09-29T04:00,28.1,79,5245.6
2025-09-29T05:00,27.8,81,5098.26
2025-09-29T06:00,28.3,76,5006.68
2025-09-29T07:00,29.0,74,4978.19
2025-09-29T08:00,30.6,68,5022.64
2025-09-29T09:00,32.4,58,5516.89
2025-09-29T10:00,33.7,51,6076.52
2025-09-29T11:00,34.8,45,6333.26
2025-09-29T12:00,35.5,41,6499.6
2025-09-29T13:00,36.1,40,6442.19
2025-09-29T14:00,36.2,39,6805.0
2025-09-29T15:00,36.3,39,6999.81
2025-09-29T16:00,35.9,39,6835.54
2025-09-29T17:00,34.7,43,6525.85
2025-09-29T18:00,34.0,46,6411.49
2025-09-29T19:00,33.1,49,6423.6
2025-09-29T20:00,32.3,52,6394.85
2025-09-29T21:00,31.9,55,6570.33
2025-09-29T22:00,31.3,58,6877.47
2025-09-29T23:00,30.2,65,6989.54
2025-09-30T00:00,29.4,71,6701.26
2025-09-30T01:00,28.8,74,6306.94
2025-09-30T02:00,28.6,75,5951.58
2025-09-30T03:00,26.6,83,5635.61
2025-09-30T04:00,24.4,93,5403.85
2025-09-30T05:00,24.6,92,5263.2
2025-09-30T06:00,27.3,81,5185.51
2025-09-30T07:00,28.2,77,5159.71
2025-09-30T08:00,29.7,71,5250.25
2025-09-30T09:00,31.9,60,5735.99
2025-09-30T10:00,33.4,52,6264.07
2025-09-30T11:00,34.4,47,5976.09
2025-09-30T12:00,34.8,45,5466.33
2025-09-30T13:00,34.4,46,5170.36
2025-09-30T14:00,34.4,45,5169.98
2025-09-30T15:00,33.6,47,5451.12
2025-09-30T16:00,33.3,48,5564.06
2025-09-30T17:00,33.0,49,5555.3
2025-09-30T18:00,32.5,52,5552.26
2025-09-30T19:00,31.8,56,5383.93
2025-09-30T20:00,31.1,61,5162.25
2025-09-30T21:00,30.3,66,5095.56
2025-09-30T22:00,29.8,69,5232.22
2025-09-30T23:00,29.2,71,5268.88
2025-10-01T00:00,28.8,72,5058.46
2025-10-01T01:00,28.5,73,4788.05
2025-10-01T02:00,28.0,74,4523.89
2025-10-01T03:00,27.5,76,4318.04
2025-10-01T04:00,27.1,78,4177.18
2025-10-01T05:00,24.6,93,4168.8
2025-10-01T06:00,24.5,91,4230.39
2025-10-01T07:00,25.3,88,4296.06
2025-10-01T08:00,27.0,81,4406.22
2025-10-01T09:00,28.5,72,4788.95
2025-10-01T10:00,29.9,65,5291.99
2025-10-01T11:00,30.7,63,5539.84
2025-10-01T12:00,32.1,58,5689.14
2025-10-01T13:00,32.7,53,5577.0
2025-10-01T14:00,33.5,49,5799.32
2025-10-01T15:00,28.5,75,5899.38
2025-10-01T16:00,27.9,76,5848.79
2025-10-01T17:00,27.8,74,5758.04
2025-10-01T18:00,28.2,74,5751.85
2025-10-01T19:00,28.2,77,5651.88
2025-10-01T20:00,28.0,79,5422.12
2025-10-01T21:00,27.9,80,5354.93
2025-10-01T22:00,27.7,79,5480.4
2025-10-01T23:00,26.4,83,5541.88
2025-10-02T00:00,26.6,83,5378.24
2025-10-02T01:00,26.5,82,5128.83
2025-10-02T02:00,26.3,84,4853.53
2025-10-02T03:00,26.2,85,4606.66
2025-10-02T04:00,25.3,85,4415.32
2025-10-02T05:00,24.4,90,4340.91
2025-10-02T06:00,25.1,87,4276.91
2025-10-02T07:00,26.4,80,4178.38
2025-10-02T08:00,28.7,70,4057.2
2025-10-02T09:00,30.3,63,4007.13
2025-10-02T10:00,31.7,56,4146.51
2025-10-02T11:00,31.1,56,4343.26
2025-10-02T12:00,32.4,51,4482.44
2025-10-02T13:00,32.3,52,4574.76
2025-10-02T14:00,31.6,55,4638.57
2025-10-02T15:00,31.9,54,4505.01
2025-10-02T16:00,31.5,50,4345.37
2025-10-02T17:00,28.8,73,4267.28
2025-10-02T18:00,28.0,72,4185.33
2025-10-02T19:00,27.7,73,4180.76
2025-10-02T20:00,27.8,73,4349.3
2025-10-02T21:00,27.7,75,4597.82
2025-10-02T22:00,27.3,79,4852.13
2025-10-02T23:00,27.2,87,4907.94
2025-10-03T00:00,26.5,91,4686.22
2025-10-03T01:00,26.4,90,4425.6
2025-10-03T02:00,25.9,93,4196.3
2025-10-03T03:00,25.4,94,3987.82
2025-10-03T04:00,25.0,94,3835.0
2025-10-03T05:00,25.0,94,3820.72
2025-10-03T06:00,25.1,94,3945.01
2025-10-03T07:00,25.8,89,4033.33
2025-10-03T08:00,27.4,79,4213.72
2025-10-03T09:00,29.1,68,4757.93
2025-10-03T10:00,30.5,60,5276.05
2025-10-03T11:00,31.1,56,5513.19
2025-10-03T12:00,32.5,52,5604.38
2025-10-03T13:00,33.2,49,5456.76
2025-10-03T14:00,33.6,48,5693.55
2025-10-03T15:00,33.5,47,5839.77
2025-10-03T16:00,32.5,50,5723.24
2025-10-03T17:00,31.6,55,5618.01
2025-10-03T18:00,31.1,57,5627.17
2025-10-03T19:00,30.8,59,5566.82
2025-10-03T20:00,30.3,63,5407.11
2025-10-03T21:00,29.5,67,5345.27
2025-10-03T22:00,28.8,73,5510.15
2025-10-03T23:00,29.0,74,5550.49
2025-10-04T00:00,29.0,74,5287.2
2025-10-04T01:00,28.0,78,4969.83
2025-10-04T02:00,27.0,83,4686.01
2025-10-04T03:00,26.5,85,4430.29
2025-10-04T04:00,26.3,86,4257.94
2025-10-04T05:00,26.8,83,4207.52
2025-10-04T06:00,27.0,81,4226.19
2025-10-04T07:00,27.6,76,4271.14
2025-10-04T08:00,29.5,64,4345.04
2025-10-04T09:00,31.2,53,4679.58
2025-10-04T10:00,32.6,47,5151.1
2025-10-04T11:00,33.3,45,5334.99
2025-10-04T12:00,34.2,40,5443.22
2025-10-04T13:00,34.6,38,5352.18
2025-10-04T14:00,34.6,37,5451.65
2025-10-04T15:00,34.3,39,5590.59
2025-10-04T16:00,33.6,42,5517.71
2025-10-04T17:00,32.3,47,5415.58
2025-10-04T18:00,31.3,52,5474.19
2025-10-04T19:00,30.6,56,5471.7
2025-10-04T20:00,30.3,57,5300.97
2025-10-04T21:00,30.0,58,5278.3
2025-10-04T22:00,29.1,62,5394.9
2025-10-04T23:00,28.3,65,5423.42
2025-10-05T00:00,27.6,67,5171.65
2025-10-05T01:00,27.0,69,4866.11
2025-10-05T02:00,26.4,70,4586.78
2025-10-05T03:00,25.7,73,4362.25
2025-10-05T04:00,25.2,76,4203.11
2025-10-05T05:00,25.4,85,4140.15
2025-10-05T06:00,25.6,82,4066.27
2025-10-05T07:00,26.5,75,4034.77
2025-10-05T08:00,28.4,64,4021.41
2025-10-05T09:00,30.4,58,4259.99
2025-10-05T10:00,31.8,51,4620.01
2025-10-05T11:00,31.0,50,4811.85
2025-10-05T12:00,32.2,48,4858.17
2025-10-05T13:00,33.4,42,4654.83
2025-10-05T14:00,33.9,37,4864.34
2025-10-05T15:00,33.7,38,4859.2
2025-10-05T16:00,32.9,41,5154.43
2025-10-05T17:00,32.4,44,5044.38
2025-10-05T18:00,31.1,50,5146.77
2025-10-05T19:00,30.4,57,5218.88
2025-10-05T20:00,29.7,58,5215.27
2025-10-05T21:00,28.9,60,5353.92
2025-10-05T22:00,28.0,68,5567.91
2025-10-05T23:00,23.7,82,5570.71
2025-10-06T00:00,22.6,90,4980.9
2025-10-06T01:00,22.8,91,4469.71
2025-10-06T02:00,22.8,92,4350.23
2025-10-06T03:00,22.9,91,4211.59
2025-10-06T04:00,22.8,91,4106.89
2025-10-06T05:00,24.2,83,4116.31
2025-10-06T06:00,24.3,83,4255.58
2025-10-06T07:00,25.0,76,4316.59
2025-10-06T08:00,26.1,70,4358.44
2025-10-06T09:00,26.1,70,4597.3
2025-10-06T10:00,27.0,67,4847.51
2025-10-06T11:00,29.2,52,5054.38
2025-10-06T12:00,25.5,73,4945.11
2025-10-06T13:00,24.8,81,4664.27
2025-10-06T14:00,23.5,93,4695.62
2025-10-06T15:00,24.5,86,4693.2
2025-10-06T16:00,24.3,86,4636.08
2025-10-06T17:00,23.6,90,4689.11
2025-10-06T18:00,22.7,95,4709.22
2025-10-06T19:00,22.7,94,4511.71
2025-10-06T20:00,22.6,94,4204.36
2025-10-06T21:00,22.4,96,3953.42
2025-10-06T22:00,22.3,96,3866.65
2025-10-06T23:00,22.6,96,3781.2
2025-10-07T00:00,22.7,96,3550.01
2025-10-07T01:00,22.1,97,3368.99
2025-10-07T02:00,21.7,98,3218.75
2025-10-07T03:00,22.1,98,3080.69
2025-10-07T04:00,22.3,96,3022.91
2025-10-07T05:00,22.1,97,3094.97
2025-10-07T06:00,22.0,98,3285.08
2025-10-07T07:00,22.5,92,3547.3
2025-10-07T08:00,23.1,90,3719.52
2025-10-07T09:00,24.3,85,4083.38
2025-10-07T10:00,25.6,80,4539.95
2025-10-07T11:00,26.9,68,4693.33
2025-10-07T12:00,27.5,67,4758.06
2025-10-07T13:00,28.2,65,4575.09
2025-10-07T14:00,28.5,63,4701.37
2025-10-07T15:00,26.3,71,4728.8
2025-10-07T16:00,25.7,74,4529.94
2025-10-07T17:00,22.3,83,4422.04
2025-10-07T18:00,21.9,87,4431.39
2025-10-07T19:00,21.4,92,4277.83
2025-10-07T20:00,21.1,93,3969.9
2025-10-07T21:00,21.0,95,3680.34
2025-10-07T22:00,20.7,96,3553.69
2025-10-07T23:00,21.0,98,3422.78
2025-10-08T00:00,21.1,98,3154.36
2025-10-08T01:00,21.1,97,2978.02
2025-10-08T02:00,21.0,97,2849.1
2025-10-08T03:00,20.8,98,2748.13
2025-10-08T04:00,20.6,98,2769.76
2025-10-08T05:00,20.4,99,2957.19
2025-10-08T06:00,20.7,97,3370.21
2025-10-08T07:00,21.3,94,3599.56
2025-10-08T08:00,22.3,86,3694.63
2025-10-08T09:00,23.2,84,4008.35
2025-10-08T10:00,24.1,80,4328.39
2025-10-08T11:00,24.9,76,4373.44
2025-10-08T12:00,25.7,70,4360.76
2025-10-08T13:00,25.7,67,4072.76
2025-10-08T14:00,24.5,71,4193.85
2025-10-08T15:00,23.6,77,4287.45
2025-10-08T16:00,24.2,76,4335.91
2025-10-08T17:00,24.0,81,4389.97
2025-10-08T18:00,23.7,82,4486.07
2025-10-08T19:00,23.4,82,4313.95
2025-10-08T20:00,22.8,83,3964.02
2025-10-08T21:00,22.0,86,3672.52
2025-10-08T22:00,21.4,88,3510.31
2025-10-08T23:00,21.8,89,3319.65
2025-10-09T00:00,22.0,89,3077.45
2025-10-09T01:00,21.7,91,2901.35
2025-10-09T02:00,21.4,92,2761.84
2025-10-09T03:00,21.1,93,2673.78
2025-10-09T04:00,20.7,94,2667.77
2025-10-09T05:00,20.6,92,2861.15
2025-10-09T06:00,20.8,92,3279.66
2025-10-09T07:00,21.4,91,3521.76
2025-10-09T08:00,22.7,88,3594.88
2025-10-09T09:00,24.2,83,3896.61
2025-10-09T10:00,25.0,78,4223.86
2025-10-09T11:00,26.4,68,4346.94
2025-10-09T12:00,27.5,58,4386.04
2025-10-09T13:00,28.2,50,4121.61
2025-10-09T14:00,28.2,49,4279.17
2025-10-09T15:00,28.0,49,4366.73
2025-10-09T16:00,27.4,53,4402.91
2025-10-09T17:00,26.3,61,4430.46
2025-10-09T18:00,24.6,66,4512.04
2025-10-09T19:00,23.8,68,4341.81
2025-10-09T20:00,23.1,69,3965.83
2025-10-09T21:00,22.5,70,3664.92
2025-10-09T22:00,21.8,73,3494.65
2025-10-09T23:00,21.8,79,3323.33
2025-10-10T00:00,21.5,80,3063.76
2025-10-10T01:00,21.0,81,2868.13
2025-10-10T02:00,20.6,82,2742.93
2025-10-10T03:00,20.1,83,2695.62
2025-10-10T04:00,19.5,85,2754.97
2025-10-10T05:00,19.4,89,2821.07
2025-10-10T06:00,19.5,89,3078.8
2025-10-10T07:00,20.5,86,3330.8
2025-10-10T08:00,22.1,81,3522.63
2025-10-10T09:00,24.0,75,3903.51
2025-10-10T10:00,25.7,65,4312.37
2025-10-10T11:00,27.0,56,4420.54
2025-10-10T12:00,27.8,51,4424.34
2025-10-10T13:00,28.3,46,4186.63
2025-10-10T14:00,28.5,43,4250.44
2025-10-10T15:00,28.4,43,4305.47
2025-10-10T16:00,27.8,48,4303.42
2025-10-10T17:00,26.3,55,4315.86
2025-10-10T18:00,24.4,61,4370.36
2025-10-10T19:00,23.3,67,4145.35
2025-10-10T20:00,23.0,66,3816.97
2025-10-10T21:00,22.5,68,3579.91
2025-10-10T22:00,22.4,67,3464.75
2025-10-10T23:00,21.8,73,3291.27
2025-10-11T00:00,21.4,74,3057.33
2025-10-11T01:00,20.5,79,2882.78
2025-10-11T02:00,19.9,82,2759.89
2025-10-11T03:00,19.6,82,2696.05
2025-10-11T04:00,19.2,83,2707.81
2025-10-11T05:00,19.4,88,2817.83
2025-10-11T06:00,19.9,85,3027.93
2025-10-11T07:00,20.8,83,3277.0
2025-10-11T08:00,22.7,78,3411.56
2025-10-11T09:00,25.0,68,3687.12
2025-10-11T10:00,26.6,58,4024.43
2025-10-11T11:00,27.2,53,4118.92
2025-10-11T12:00,28.0,50,4154.09
2025-10-11T13:00,28.8,47,3962.4
2025-10-11T14:00,29.0,44,4007.35
2025-10-11T15:00,28.8,44,4011.69
2025-10-11T16:00,27.9,50,4012.24
2025-10-11T17:00,27.0,59,4096.93
2025-10-11T18:00,25.3,65,4256.42
2025-10-11T19:00,24.4,67,4133.66
2025-10-11T20:00,23.7,69,3894.38
2025-10-11T21:00,23.0,70,3617.05
2025-10-11T22:00,22.5,72,3468.99
2025-10-11T23:00,23.2,73,3293.29
2025-10-12T00:00,23.1,73,3069.93
2025-10-12T01:00,22.3,77,2873.59
2025-10-12T02:00,21.6,78,2734.72
2025-10-12T03:00,21.0,78,2675.01
2025-10-12T04:00,20.5,79,2659.27
2025-10-12T05:00,20.6,86,2730.38
2025-10-12T06:00,21.0,84,2870.62
2025-10-12T07:00,22.1,79,3066.97
2025-10-12T08:00,23.7,75,3187.71
2025-10-12T09:00,25.6,68,3454.19
2025-10-12T10:00,27.5,59,3785.44
2025-10-12T11:00,29.0,49,3938.22
2025-10-12T12:00,30.1,42,3995.32
2025-10-12T13:00,30.6,39,3791.44
2025-10-12T14:00,30.7,38,3839.13
2025-10-12T15:00,30.3,39,3812.58
2025-10-12T16:00,29.6,43,3815.2
2025-10-12T17:00,28.0,48,3872.61
2025-10-12T18:00,26.3,56,4064.81
2025-10-12T19:00,25.5,61,3991.16
2025-10-12T20:00,25.0,63,3819.54
2025-10-12T21:00,24.4,65,3647.75
2025-10-12T22:00,23.4,69,3511.36
2025-10-12T23:00,22.9,74,3404.05
2025-10-13T00:00,22.9,73,3106.91
2025-10-13T01:00,22.3,74,2928.86
2025-10-13T02:00,22.1,73,2776.81
2025-10-13T03:00,21.9,72,2687.37
2025-10-13T04:00,21.6,72,2701.07
2025-10-13T05:00,20.4,85,2904.53
2025-10-13T06:00,20.5,86,3363.19
2025-10-13T07:00,21.8,81,3557.33
2025-10-13T08:00,23.8,73,3608.17
2025-10-13T09:00,26.1,63,3972.45
2025-10-13T10:00,28.3,52,4349.72
2025-10-13T11:00,29.7,41,4453.35
2025-10-13T12:00,30.9,36,4437.56
2025-10-13T13:00,31.5,34,4168.06
2025-10-13T14:00,31.7,33,4258.28
2025-10-13T15:00,31.6,33,4368.6
2025-10-13T16:00,30.9,34,4367.93
2025-10-13T17:00,28.7,53,4422.91
2025-10-13T18:00,27.4,53,4540.02
2025-10-13T19:00,27.0,54,4377.15
2025-10-13T20:00,26.2,55,4063.86
2025-10-13T21:00,25.2,59,3819.53
2025-10-13T22:00,24.1,63,3662.3
2025-10-13T23:00,23.1,73,3468.53
2025-10-14T00:00,22.9,73,3225.73
2025-10-14T01:00,23.0,70,3033.82
2025-10-14T02:00,22.4,71,2885.84
2025-10-14T03:00,21.8,70,2812.28
2025-10-14T04:00,21.2,72,2813.66
2025-10-14T05:00,21.1,78,2999.95
2025-10-14T06:00,21.3,80,3449.46
2025-10-14T07:00,22.8,73,3641.12
2025-10-14T08:00,25.1,65,3650.23
2025-10-14T09:00,27.7,52,3996.99
2025-10-14T10:00,29.6,36,4330.78
2025-10-14T11:00,30.3,33,4405.63
2025-10-14T12:00,31.3,31,4397.67
2025-10-14T13:00,31.9,29,4188.42
2025-10-14T14:00,32.0,29,4322.15
2025-10-14T15:00,31.8,29,4411.09
2025-10-14T16:00,31.1,30,4421.61
2025-10-14T17:00,29.5,33,4476.91
2025-10-14T18:00,27.9,45,4586.74
2025-10-14T19:00,27.4,45,4406.93
2025-10-14T20:00,26.7,47,4075.2
2025-10-14T21:00,25.9,50,3798.62
2025-10-14T22:00,25.6,50,3651.58
2025-10-14T23:00,25.0,59,3489.58
2025-10-15T00:00,24.6,60,3230.68
2025-10-15T01:00,24.3,59,3031.46
2025-10-15T02:00,24.3,59,2888.24
2025-10-15T03:00,23.9,60,2797.41
2025-10-15T04:00,23.2,62,2806.47
2025-10-15T05:00,21.8,73,3010.55
2025-10-15T06:00,21.2,77,3473.84
2025-10-15T07:00,22.6,71,3640.56
2025-10-15T08:00,25.0,61,3686.14
2025-10-15T09:00,27.5,50,4034.9
2025-10-15T10:00,29.6,35,4377.11
2025-10-15T11:00,30.5,31,4472.91
2025-10-15T12:00,31.3,28,4531.06
2025-10-15T13:00,31.8,28,4230.23
2025-10-15T14:00,31.9,28,4349.46
2025-10-15T15:00,31.6,28,4435.07
2025-10-15T16:00,30.9,29,4413.25
2025-10-15T17:00,29.5,33,4488.47
2025-10-15T18:00,27.5,46,4566.95
2025-10-15T19:00,27.2,48,4382.45
2025-10-15T20:00,26.4,46,4074.48
2025-10-15T21:00,25.7,48,3790.72
2025-10-15T22:00,25.4,48,3634.24
2025-10-15T23:00,24.2,58,3444.38
2025-10-16T00:00,23.1,64,3211.07
2025-10-16T01:00,22.2,67,3018.16
2025-10-16T02:00,21.3,71,2888.77
2025-10-16T03:00,20.8,70,2802.25
2025-10-16T04:00,20.3,70,2810.34
2025-10-16T05:00,20.2,75,2993.32
2025-10-16T06:00,20.5,72,3422.24
2025-10-16T07:00,22.0,65,3595.51
2025-10-16T08:00,24.6,57,3612.38
2025-10-16T09:00,27.5,46,3952.32
2025-10-16T10:00,29.4,38,4324.08
2025-10-16T11:00,30.3,34,4422.24
2025-10-16T12:00,31.1,32,4445.32
2025-10-16T13:00,31.5,32,4215.49
2025-10-16T14:00,31.7,32,4356.79
2025-10-16T15:00,31.4,33,4438.81
2025-10-16T16:00,30.7,35,4461.91
2025-10-16T17:00,29.5,36,4498.09
2025-10-16T18:00,28.0,42,4623.01
2025-10-16T19:00,27.0,50,4448.18
2025-10-16T20:00,26.7,51,4094.84
2025-10-16T21:00,26.4,53,3817.31
2025-10-16T22:00,26.0,54,3658.76
2025-10-16T23:00,25.8,56,3469.98
2025-10-17T00:00,25.2,56,3224.47
2025-10-17T01:00,24.0,59,3033.86
2025-10-17T02:00,22.3,66,2901.86
2025-10-17T03:00,21.1,71,2819.48
2025-10-17T04:00,20.4,74,2826.12
2025-10-17T05:00,20.7,77,3028.35
2025-10-17T06:00,20.8,77,3457.34
2025-10-17T07:00,22.0,71,3669.86
2025-10-17T08:00,24.4,61,3713.65
2025-10-17T09:00,27.2,50,4031.51
2025-10-17T10:00,29.5,45,4433.64
2025-10-17T11:00,30.6,39,4563.04
2025-10-17T12:00,31.5,37,4629.12
2025-10-17T13:00,32.1,36,4407.69
2025-10-17T14:00,32.3,35,4470.46
2025-10-17T15:00,32.1,35,4529.42
2025-10-17T16:00,31.4,36,4507.65
2025-10-17T17:00,30.1,39,4603.95
2025-10-17T18:00,28.4,49,4675.29
2025-10-17T19:00,27.5,53,4510.0
2025-10-17T20:00,27.0,55,4198.54
2025-10-17T21:00,26.2,55,3950.78
2025-10-17T22:00,25.1,57,3809.25
2025-10-17T23:00,24.8,62,3639.54
2025-10-18T00:00,24.6,63,3385.65
2025-10-18T01:00,23.9,65,3196.62
2025-10-18T02:00,23.2,69,3056.9
2025-10-18T03:00,22.5,71,2966.59
2025-10-18T04:00,21.7,75,2988.15
2025-10-18T05:00,21.7,80,3118.47
2025-10-18T06:00,21.6,79,3380.67
2025-10-18T07:00,22.4,75,3574.35
2025-10-18T08:00,24.6,64,3641.78
2025-10-18T09:00,27.4,52,3917.53
2025-10-18T10:00,29.6,44,4289.37
2025-10-18T11:00,30.9,38,4412.03
2025-10-18T12:00,32.2,34,4472.52
2025-10-18T13:00,32.9,31,4245.8
2025-10-18T14:00,33.2,30,4315.57
2025-10-18T15:00,33.2,29,4309.86
2025-10-18T16:00,32.4,30,4288.69
2025-10-18T17:00,30.8,32,4347.17
2025-10-18T18:00,28.7,44,4449.25
2025-10-18T19:00,28.1,50,4284.48
2025-10-18T20:00,27.6,51,4056.69
2025-10-18T21:00,27.1,53,3892.26
2025-10-18T22:00,27.2,55,3785.82
2025-10-18T23:00,26.9,56,3630.74
2025-10-19T00:00,25.8,59,3383.09
2025-10-19T01:00,24.8,63,3174.42
2025-10-19T02:00,23.9,67,3020.55
2025-10-19T03:00,23.2,69,2923.72
2025-10-19T04:00,23.3,70,2920.69
2025-10-19T05:00,23.0,76,3037.62
2025-10-19T06:00,23.7,72,3175.2
2025-10-19T07:00,24.6,68,3331.14
2025-10-19T08:00,26.4,61,3390.45
2025-10-19T09:00,28.8,50,3655.13
2025-10-19T10:00,30.6,40,3936.05
2025-10-19T11:00,31.4,37,4062.49
2025-10-19T12:00,32.7,34,4064.47
2025-10-19T13:00,33.3,32,3921.67
2025-10-19T14:00,33.6,30,3890.7
2025-10-19T15:00,33.5,29,3810.47
2025-10-19T16:00,32.3,32,3740.09
2025-10-19T17:00,30.5,38,3841.7
2025-10-19T18:00,29.0,51,4037.11
2025-10-19T19:00,28.3,52,3955.85
2025-10-19T20:00,27.5,52,3837.89
2025-10-19T21:00,27.0,52,3750.78
2025-10-19T22:00,26.7,54,3634.48
2025-10-19T23:00,26.5,57,3495.16
2025-10-20T00:00,26.2,55,3255.51
2025-10-20T01:00,26.0,55,3075.58
2025-10-20T02:00,26.0,54,2939.39
2025-10-20T03:00,25.2,56,2855.34
2025-10-20T04:00,24.0,60,2841.33
2025-10-20T05:00,22.9,72,2947.88
2025-10-20T06:00,22.8,74,3072.75
2025-10-20T07:00,24.1,67,3162.59
2025-10-20T08:00,26.2,58,3183.08
2025-10-20T09:00,28.7,48,3304.99
2025-10-20T10:00,30.5,40,3449.13
2025-10-20T11:00,31.6,35,3538.9
2025-10-20T12:00,32.8,31,3564.2
2025-10-20T13:00,33.1,30,3492.02
2025-10-20T14:00,33.0,29,3400.82
2025-10-20T15:00,32.6,30,3340.65
2025-10-20T16:00,32.1,30,3330.78
2025-10-20T17:00,30.7,36,3534.2
2025-10-20T18:00,29.6,41,3843.64
2025-10-20T19:00,28.7,47,3744.53
2025-10-20T20:00,28.0,51,3579.19
2025-10-20T21:00,27.3,55,3548.2
2025-10-20T22:00,26.5,57,3512.36
2025-10-20T23:00,25.6,64,3467.44
2025-10-21T00:00,24.8,68,3279.69
2025-10-21T01:00,24.2,71,3111.97
2025-10-21T02:00,23.6,74,2971.76
2025-10-21T03:00,23.2,77,2880.33
2025-10-21T04:00,22.7,79,2876.25
2025-10-21T05:00,23.2,78,2972.38
2025-10-21T06:00,23.8,77,3072.36
2025-10-21T07:00,24.1,74,3146.15
2025-10-21T08:00,25.9,64,3230.96
2025-10-21T09:00,28.3,52,3413.27
2025-10-21T10:00,30.1,43,3561.75
2025-10-21T11:00,30.3,40,3674.77
2025-10-21T12:00,30.4,39,3664.43
2025-10-21T13:00,30.4,39,3609.52
2025-10-21T14:00,30.1,40,3556.21
2025-10-21T15:00,29.9,41,3532.07
2025-10-21T16:00,29.3,42,3482.1
2025-10-21T17:00,30.1,37,3594.85
2025-10-21T18:00,29.2,42,3811.37
2025-10-21T19:00,28.2,49,3733.29
2025-10-21T20:00,27.5,54,3684.27
2025-10-21T21:00,26.6,59,3617.57
2025-10-21T22:00,25.7,65,3508.14
2025-10-21T23:00,25.9,67,3384.0
2025-10-22T00:00,25.6,69,3163.72
2025-10-22T01:00,25.2,69,3011.95
2025-10-22T02:00,25.0,74,2869.14
2025-10-22T03:00,24.7,75,2788.53
2025-10-22T04:00,24.0,77,2791.55
2025-10-22T05:00,23.8,85,2884.62
2025-10-22T06:00,23.5,87,3015.24
2025-10-22T07:00,24.1,84,3179.33
2025-10-22T08:00,25.7,75,3290.8
2025-10-22T09:00,28.2,61,3502.55
2025-10-22T10:00,30.2,46,3698.79
2025-10-22T11:00,30.8,46,3785.1
2025-10-22T12:00,31.4,40,3792.83
2025-10-22T13:00,32.0,35,3705.43
2025-10-22T14:00,32.1,31,3675.99
2025-10-22T15:00,31.9,30,3656.79
2025-10-22T16:00,31.2,32,3631.22
2025-10-22T17:00,30.3,32,3692.32
2025-10-22T18:00,29.5,32,3864.36
2025-10-22T19:00,28.8,32,3746.89
2025-10-22T20:00,27.8,34,3638.8
2025-10-22T21:00,26.9,38,3540.22
2025-10-22T22:00,25.8,43,3407.85
2025-10-22T23:00,25.0,52,3285.48
2025-10-23T00:00,24.6,52,3072.73
2025-10-23T01:00,24.0,51,2905.3
2025-10-23T02:00,23.3,51,2759.97
2025-10-23T03:00,22.6,53,2682.81
2025-10-23T04:00,22.0,54,2683.57
2025-10-23T05:00,21.6,64,2804.09
2025-10-23T06:00,21.2,68,2957.21
2025-10-23T07:00,21.8,66,3156.7
2025-10-23T08:00,23.7,59,3335.97
2025-10-23T09:00,26.5,50,3615.03
2025-10-23T10:00,29.2,42,3878.83
2025-10-23T11:00,30.9,32,3941.3
2025-10-23T12:00,31.4,28,3946.21
2025-10-23T13:00,31.7,27,3748.18
2025-10-23T14:00,31.8,26,3791.26
2025-10-23T15:00,31.4,26,3793.4
2025-10-23T16:00,30.5,28,3775.83
2025-10-23T17:00,29.7,27,3854.06
2025-10-23T18:00,28.8,28,3999.62
2025-10-23T19:00,28.2,30,3869.09
2025-10-23T20:00,27.3,33,3679.39
2025-10-23T21:00,26.6,34,3493.95
2025-10-23T22:00,25.0,38,3354.66
2025-10-23T23:00,24.3,47,3232.17
2025-10-24T00:00,23.4,52,3024.66
2025-10-24T01:00,22.5,56,2862.8
2025-10-24T02:00,21.6,59,2732.91
2025-10-24T03:00,20.8,64,2666.18
2025-10-24T04:00,20.2,66,2692.54
2025-10-24T05:00,20.2,73,2880.49
2025-10-24T06:00,20.2,72,3195.14
2025-10-24T07:00,21.2,66,3326.86
2025-10-24T08:00,23.5,58,3384.84
2025-10-24T09:00,26.6,45,3720.35
2025-10-24T10:00,29.2,35,4036.51
2025-10-24T11:00,30.5,27,4163.37
2025-10-24T12:00,31.6,24,4188.09
2025-10-24T13:00,32.1,23,3972.82
2025-10-24T14:00,32.2,22,4066.61
2025-10-24T15:00,31.8,24,4068.57
2025-10-24T16:00,30.8,26,4053.79
2025-10-24T17:00,29.0,29,4145.45
2025-10-24T18:00,28.0,40,4284.98
2025-10-24T19:00,27.3,39,4128.06
2025-10-24T20:00,26.1,43,3817.89
2025-10-24T21:00,25.3,50,3548.29
2025-10-24T22:00,24.8,52,3419.83
2025-10-24T23:00,23.8,53,3263.51
2025-10-25T00:00,23.0,54,3041.64
2025-10-25T01:00,22.2,53,2854.66
2025-10-25T02:00,21.6,55,2730.73
2025-10-25T03:00,20.9,58,2660.58
2025-10-25T04:00,20.1,62,2687.08
2025-10-25T05:00,19.7,76,2829.33
2025-10-25T06:00,19.9,76,3117.76
2025-10-25T07:00,21.2,69,3274.11
2025-10-25T08:00,23.7,59,3313.52
2025-10-25T09:00,26.7,46,3577.55
2025-10-25T10:00,29.2,36,3887.17
2025-10-25T11:00,29.8,30,3982.97
2025-10-25T12:00,31.2,27,3988.58
2025-10-25T13:00,31.6,26,3808.3
2025-10-25T14:00,31.7,26,3860.92
2025-10-25T15:00,31.3,26,3842.99
2025-10-25T16:00,30.4,27,3819.29
2025-10-25T17:00,28.8,30,3941.0
2025-10-25T18:00,27.4,33,4094.48
2025-10-25T19:00,26.7,35,3940.59
2025-10-25T20:00,26.0,40,3662.88
2025-10-25T21:00,25.4,41,3434.0
2025-10-25T22:00,24.6,44,3265.23
2025-10-25T23:00,24.1,49,3107.77
2025-10-26T00:00,23.5,52,2906.0
2025-10-26T01:00,22.4,55,2750.55
2025-10-26T02:00,21.3,59,2625.66
2025-10-26T03:00,21.0,59,2553.52
2025-10-26T04:00,20.0,64,2562.85
2025-10-26T05:00,19.3,69,2680.94
2025-10-26T06:00,18.9,70,2844.62
2025-10-26T07:00,20.2,66,3025.58
2025-10-26T08:00,22.7,59,3102.01
2025-10-26T09:00,25.8,47,3360.99
2025-10-26T10:00,28.2,38,3652.38
2025-10-26T11:00,29.6,33,3772.78
2025-10-26T12:00,30.7,28,3788.07
2025-10-26T13:00,31.4,25,3575.18
2025-10-26T14:00,31.6,24,3577.83
2025-10-26T15:00,31.2,24,3544.1
2025-10-26T16:00,30.4,25,3552.35
2025-10-26T17:00,29.0,34,3687.19
2025-10-26T18:00,27.7,36,3858.6
2025-10-26T19:00,26.8,40,3732.87
2025-10-26T20:00,26.2,44,3517.84
2025-10-26T21:00,25.6,46,3366.23
2025-10-26T22:00,24.9,49,3230.41
2025-10-26T23:00,23.7,53,3090.1
2025-10-27T00:00,22.6,59,2878.32
2025-10-27T01:00,22.0,61,2727.34
2025-10-27T02:00,21.5,62,2606.14
2025-10-27T03:00,21.4,63,2576.33
2025-10-27T04:00,20.9,65,2601.56
2025-10-27T05:00,20.6,66,2750.9
2025-10-27T06:00,20.3,68,3012.77
2025-10-27T07:00,21.3,66,3297.92
2025-10-27T08:00,23.4,57,3465.16
2025-10-27T09:00,26.1,48,3761.8
2025-10-27T10:00,28.5,39,4087.88
2025-10-27T11:00,29.1,38,4159.57
2025-10-27T12:00,30.3,34,4155.13
2025-10-27T13:00,30.0,35,3934.89
2025-10-27T14:00,28.8,41,3921.06
2025-10-27T15:00,25.9,51,3847.77
2025-10-27T16:00,24.8,48,3704.87
2025-10-27T17:00,25.8,47,3770.03
2025-10-27T18:00,24.7,49,3815.8
2025-10-27T19:00,23.8,57,3659.68
2025-10-27T20:00,23.2,64,3422.17
2025-10-27T21:00,22.7,69,3246.64
2025-10-27T22:00,22.3,71,3074.76
2025-10-27T23:00,22.1,74,2914.02
2025-10-28T00:00,21.9,76,2676.1
2025-10-28T01:00,21.6,78,2543.43
2025-10-28T02:00,21.3,81,2465.36
2025-10-28T03:00,21.3,82,2462.05
2025-10-28T04:00,21.4,79,2539.44
2025-10-28T05:00,22.0,80,2789.93
2025-10-28T06:00,22.0,78,3181.05
2025-10-28T07:00,22.3,75,3298.66
2025-10-28T08:00,22.7,74,3372.53
2025-10-28T09:00,23.4,70,3661.63
2025-10-28T10:00,24.7,63,3924.78
2025-10-28T11:00,25.4,58,3914.1
2025-10-28T12:00,25.5,57,3987.55
2025-10-28T13:00,26.2,53,3741.47
2025-10-28T14:00,26.3,55,3792.82
2025-10-28T15:00,26.6,53,3791.53
2025-10-28T16:00,26.3,55,3686.07
2025-10-28T17:00,24.8,66,3888.12
2025-10-28T18:00,23.9,72,4024.38
2025-10-28T19:00,23.4,75,3840.89
2025-10-28T20:00,22.6,80,3545.22
2025-10-28T21:00,22.1,84,3284.41
2025-10-28T22:00,21.6,87,3082.45
2025-10-28T23:00,21.3,86,2902.55
2025-10-29T00:00,21.0,88,2663.79
2025-10-29T01:00,20.9,89,2512.37
2025-10-29T02:00,20.8,90,2434.26
2025-10-29T03:00,20.7,89,2398.24
2025-10-29T04:00,20.7,88,2450.13
2025-10-29T05:00,20.2,87,2723.63
2025-10-29T06:00,20.3,86,3291.76
2025-10-29T07:00,21.1,81,3482.01
2025-10-29T08:00,22.8,73,3515.11
2025-10-29T09:00,25.0,64,3735.38
2025-10-29T10:00,26.9,55,4015.27
2025-10-29T11:00,27.7,53,4066.41
2025-10-29T12:00,28.6,50,4063.19
2025-10-29T13:00,29.2,47,3878.12
2025-10-29T14:00,29.2,46,3964.96
2025-10-29T15:00,29.0,46,3965.04
2025-10-29T16:00,28.4,48,3950.18
2025-10-29T17:00,27.9,48,4095.31
2025-10-29T18:00,27.1,52,4214.11
2025-10-29T19:00,26.7,54,4036.35
2025-10-29T20:00,26.0,61,3679.79
2025-10-29T21:00,25.9,60,3388.75
2025-10-29T22:00,25.3,61,3199.75
2025-10-29T23:00,24.8,66,3007.84
2025-10-30T00:00,24.7,63,2786.73
2025-10-30T01:00,24.1,66,2621.03
2025-10-30T02:00,24.0,67,2512.58
2025-10-30T03:00,23.5,69,2473.99
2025-10-30T04:00,23.1,72,2547.34
2025-10-30T05:00,22.9,78,2824.12
2025-10-30T06:00,22.6,80,3363.87
2025-10-30T07:00,23.0,78,3558.27
2025-10-30T08:00,23.4,76,3599.7
2025-10-30T09:00,24.8,72,3882.31
2025-10-30T10:00,26.1,68,4159.08
2025-10-30T11:00,27.3,65,4147.76
2025-10-30T12:00,27.3,61,4088.69
2025-10-30T13:00,26.9,63,3797.26
2025-10-30T14:00,26.7,64,3884.03
2025-10-30T15:00,26.4,65,3902.32
2025-10-30T16:00,26.1,66,4009.39
2025-10-30T17:00,24.9,75,4139.14
2025-10-30T18:00,24.8,77,4271.61
2025-10-30T19:00,24.0,83,4063.26
2025-10-30T20:00,23.5,88,3734.14
2025-10-30T21:00,23.2,91,3442.31
2025-10-30T22:00,23.1,93,3256.28
2025-10-30T23:00,22.9,95,3068.54
2025-10-31T00:00,22.9,94,2819.66
2025-10-31T01:00,22.7,94,2655.77
2025-10-31T02:00,22.5,94,2545.07
2025-10-31T03:00,22.3,95,2450.66
2025-10-31T04:00,22.1,96,2540.78
2025-10-31T05:00,21.6,96,2827.43
2025-10-31T06:00,21.4,97,3356.99
2025-10-31T07:00,22.2,95,3627.33
2025-10-31T08:00,23.2,90,3699.2
2025-10-31T09:00,24.9,79,4017.71
2025-10-31T10:00,26.6,68,4327.65
2025-10-31T11:00,27.9,61,4431.6
2025-10-31T12:00,29.1,55,4415.65
2025-10-31T13:00,29.9,51,4114.98
2025-10-31T14:00,30.3,48,4175.67
2025-10-31T15:00,30.3,47,4206.23
2025-10-31T16:00,29.7,47,4187.26
2025-10-31T17:00,28.2,55,4325.36
2025-10-31T18:00,26.9,64,4393.38
2025-10-31T19:00,26.1,68,4196.24
2025-10-31T20:00,25.5,70,3849.38
2025-10-31T21:00,24.8,71,3559.24
2025-10-31T22:00,24.0,73,3379.47
2025-10-31T23:00,23.4,81,3189.52
2025-11-01T00:00,23.0,82,2935.4
2025-11-01T01:00,22.7,82,2763.5
2025-11-01T02:00,22.0,85,2668.56
2025-11-01T03:00,21.2,89,2608.3
2025-11-01T04:00,20.8,92,2639.5
2025-11-01T05:00,20.9,95,2849.12
2025-11-01T06:00,20.8,96,3225.58
2025-11-01T07:00,21.3,91,3436.5
2025-11-01T08:00,23.1,81,3494.08
2025-11-01T09:00,26.0,64,3710.63
2025-11-01T10:00,28.4,48,3988.61
2025-11-01T11:00,29.8,36,4032.17
2025-11-01T12:00,30.6,31,4049.06
2025-11-01T13:00,30.9,29,3808.48
2025-11-01T14:00,30.8,29,3845.28
2025-11-01T15:00,30.4,29,3829.83
2025-11-01T16:00,29.6,30,3824.06
2025-11-01T17:00,27.0,47,3966.2
2025-11-01T18:00,25.6,52,4076.57
2025-11-01T19:00,24.7,55,3893.3
2025-11-01T20:00,24.1,56,3567.18
2025-11-01T21:00,23.5,58,3316.02
2025-11-01T22:00,23.0,58,3127.14
2025-11-01T23:00,22.0,68,2947.78
2025-11-02T00:00,21.4,68,2731.51
2025-11-02T01:00,21.2,68,2577.18
2025-11-02T02:00,20.9,69,2460.05
2025-11-02T03:00,20.1,72,2406.82
2025-11-02T04:00,19.6,73,2463.0
2025-11-02T05:00,19.4,79,2593.07
2025-11-02T06:00,19.3,80,2794.0
2025-11-02T07:00,19.9,78,3049.01
2025-11-02T08:00,21.6,73,3212.88
2025-11-02T09:00,23.8,65,3433.41
2025-11-02T10:00,25.8,58,3698.38
2025-11-02T11:00,27.6,50,3778.95
2025-11-02T12:00,28.8,39,3774.78
2025-11-02T13:00,29.3,36,3564.01
2025-11-02T14:00,29.4,35,3524.13
2025-11-02T15:00,29.1,35,3472.57
2025-11-02T16:00,28.1,39,3472.93
2025-11-02T17:00,26.2,48,3624.94
2025-11-02T18:00,24.6,54,3763.35
2025-11-02T19:00,23.7,56,3652.33
2025-11-02T20:00,23.1,56,3429.09
2025-11-02T21:00,22.5,56,3210.66
2025-11-02T22:00,21.8,57,3014.02
2025-11-02T23:00,21.6,60,2863.87
2025-11-03T00:00,21.2,60,2646.87
2025-11-03T01:00,20.6,61,2491.13
2025-11-03T02:00,19.7,64,2389.21
2025-11-03T03:00,19.0,66,2364.23
2025-11-03T04:00,18.5,68,2414.58
2025-11-03T05:00,18.2,72,2686.86
2025-11-03T06:00,17.9,73,3223.04
2025-11-03T07:00,18.3,70,3450.06
2025-11-03T08:00,19.9,69,3455.27
2025-11-03T09:00,22.3,60,3719.3
2025-11-03T10:00,24.8,52,3869.96
2025-11-03T11:00,27.2,46,3902.78
2025-11-03T12:00,28.8,40,3894.7
2025-11-03T13:00,29.9,35,3632.91
2025-11-03T14:00,30.5,28,3717.96
2025-11-03T15:00,30.0,28,3756.07
2025-11-03T16:00,28.7,32,3771.52
2025-11-03T17:00,26.3,42,3951.2
2025-11-03T18:00,25.2,46,4058.75
2025-11-03T19:00,24.3,51,3849.81
2025-11-03T20:00,24.1,50,3560.52
2025-11-03T21:00,23.5,51,3276.3
2025-11-03T22:00,22.7,53,3075.18
2025-11-03T23:00,23.0,54,2893.43
2025-11-04T00:00,21.7,57,2650.07
2025-11-04T01:00,21.0,59,2495.17
2025-11-04T02:00,20.1,63,2392.89
2025-11-04T03:00,19.3,67,2367.42
2025-11-04T04:00,19.5,69,2437.58
2025-11-04T05:00,18.9,74,2706.67
2025-11-04T06:00,19.9,68,3277.11
2025-11-04T07:00,20.1,67,3498.93
2025-11-04T08:00,21.8,65,3540.63
2025-11-04T09:00,23.6,61,3760.61
2025-11-04T10:00,25.7,54,4008.41
2025-11-04T11:00,27.5,47,4020.12
2025-11-04T12:00,28.7,42,3957.91
2025-11-04T13:00,28.7,44,3712.79
2025-11-04T14:00,28.2,46,3807.73
2025-11-04T15:00,27.9,43,3868.71
2025-11-04T16:00,26.9,47,3896.99
2025-11-04T17:00,25.4,62,4039.07
2025-11-04T18:00,24.7,60,4149.46
2025-11-04T19:00,23.6,64,3927.14
2025-11-04T20:00,23.0,67,3597.53
2025-11-04T21:00,22.1,71,3320.74
2025-11-04T22:00,21.6,73,3121.8
2025-11-04T23:00,21.8,80,2952.03
2025-11-05T00:00,21.3,83,2715.57
2025-11-05T01:00,21.5,82,2575.66
2025-11-05T02:00,21.4,81,2457.27
2025-11-05T03:00,20.2,86,2416.22
2025-11-05T04:00,19.4,88,2475.41
2025-11-05T05:00,19.0,92,2649.06
2025-11-05T06:00,18.9,92,2928.85
2025-11-05T07:00,20.0,88,3269.32
2025-11-05T08:00,22.1,80,3473.52
2025-11-05T09:00,24.2,72,3769.4
2025-11-05T10:00,26.1,63,4041.73
2025-11-05T11:00,28.1,55,4097.38
2025-11-05T12:00,29.3,43,4043.29
2025-11-05T13:00,29.5,37,3778.25
2025-11-05T14:00,29.4,35,3800.6
2025-11-05T15:00,28.9,36,3805.06
2025-11-05T16:00,28.0,39,3797.72
2025-11-05T17:00,27.1,40,3965.99
2025-11-05T18:00,25.9,45,4090.89
2025-11-05T19:00,24.8,47,3912.01
2025-11-05T20:00,23.8,49,3600.0
2025-11-05T21:00,22.8,50,3295.56
2025-11-05T22:00,22.0,51,3086.34
2025-11-05T23:00,21.3,60,2890.46
2025-11-06T00:00,20.5,60,2642.71
2025-11-06T01:00,19.6,57,2468.73
2025-11-06T02:00,18.8,50,2371.87
2025-11-06T03:00,17.7,48,2316.44
2025-11-06T04:00,16.8,51,2340.53
2025-11-06T05:00,16.4,64,2622.1
2025-11-06T06:00,15.8,66,3223.45
2025-11-06T07:00,16.1,66,3467.74
2025-11-06T08:00,17.7,63,3477.73
2025-11-06T09:00,19.8,56,3647.4
2025-11-06T10:00,22.1,47,3850.64
2025-11-06T11:00,24.1,38,3851.95
2025-11-06T12:00,25.2,32,3757.28
2025-11-06T13:00,25.9,29,3461.56
2025-11-06T14:00,26.1,29,3598.36
2025-11-06T15:00,25.7,30,3661.3
2025-11-06T16:00,24.8,33,3658.08
2025-11-06T17:00,22.9,42,3822.28
2025-11-06T18:00,21.7,47,3955.28
2025-11-06T19:00,21.0,50,3751.67
2025-11-06T20:00,20.2,52,3411.52
2025-11-06T21:00,19.7,52,3107.14
2025-11-06T22:00,19.1,52,2883.1
2025-11-06T23:00,18.7,53,2656.79
2025-11-07T00:00,17.8,55,2432.18
2025-11-07T01:00,17.0,56,2273.03
2025-11-07T02:00,16.4,58,2185.06
2025-11-07T03:00,15.8,60,2138.14
2025-11-07T04:00,15.4,61,2173.18
2025-11-07T05:00,15.4,65,2501.2
2025-11-07T06:00,14.8,67,3209.39
2025-11-07T07:00,15.0,66,3538.71
2025-11-07T08:00,16.5,62,3552.43
2025-11-07T09:00,18.9,54,3760.98
2025-11-07T10:00,21.3,46,3943.18
2025-11-07T11:00,24.4,39,3957.35
2025-11-07T12:00,26.1,32,3884.31
2025-11-07T13:00,27.0,27,3580.6
2025-11-07T14:00,27.3,24,3613.8
2025-11-07T15:00,27.0,25,3645.35
2025-11-07T16:00,25.9,29,3629.8
2025-11-07T17:00,24.0,36,3820.02
2025-11-07T18:00,22.7,40,3930.22
2025-11-07T19:00,21.5,43,3714.73
2025-11-07T20:00,20.5,45,3350.9
2025-11-07T21:00,19.5,47,3040.21
2025-11-07T22:00,18.7,48,2805.69
2025-11-07T23:00,18.3,51,2601.86
2025-11-08T00:00,17.3,53,2356.17
2025-11-08T01:00,16.8,55,2194.15
2025-11-08T02:00,16.3,56,2092.38
2025-11-08T03:00,15.8,57,2046.37
2025-11-08T04:00,15.2,58,2081.97
2025-11-08T05:00,14.4,64,2297.26
2025-11-08T06:00,13.9,66,2713.12
2025-11-08T07:00,14.8,61,3130.34
2025-11-08T08:00,16.8,56,3321.06
2025-11-08T09:00,19.4,47,3521.15
2025-11-08T10:00,22.0,38,3746.76
2025-11-08T11:00,24.6,29,3735.22
2025-11-08T12:00,25.9,25,3669.01
2025-11-08T13:00,26.6,23,3379.48
2025-11-08T14:00,26.8,22,3346.71
2025-11-08T15:00,26.4,23,3308.88
2025-11-08T16:00,25.4,26,3309.83
2025-11-08T17:00,23.2,34,3496.72
2025-11-08T18:00,22.1,39,3635.11
2025-11-08T19:00,21.2,42,3436.11
2025-11-08T20:00,20.2,45,3144.65
2025-11-08T21:00,19.3,49,2875.12
2025-11-08T22:00,18.7,49,2638.25
2025-11-08T23:00,18.1,54,2429.78
2025-11-09T00:00,17.5,53,2187.44
2025-11-09T01:00,16.9,54,2019.24
2025-11-09T02:00,16.3,55,1935.62
2025-11-09T03:00,15.7,57,1892.77
2025-11-09T04:00,15.1,59,1912.98
2025-11-09T05:00,14.2,67,2091.86
2025-11-09T06:00,14.1,66,2418.51
2025-11-09T07:00,14.7,64,2875.63
2025-11-09T08:00,16.4,60,3157.11
2025-11-09T09:00,19.0,52,3432.6
2025-11-09T10:00,21.7,44,3671.07
2025-11-09T11:00,24.4,33,3707.05
2025-11-09T12:00,25.9,28,3666.29
2025-11-09T13:00,26.7,26,3359.95
2025-11-09T14:00,26.8,25,3246.06
2025-11-09T15:00,26.5,27,3150.34
2025-11-09T16:00,25.6,30,3137.26
2025-11-09T17:00,23.5,38,3312.78
2025-11-09T18:00,22.4,41,3422.83
2025-11-09T19:00,21.4,42,3297.88
2025-11-09T20:00,20.5,43,3075.96
2025-11-09T21:00,19.6,45,2835.67
2025-11-09T22:00,19.1,45,2613.12
2025-11-09T23:00,18.5,48,2411.65
2025-11-10T00:00,17.8,51,2143.79
2025-11-10T01:00,16.8,55,1967.56
2025-11-10T02:00,16.1,58,1886.08
2025-11-10T03:00,15.6,59,1853.87
2025-11-10T04:00,15.0,61,1917.59
2025-11-10T05:00,14.2,69,2306.9
2025-11-10T06:00,13.9,70,3077.26
2025-11-10T07:00,14.5,68,3493.84
2025-11-10T08:00,16.4,63,3566.03
2025-11-10T09:00,19.3,52,3742.99
2025-11-10T10:00,22.0,43,3891.74
2025-11-10T11:00,24.4,35,3802.37
2025-11-10T12:00,26.1,28,3720.89
2025-11-10T13:00,26.7,25,3440.72
2025-11-10T14:00,27.0,24,3466.53
2025-11-10T15:00,26.6,24,3465.36
2025-11-10T16:00,25.7,26,3438.99
2025-11-10T17:00,23.4,35,3599.57
2025-11-10T18:00,22.3,38,3691.46
2025-11-10T19:00,21.3,43,3544.1
2025-11-10T20:00,20.5,45,3260.15
2025-11-10T21:00,19.9,47,2954.85
2025-11-10T22:00,19.4,47,2698.25
2025-11-10T23:00,19.0,50,2446.53
2025-11-11T00:00,17.5,53,2182.68
2025-11-11T01:00,16.4,57,2018.16
2025-11-11T02:00,15.4,59,1931.35
2025-11-11T03:00,14.6,62,1884.14
2025-11-11T04:00,14.1,63,1949.3
2025-11-11T05:00,13.7,70,2339.08
2025-11-11T06:00,13.7,70,3135.56
2025-11-11T07:00,14.2,67,3531.09
2025-11-11T08:00,16.4,61,3599.33
2025-11-11T09:00,19.3,51,3739.94
2025-11-11T10:00,22.2,42,3907.87
2025-11-11T11:00,24.8,34,3863.66
2025-11-11T12:00,26.4,28,3754.1
2025-11-11T13:00,27.1,25,3454.2
2025-11-11T14:00,27.4,23,3471.93
2025-11-11T15:00,27.0,24,3417.05
2025-11-11T16:00,26.0,27,3407.15
2025-11-11T17:00,23.8,32,3617.2
2025-11-11T18:00,22.6,37,3714.69
2025-11-11T19:00,21.4,42,3586.38
2025-11-11T20:00,20.4,47,3271.35
2025-11-11T21:00,19.7,49,2979.29
2025-11-11T22:00,19.1,49,2710.05
2025-11-11T23:00,18.8,52,2466.86
2025-11-12T00:00,17.8,54,2152.4
2025-11-12T01:00,17.0,56,1996.75
2025-11-12T02:00,16.4,58,1921.71
2025-11-12T03:00,15.8,60,1881.18
2025-11-12T04:00,15.2,62,1944.51
2025-11-12T05:00,14.3,69,2354.68
2025-11-12T06:00,14.0,70,3162.4
2025-11-12T07:00,14.4,68,3591.47
2025-11-12T08:00,16.3,62,3700.85
2025-11-12T09:00,19.2,52,3867.25
2025-11-12T10:00,22.2,43,4017.95
2025-11-12T11:00,24.9,36,3862.61
2025-11-12T12:00,26.6,29,3772.59
2025-11-12T13:00,27.3,26,3462.33
2025-11-12T14:00,27.5,24,3502.36
2025-11-12T15:00,27.1,25,3520.09
2025-11-12T16:00,26.2,26,3532.89
2025-11-12T17:00,23.9,35,3716.92
2025-11-12T18:00,22.8,39,3864.02
2025-11-12T19:00,21.7,43,3671.26
2025-11-12T20:00,20.8,47,3342.94
2025-11-12T21:00,20.2,51,3041.1
2025-11-12T22:00,19.4,53,2757.44
2025-11-12T23:00,19.1,54,2456.32
2025-11-13T00:00,17.3,59,2176.28
2025-11-13T01:00,16.2,64,2032.94
2025-11-13T02:00,15.4,69,1939.27
2025-11-13T03:00,14.7,72,1880.69
2025-11-13T04:00,14.3,75,1935.35
2025-11-13T05:00,13.7,80,2321.85
2025-11-13T06:00,13.2,81,3095.85
2025-11-13T07:00,13.8,76,3502.5
2025-11-13T08:00,15.7,68,3608.63
2025-11-13T09:00,18.3,57,3791.57
2025-11-13T10:00,21.2,47,3945.44
2025-11-13T11:00,23.8,37,3804.37
2025-11-13T12:00,25.2,33,3741.05
2025-11-13T13:00,25.9,28,3477.79
2025-11-13T14:00,26.3,26,3561.85
2025-11-13T15:00,26.0,26,3484.72
2025-11-13T16:00,25.1,29,3483.78
2025-11-13T17:00,22.5,38,3701.95
2025-11-13T18:00,21.5,40,3774.21
2025-11-13T19:00,20.4,44,3659.83
2025-11-13T20:00,19.3,48,3316.06
2025-11-13T21:00,18.6,50,3014.68
2025-11-13T22:00,17.9,52,2766.63
2025-11-13T23:00,17.6,55,2509.06
2025-11-14T00:00,16.7,57,2232.75
2025-11-14T01:00,15.7,61,2076.21
2025-11-14T02:00,15.0,64,1959.45
2025-11-14T03:00,14.5,66,1908.34
2025-11-14T04:00,13.9,68,1975.41
2025-11-14T05:00,13.5,74,2380.66
2025-11-14T06:00,13.3,75,3168.27
2025-11-14T07:00,13.7,74,3633.89
2025-11-14T08:00,15.6,67,3782.8
2025-11-14T09:00,18.4,56,3977.34
2025-11-14T10:00,21.1,46,4144.59
2025-11-14T11:00,23.5,37,4118.05
2025-11-14T12:00,25.1,29,4047.57
2025-11-14T13:00,25.7,28,3668.93
2025-11-14T14:00,26.0,26,3629.16
2025-11-14T15:00,25.8,24,3557.25
2025-11-14T16:00,24.9,27,3481.25
2025-11-14T17:00,22.6,35,3682.75
2025-11-14T18:00,21.9,38,3800.08
2025-11-14T19:00,20.8,42,3619.28
2025-11-14T20:00,19.6,46,3317.81
2025-11-14T21:00,18.8,50,3012.31
2025-11-14T22:00,18.1,52,2763.96
2025-11-14T23:00,17.5,57,2506.96
2025-11-15T00:00,16.9,56,2215.11
2025-11-15T01:00,15.9,59,2048.6
2025-11-15T02:00,15.2,62,1958.16
2025-11-15T03:00,14.4,65,1892.33
2025-11-15T04:00,13.7,69,1955.49
2025-11-15T05:00,13.1,76,2291.37
2025-11-15T06:00,12.8,77,2898.29
2025-11-15T07:00,13.0,76,3354.54
2025-11-15T08:00,15.1,67,3538.55
2025-11-15T09:00,18.1,56,3712.15
2025-11-15T10:00,21.0,45,3864.56
2025-11-15T11:00,23.6,36,3835.69
2025-11-15T12:00,25.3,29,3688.21
2025-11-15T13:00,26.1,28,3372.81
2025-11-15T14:00,26.6,25,3350.7
2025-11-15T15:00,26.4,25,3318.79
2025-11-15T16:00,25.5,28,3293.18
2025-11-15T17:00,22.8,39,3447.72
2025-11-15T18:00,22.2,39,3557.83
2025-11-15T19:00,21.2,42,3407.43
2025-11-15T20:00,20.3,45,3137.52
2025-11-15T21:00,19.5,47,2850.21
2025-11-15T22:00,18.7,49,2582.03
2025-11-15T23:00,17.3,58,2342.97
2025-11-16T00:00,16.2,59,2077.67
2025-11-16T01:00,15.3,63,1929.62
2025-11-16T02:00,14.6,67,1826.34
2025-11-16T03:00,13.9,69,1760.06
2025-11-16T04:00,13.3,70,1795.63
2025-11-16T05:00,12.5,80,2015.69
2025-11-16T06:00,12.3,79,2393.64
2025-11-16T07:00,12.8,75,2927.79
2025-11-16T08:00,15.0,66,3289.63
2025-11-16T09:00,18.0,55,3601.67
2025-11-16T10:00,21.0,45,3847.21
2025-11-16T11:00,23.7,37,3867.15
2025-11-16T12:00,25.6,29,3776.16
2025-11-16T13:00,26.5,26,3442.49
2025-11-16T14:00,26.8,24,3284.51
2025-11-16T15:00,26.4,24,3171.02
2025-11-16T16:00,25.5,26,3093.47
2025-11-16T17:00,23.0,34,3237.28
2025-11-16T18:00,22.3,36,3382.83
2025-11-16T19:00,21.1,40,3257.8
2025-11-16T20:00,19.7,45,3044.85
2025-11-16T21:00,18.9,47,2815.17
2025-11-16T22:00,18.3,48,2575.4
2025-11-16T23:00,17.4,52,2328.95
2025-11-17T00:00,15.9,56,2059.73
2025-11-17T01:00,14.8,60,1910.13
2025-11-17T02:00,14.3,62,1815.93
2025-11-17T03:00,13.7,63,1752.44
2025-11-17T04:00,13.2,65,1833.24
2025-11-17T05:00,12.3,73,2254.03
2025-11-17T06:00,12.3,73,3065.0
2025-11-17T07:00,12.7,70,3548.84
2025-11-17T08:00,14.8,63,3679.25
2025-11-17T09:00,17.8,52,3846.48
2025-11-17T10:00,20.6,42,3986.59
2025-11-17T11:00,23.2,36,3875.36
2025-11-17T12:00,25.0,30,3841.3
2025-11-17T13:00,25.7,29,3534.3
2025-11-17T14:00,26.0,28,3557.19
2025-11-17T15:00,25.8,29,3440.13
2025-11-17T16:00,25.1,30,3416.86
2025-11-17T17:00,22.7,43,3604.68
2025-11-17T18:00,22.0,43,3689.69
2025-11-17T19:00,21.3,45,3550.98
2025-11-17T20:00,20.4,48,3257.01
2025-11-17T21:00,19.6,52,2995.18
2025-11-17T22:00,18.8,55,2722.12
2025-11-17T23:00,17.7,60,2469.97
2025-11-18T00:00,16.6,64,2173.84
2025-11-18T01:00,16.0,66,2004.28
2025-11-18T02:00,15.5,67,1925.87
2025-11-18T03:00,15.1,68,1882.72
2025-11-18T04:00,14.2,72,1948.28
2025-11-18T05:00,14.5,70,2360.59
2025-11-18T06:00,13.5,74,3139.81
2025-11-18T07:00,13.6,74,3676.67
2025-11-18T08:00,15.3,68,3794.56
2025-11-18T09:00,18.0,58,3926.71
2025-11-18T10:00,20.8,48,4049.4
2025-11-18T11:00,23.4,40,3969.15
2025-11-18T12:00,24.9,34,3899.99
2025-11-18T13:00,25.6,34,3556.21
2025-11-18T14:00,25.8,34,3576.18
2025-11-18T15:00,25.7,36,3541.99
2025-11-18T16:00,24.9,41,3497.85
2025-11-18T17:00,22.6,54,3697.58
2025-11-18T18:00,21.9,59,3793.97
2025-11-18T19:00,21.4,61,3627.57
2025-11-18T20:00,20.9,63,3316.6
2025-11-18T21:00,19.9,66,2996.03
2025-11-18T22:00,18.5,70,2724.12
2025-11-18T23:00,17.1,77,2426.76
2025-11-19T00:00,16.2,80,2153.47
2025-11-19T01:00,15.6,83,1987.36
2025-11-19T02:00,15.2,83,1892.65
2025-11-19T03:00,14.7,84,1851.97
2025-11-19T04:00,14.2,83,1913.06
2025-11-19T05:00,13.6,84,2352.44
2025-11-19T06:00,13.3,83,3201.01
2025-11-19T07:00,13.8,79,3725.49
2025-11-19T08:00,15.7,71,3827.9
2025-11-19T09:00,18.7,59,4017.79
2025-11-19T10:00,21.7,50,4165.36
2025-11-19T11:00,24.0,46,4083.21
2025-11-19T12:00,25.3,40,3972.91
2025-11-19T13:00,25.9,38,3614.03
2025-11-19T14:00,26.0,37,3636.95
2025-11-19T15:00,25.8,37,3575.56
2025-11-19T16:00,25.1,40,3528.29
2025-11-19T17:00,23.4,48,3698.54
2025-11-19T18:00,22.5,56,3868.36
2025-11-19T19:00,21.8,59,3717.55
2025-11-19T20:00,21.1,63,3362.53
2025-11-19T21:00,20.4,64,3059.6
2025-11-19T22:00,20.0,65,2797.26
2025-11-19T23:00,18.8,71,2498.82
2025-11-20T00:00,18.1,73,2197.27
2025-11-20T01:00,17.4,76,2036.15
2025-11-20T02:00,16.4,80,1946.51
2025-11-20T03:00,16.0,79,1891.85
2025-11-20T04:00,15.3,81,1939.55
2025-11-20T05:00,14.4,85,2379.57
2025-11-20T06:00,14.1,85,3174.73
2025-11-20T07:00,14.4,84,3649.51
2025-11-20T08:00,16.2,76,3759.85
2025-11-20T09:00,19.2,65,3848.36
2025-11-20T10:00,22.2,54,4018.96
2025-11-20T11:00,24.4,46,3988.44
2025-11-20T12:00,25.6,42,3865.89
2025-11-20T13:00,26.0,41,3551.69
2025-11-20T14:00,26.1,40,3586.43
2025-11-20T15:00,25.7,41,3557.75
2025-11-20T16:00,25.0,43,3559.38
2025-11-20T17:00,23.4,50,3757.34
2025-11-20T18:00,22.0,57,3877.91
2025-11-20T19:00,21.0,62,3693.06
2025-11-20T20:00,20.6,63,3380.17
2025-11-20T21:00,20.1,66,3072.44
2025-11-20T22:00,19.2,68,2754.5
2025-11-20T23:00,18.3,72,2462.45
2025-11-21T00:00,17.5,73,2196.43
2025-11-21T01:00,16.8,75,2009.48
2025-11-21T02:00,16.4,75,1927.89
2025-11-21T03:00,16.2,74,1886.46
2025-11-21T04:00,15.9,75,1975.07
2025-11-21T05:00,15.1,78,2371.37
2025-11-21T06:00,14.5,81,3204.29
2025-11-21T07:00,15.0,79,3686.19
2025-11-21T08:00,17.7,69,3867.54
2025-11-21T09:00,20.5,62,4052.59
2025-11-21T10:00,22.8,55,4272.8
2025-11-21T11:00,24.5,46,4204.29
2025-11-21T12:00,25.6,40,4081.51
2025-11-21T13:00,26.1,38,3727.94
2025-11-21T14:00,26.2,38,3659.81
2025-11-21T15:00,26.0,38,3600.45
2025-11-21T16:00,25.4,39,3539.57
2025-11-21T17:00,23.5,50,3741.31
2025-11-21T18:00,22.9,55,3882.31
2025-11-21T19:00,21.6,57,3721.37
2025-11-21T20:00,20.6,61,3374.72
2025-11-21T21:00,20.1,62,3073.86
2025-11-21T22:00,19.3,66,2782.76
2025-11-21T23:00,18.6,72,2490.88
2025-11-22T00:00,18.2,73,2226.44
2025-11-22T01:00,17.8,74,2034.87
2025-11-22T02:00,17.4,76,1945.15
2025-11-22T03:00,16.7,78,1888.88
2025-11-22T04:00,15.9,80,1947.69
2025-11-22T05:00,14.8,84,2278.86
2025-11-22T06:00,14.1,87,2890.23
2025-11-22T07:00,14.4,86,3353.18
2025-11-22T08:00,16.7,76,3586.6
2025-11-22T09:00,20.0,63,3807.55
2025-11-22T10:00,22.9,51,3972.72
2025-11-22T11:00,24.6,37,3934.71
2025-11-22T12:00,25.7,32,3796.75
2025-11-22T13:00,26.1,30,3476.07
2025-11-22T14:00,26.2,29,3428.3
2025-11-22T15:00,25.8,29,3332.06
2025-11-22T16:00,25.0,30,3276.54
2025-11-22T17:00,22.7,43,3480.73
2025-11-22T18:00,21.8,46,3600.94
2025-11-22T19:00,21.4,48,3479.14
2025-11-22T20:00,20.8,50,3173.15
2025-11-22T21:00,20.1,51,2907.27
2025-11-22T22:00,19.4,53,2643.39
2025-11-22T23:00,19.0,56,2386.41
2025-11-23T00:00,17.8,59,2128.58
2025-11-23T01:00,17.0,63,1960.23
2025-11-23T02:00,16.1,68,1857.04
2025-11-23T03:00,14.6,74,1796.19
2025-11-23T04:00,13.7,78,1845.79
2025-11-23T05:00,13.2,82,2058.8
2025-11-23T06:00,13.2,82,2458.42
2025-11-23T07:00,13.5,80,2983.42
2025-11-23T08:00,15.8,70,3366.46
2025-11-23T09:00,19.3,57,3750.45
2025-11-23T10:00,22.1,46,4029.77
2025-11-23T11:00,24.0,39,4043.74
2025-11-23T12:00,25.5,31,3949.4
2025-11-23T13:00,25.9,29,3582.92
2025-11-23T14:00,25.9,28,3460.02
2025-11-23T15:00,25.4,29,3312.59
2025-11-23T16:00,24.4,33,3240.19
2025-11-23T17:00,22.3,42,3364.72
2025-11-23T18:00,21.5,46,3438.13
2025-11-23T19:00,20.4,52,3339.37
2025-11-23T20:00,19.4,56,3088.56
2025-11-23T21:00,18.4,60,2843.98
2025-11-23T22:00,17.8,63,2580.27
2025-11-23T23:00,17.2,66,2322.73
2025-11-24T00:00,16.3,69,2068.58
2025-11-24T01:00,15.7,71,1885.53
2025-11-24T02:00,14.8,75,1804.46
2025-11-24T03:00,13.9,79,1762.27
2025-11-24T04:00,13.2,81,1827.5
2025-11-24T05:00,12.4,88,2230.8
2025-11-24T06:00,12.2,88,3043.66
2025-11-24T07:00,12.7,84,3553.29
2025-11-24T08:00,14.7,75,3755.79
2025-11-24T09:00,17.8,62,4012.06
2025-11-24T10:00,20.6,52,4180.81
2025-11-24T11:00,22.8,42,4016.53
2025-11-24T12:00,24.2,36,3879.19
2025-11-24T13:00,24.8,31,3518.22
2025-11-24T14:00,25.0,30,3521.28
2025-11-24T15:00,24.8,29,3455.31
2025-11-24T16:00,23.9,31,3427.02
2025-11-24T17:00,21.5,44,3610.08
2025-11-24T18:00,20.7,47,3795.13
2025-11-24T19:00,20.0,49,3632.4
2025-11-24T20:00,19.0,52,3289.75
2025-11-24T21:00,18.1,55,2973.72
2025-11-24T22:00,17.2,58,2716.77
2025-11-24T23:00,16.4,63,2427.74
2025-11-25T00:00,15.3,66,2163.24
2025-11-25T01:00,14.5,67,1975.49
2025-11-25T02:00,13.6,72,1866.35
2025-11-25T03:00,12.8,75,1820.88
2025-11-25T04:00,12.2,77,1870.69
2025-11-25T05:00,11.6,82,2174.09
2025-11-25T06:00,11.4,83,2737.5
2025-11-25T07:00,11.8,80,3393.68
2025-11-25T08:00,13.7,72,3779.64
2025-11-25T09:00,16.7,59,4034.45
2025-11-25T10:00,19.5,50,4274.1
2025-11-25T11:00,21.9,42,4198.49
2025-11-25T12:00,23.3,36,4074.13
2025-11-25T13:00,23.8,35,3680.65
2025-11-25T14:00,24.0,34,3605.49
2025-11-25T15:00,23.6,34,3441.02
2025-11-25T16:00,22.8,35,3467.39
2025-11-25T17:00,20.7,44,3727.89
2025-11-25T18:00,20.0,46,3840.17
2025-11-25T19:00,18.9,51,3662.05
2025-11-25T20:00,17.8,55,3308.5
2025-11-25T21:00,16.9,60,3011.48
2025-11-25T22:00,16.0,63,2706.34
2025-11-25T23:00,15.3,68,2407.51
2025-11-26T00:00,14.8,67,2120.85
2025-11-26T01:00,14.1,69,1928.75
2025-11-26T02:00,13.3,73,1848.25
2025-11-26T03:00,12.5,76,1794.76
2025-11-26T04:00,11.9,79,1874.97
2025-11-26T05:00,11.4,85,2300.42
2025-11-26T06:00,11.2,86,3172.67
2025-11-26T07:00,11.5,83,3712.08
2025-11-26T08:00,13.5,74,3854.66
2025-11-26T09:00,16.5,62,4045.71
2025-11-26T10:00,19.3,51,4193.97
2025-11-26T11:00,21.2,43,4091.19
2025-11-26T12:00,22.9,35,3924.65
2025-11-26T13:00,23.6,32,3572.23
2025-11-26T14:00,23.9,31,3572.89
2025-11-26T15:00,23.7,31,3528.44
2025-11-26T16:00,22.9,33,3519.58
2025-11-26T17:00,20.6,45,3737.87
2025-11-26T18:00,19.6,46,3858.86
2025-11-26T19:00,18.8,51,3687.35
2025-11-26T20:00,18.4,52,3352.41
2025-11-26T21:00,17.6,54,3041.96
2025-11-26T22:00,17.2,56,2771.29
2025-11-26T23:00,16.4,60,2464.68
2025-11-27T00:00,15.9,61,2139.71
2025-11-27T01:00,15.6,62,1949.1
2025-11-27T02:00,14.8,65,1841.76
2025-11-27T03:00,14.0,67,1778.73
2025-11-27T04:00,13.4,70,1860.04
2025-11-27T05:00,13.3,71,2291.1
2025-11-27T06:00,12.8,74,3178.03
2025-11-27T07:00,12.6,77,3675.66
2025-11-27T08:00,14.5,71,3784.55
2025-11-27T09:00,17.4,59,3986.42
2025-11-27T10:00,19.9,47,4129.7
2025-11-27T11:00,21.6,35,4091.76
2025-11-27T12:00,23.2,31,3951.25
2025-11-27T13:00,24.0,29,3578.27
2025-11-27T14:00,24.4,29,3596.13
2025-11-27T15:00,24.3,29,3552.59
2025-11-27T16:00,23.5,32,3528.12
2025-11-27T17:00,21.3,46,3788.68
2025-11-27T18:00,20.3,49,3903.52
2025-11-27T19:00,19.3,54,3712.9
2025-11-27T20:00,18.6,58,3377.3
2025-11-27T21:00,17.7,62,3047.78
2025-11-27T22:00,16.9,66,2770.82
2025-11-27T23:00,16.2,71,2461.55
2025-11-28T00:00,15.3,74,2163.66
2025-11-28T01:00,14.7,75,2037.99
2025-11-28T02:00,14.2,76,2002.21
2025-11-28T03:00,13.4,79,1951.2
2025-11-28T04:00,12.5,84,2006.38
2025-11-28T05:00,11.8,88,2324.55
2025-11-28T06:00,11.5,88,2975.83
2025-11-28T07:00,12.1,84,3372.73
2025-11-28T08:00,14.2,73,3639.03
2025-11-28T09:00,16.7,63,3874.87
2025-11-28T10:00,19.3,53,4187.37
2025-11-28T11:00,21.8,44,4296.61
2025-11-28T12:00,23.6,36,4180.69
2025-11-28T13:00,24.6,32,3774.65
2025-11-28T14:00,25.2,30,3702.61
2025-11-28T15:00,25.2,29,3594.03
2025-11-28T16:00,24.3,33,3587.65
2025-11-28T17:00,20.8,54,3784.41
2025-11-28T18:00,20.5,52,3905.75
2025-11-28T19:00,19.8,54,3776.84
2025-11-28T20:00,19.1,57,3564.97
2025-11-28T21:00,18.4,60,3357.66
2025-11-28T22:00,17.6,64,2957.9
2025-11-28T23:00,16.5,71,2584.61
2025-11-29T00:00,15.9,71,2337.92
2025-11-29T01:00,15.5,71,2157.04
2025-11-29T02:00,15.0,72,2079.44
2025-11-29T03:00,14.7,71,2036.24
2025-11-29T04:00,14.4,71,2092.15
2025-11-29T05:00,13.9,73,2361.3
2025-11-29T06:00,13.7,73,2886.38
2025-11-29T07:00,13.7,73,3293.11
2025-11-29T08:00,15.1,68,3699.73
2025-11-29T09:00,17.4,60,3979.36
2025-11-29T10:00,20.1,49,4120.18
2025-11-29T11:00,23.0,41,4039.69
2025-11-29T12:00,25.1,32,3864.3
2025-11-29T13:00,25.9,30,3476.15
2025-11-29T14:00,25.9,32,3434.39
2025-11-29T15:00,25.4,34,3329.73
2025-11-29T16:00,24.5,36,3308.85
2025-11-29T17:00,22.5,42,3531.64
2025-11-29T18:00,21.5,44,3692.06
2025-11-29T19:00,20.5,47,3500.99
2025-11-29T20:00,19.5,50,3191.87
2025-11-29T21:00,18.6,52,2910.53
2025-11-29T22:00,17.7,53,2655.56
2025-11-29T23:00,16.6,58,2384.7
2025-11-30T00:00,16.1,57,2105.74
2025-11-30T01:00,15.1,58,1901.77
2025-11-30T02:00,14.0,60,1796.12
2025-11-30T03:00,13.4,60,1740.59
2025-11-30T04:00,12.8,61,1794.19
2025-11-30T05:00,12.5,68,2039.12
2025-11-30T06:00,11.7,71,2469.45
2025-11-30T07:00,11.9,71,3032.93
2025-11-30T08:00,13.4,65,3446.53
2025-11-30T09:00,15.8,56,3859.52
2025-11-30T10:00,18.5,47,4138.68
2025-11-30T11:00,21.2,38,4144.47
2025-11-30T12:00,23.0,32,4015.91
2025-11-30T13:00,23.6,31,3632.76
2025-11-30T14:00,23.4,31,3462.32
2025-11-30T15:00,23.2,31,3245.87
2025-11-30T16:00,22.5,32,3117.87
2025-11-30T17:00,20.4,39,3269.47
2025-11-30T18:00,19.5,42,3413.28
2025-11-30T19:00,18.3,45,3306.9
2025-11-30T20:00,17.2,47,3078.2
2025-11-30T21:00,16.5,48,2894.46
2025-11-30T22:00,15.7,48,2639.0
2025-11-30T23:00,15.1,51,2378.31
2025-12-01T00:00,13.9,51,2070.14
2025-12-01T01:00,13.2,53,1935.02
2025-12-01T02:00,12.6,55,1848.22
2025-12-01T03:00,12.1,58,1815.6
2025-12-01T04:00,11.6,60,1895.85
2025-12-01T05:00,11.0,69,2321.91
2025-12-01T06:00,10.2,73,3202.22
2025-12-01T07:00,10.0,75,3725.63
2025-12-01T08:00,12.2,65,3842.0
2025-12-01T09:00,15.2,54,4040.03
2025-12-01T10:00,18.1,44,4153.84
2025-12-01T11:00,21.1,34,4094.27
2025-12-01T12:00,23.2,28,3930.21
2025-12-01T13:00,24.1,26,3524.89
2025-12-01T14:00,24.3,26,3519.09
2025-12-01T15:00,24.0,27,3448.71
2025-12-01T16:00,23.1,30,3447.0
2025-12-01T17:00,20.8,40,3605.24
2025-12-01T18:00,20.0,43,3765.93
2025-12-01T19:00,18.8,47,3690.78
2025-12-01T20:00,17.9,51,3382.71
2025-12-01T21:00,17.1,55,3079.08
2025-12-01T22:00,16.3,58,2762.55
2025-12-01T23:00,15.9,61,2456.89
2025-12-02T00:00,14.9,65,2133.53
2025-12-02T01:00,14.1,69,1900.29
2025-12-02T02:00,13.6,70,1819.92
2025-12-02T03:00,13.4,69,1762.33
2025-12-02T04:00,13.2,69,1844.67
2025-12-02T05:00,12.8,74,2315.84
2025-12-02T06:00,12.7,72,3238.83
2025-12-02T07:00,12.9,71,3769.28
2025-12-02T08:00,15.0,61,3916.01
2025-12-02T09:00,18.0,51,4096.06
2025-12-02T10:00,20.8,43,4262.89
2025-12-02T11:00,22.8,46,4159.26
2025-12-02T12:00,24.2,46,3985.89
2025-12-02T13:00,24.9,45,3621.69
2025-12-02T14:00,25.2,42,3618.3
2025-12-02T15:00,25.0,41,3562.02
2025-12-02T16:00,24.2,44,3514.28
2025-12-02T17:00,21.8,52,3637.69
2025-12-02T18:00,20.9,51,3742.62
2025-12-02T19:00,19.8,51,3632.82
2025-12-02T20:00,18.6,55,3359.18
2025-12-02T21:00,18.1,56,3093.4
2025-12-02T22:00,16.7,59,2847.57
2025-12-02T23:00,15.8,65,2623.78
2025-12-03T00:00,14.4,67,2318.24
2025-12-03T01:00,13.7,67,2129.53
2025-12-03T02:00,12.8,68,2058.9
2025-12-03T03:00,12.1,69,2026.31
2025-12-03T04:00,11.3,71,2133.28
2025-12-03T05:00,10.8,77,2559.98
2025-12-03T06:00,10.3,79,3417.47
2025-12-03T07:00,10.4,78,3844.44
2025-12-03T08:00,12.5,69,3935.86
2025-12-03T09:00,15.1,59,4101.22
2025-12-03T10:00,17.9,49,4223.68
2025-12-03T11:00,20.2,40,4134.39
2025-12-03T12:00,21.7,34,3978.04
2025-12-03T13:00,22.6,30,3647.89
2025-12-03T14:00,22.9,29,3656.72
2025-12-03T15:00,22.4,30,3555.98
2025-12-03T16:00,21.4,34,3562.97
2025-12-03T17:00,19.5,41,3762.16
2025-12-03T18:00,18.8,45,3882.74
2025-12-03T19:00,17.8,49,3766.44
2025-12-03T20:00,16.8,52,3477.53
2025-12-03T21:00,15.8,55,3226.76
2025-12-03T22:00,14.9,57,2952.88
2025-12-03T23:00,13.9,63,2634.22
2025-12-04T00:00,12.9,66,2360.38
2025-12-04T01:00,12.0,69,2182.26
2025-12-04T02:00,11.5,70,2102.33
2025-12-04T03:00,11.1,71,2055.09
2025-12-04T04:00,10.7,72,2136.96
2025-12-04T05:00,10.1,75,2549.36
2025-12-04T06:00,9.8,75,3380.29
2025-12-04T07:00,9.9,74,3841.44
2025-12-04T08:00,11.4,68,3927.45
2025-12-04T09:00,13.8,60,4077.64
2025-12-04T10:00,16.4,51,4326.08
2025-12-04T11:00,19.2,44,4166.1
2025-12-04T12:00,20.8,38,4002.94
2025-12-04T13:00,21.6,34,3623.69
2025-12-04T14:00,21.9,32,3649.06
2025-12-04T15:00,21.5,33,3610.04
2025-12-04T16:00,20.6,36,3626.22
2025-12-04T17:00,18.3,44,3807.4
2025-12-04T18:00,17.5,47,3967.35
2025-12-04T19:00,16.6,51,3803.36
2025-12-04T20:00,15.7,54,3541.14
2025-12-04T21:00,14.8,56,3314.13
2025-12-04T22:00,14.0,58,2903.7
2025-12-04T23:00,13.5,62,2446.37
2025-12-05T00:00,12.3,65,2109.07
2025-12-05T01:00,11.5,67,1903.63
2025-12-05T02:00,10.9,68,1804.65
2025-12-05T03:00,10.2,70,1757.3
2025-12-05T04:00,9.5,74,1833.81
2025-12-05T05:00,8.9,80,2277.98
2025-12-05T06:00,8.6,81,3233.38
2025-12-05T07:00,8.7,80,3827.22
2025-12-05T08:00,10.5,71,3967.0
2025-12-05T09:00,13.7,59,4203.86
2025-12-05T10:00,16.8,47,4376.99
2025-12-05T11:00,19.3,38,4384.96
2025-12-05T12:00,20.8,31,4352.37
2025-12-05T13:00,21.5,29,3909.56
2025-12-05T14:00,21.8,31,3808.22
2025-12-05T15:00,21.7,33,3696.5
2025-12-05T16:00,20.8,37,3671.6
2025-12-05T17:00,19.0,44,3918.01
2025-12-05T18:00,18.2,48,4033.09
2025-12-05T19:00,17.3,51,3863.19
2025-12-05T20:00,16.2,56,3546.95
2025-12-05T21:00,15.1,60,3219.69
2025-12-05T22:00,14.4,62,2910.34
2025-12-05T23:00,13.5,67,2529.28
2025-12-06T00:00,12.9,66,2189.09
2025-12-06T01:00,12.3,67,1964.24
2025-12-06T02:00,11.8,68,1854.46
2025-12-06T03:00,11.3,69,1802.24
2025-12-06T04:00,10.9,70,1862.45
2025-12-06T05:00,10.5,75,2246.88
2025-12-06T06:00,10.2,76,3019.26
2025-12-06T07:00,10.4,74,3640.19
2025-12-06T08:00,11.9,68,3897.7
2025-12-06T09:00,14.2,58,4151.52
2025-12-06T10:00,16.8,49,4288.18
2025-12-06T11:00,19.7,42,4186.93
2025-12-06T12:00,21.9,35,3836.9
2025-12-06T13:00,23.1,32,3390.96
2025-12-06T14:00,23.6,32,3298.41
2025-12-06T15:00,23.1,34,3122.35
2025-12-06T16:00,22.1,36,3366.97
2025-12-06T17:00,20.2,42,3673.36
2025-12-06T18:00,19.4,42,3812.33
2025-12-06T19:00,18.3,43,3691.39
2025-12-06T20:00,17.6,44,3396.22
2025-12-06T21:00,16.5,47,3101.8
2025-12-06T22:00,15.9,50,2805.96
2025-12-06T23:00,15.1,54,2453.9
2025-12-07T00:00,14.5,57,2138.92
2025-12-07T01:00,13.8,60,1915.34
2025-12-07T02:00,13.2,63,1799.19
2025-12-07T03:00,12.7,65,1729.04
2025-12-07T04:00,12.3,67,1770.07
2025-12-07T05:00,11.4,73,2026.8
2025-12-07T06:00,10.8,76,2518.99
2025-12-07T07:00,10.7,76,3149.58
2025-12-07T08:00,12.1,70,3663.67
2025-12-07T09:00,14.6,61,4130.63
2025-12-07T10:00,17.4,52,4450.29
2025-12-07T11:00,20.3,44,4420.83
2025-12-07T12:00,22.4,39,4182.73
2025-12-07T13:00,23.7,35,3759.34
2025-12-07T14:00,24.1,35,3495.89
2025-12-07T15:00,23.7,38,3276.29
2025-12-07T16:00,22.7,41,3204.77
2025-12-07T17:00,20.8,49,3377.15
2025-12-07T18:00,20.3,52,3512.79
2025-12-07T19:00,19.3,55,3414.21
2025-12-07T20:00,18.3,58,3205.7
2025-12-07T21:00,17.4,60,2964.14
2025-12-07T22:00,16.6,61,2666.8
2025-12-07T23:00,15.9,63,2346.88
2025-12-08T00:00,15.2,64,2016.45
2025-12-08T01:00,15.0,63,1797.96
2025-12-08T02:00,14.6,62,1703.74
2025-12-08T03:00,14.2,63,1650.75
2025-12-08T04:00,13.7,65,1750.35
2025-12-08T05:00,12.8,69,2237.3
2025-12-08T06:00,12.2,72,3253.46
2025-12-08T07:00,12.1,73,3845.5
2025-12-08T08:00,13.5,67,3963.07
2025-12-08T09:00,15.8,59,4173.28
2025-12-08T10:00,18.6,49,4217.68
2025-12-08T11:00,21.5,41,4157.54
2025-12-08T12:00,23.6,36,3975.26
2025-12-08T13:00,24.9,32,3641.25
2025-12-08T14:00,25.2,31,3586.23
2025-12-08T15:00,24.7,32,3548.93
2025-12-08T16:00,23.7,35,3466.11
2025-12-08T17:00,21.8,42,3693.33
2025-12-08T18:00,20.7,47,3877.78
2025-12-08T19:00,19.5,50,3774.81
2025-12-08T20:00,18.6,51,3484.66
2025-12-08T21:00,17.7,52,3213.8
2025-12-08T22:00,16.8,53,2924.48
2025-12-08T23:00,15.9,56,2619.28
2025-12-09T00:00,15.0,58,2163.03
2025-12-09T01:00,14.3,60,1988.13
2025-12-09T02:00,13.7,63,1896.05
2025-12-09T03:00,13.2,65,1792.83
2025-12-09T04:00,12.8,67,1922.13
2025-12-09T05:00,12.1,71,2363.06
2025-12-09T06:00,11.7,72,3387.02
2025-12-09T07:00,11.6,73,4010.18
2025-12-09T08:00,12.8,68,4109.77
2025-12-09T09:00,15.1,60,4245.43
2025-12-09T10:00,17.9,51,4306.82
2025-12-09T11:00,20.8,44,4193.7
2025-12-09T12:00,22.9,38,4035.71
2025-12-09T13:00,24.1,33,3671.66
2025-12-09T14:00,24.5,31,3639.5
2025-12-09T15:00,24.1,34,3580.86
2025-12-09T16:00,23.1,38,3579.94
2025-12-09T17:00,21.0,46,3750.14
2025-12-09T18:00,20.3,49,3898.83
2025-12-09T19:00,19.4,51,3776.26
2025-12-09T20:00,18.7,52,3505.93
2025-12-09T21:00,18.2,53,3231.56
2025-12-09T22:00,17.5,55,3018.13
2025-12-09T23:00,16.5,58,2687.8
2025-12-10T00:00,15.3,62,2358.2
2025-12-10T01:00,14.7,64,2126.3
2025-12-10T02:00,14.2,66,2023.92
2025-12-10T03:00,13.6,68,1983.96
2025-12-10T04:00,13.2,70,2057.89
2025-12-10T05:00,12.6,71,2505.47
2025-12-10T06:00,12.1,73,3409.24
2025-12-10T07:00,11.8,75,3991.79
2025-12-10T08:00,13.0,70,4191.14
2025-12-10T09:00,15.2,61,4336.22
2025-12-10T10:00,17.9,52,4446.65
2025-12-10T11:00,20.7,44,4304.04
2025-12-10T12:00,22.7,38,4123.88
2025-12-10T13:00,23.7,36,3760.62
2025-12-10T14:00,24.1,35,3713.98
2025-12-10T15:00,23.7,38,3653.59
2025-12-10T16:00,22.8,43,3641.21
2025-12-10T17:00,20.4,54,3852.98
2025-12-10T18:00,20.3,53,3982.88
2025-12-10T19:00,19.4,55,3839.95
2025-12-10T20:00,18.4,58,3591.15
2025-12-10T21:00,17.6,60,3309.56
2025-12-10T22:00,17.0,61,3032.92
2025-12-10T23:00,16.6,61,2679.01
2025-12-11T00:00,15.2,64,2405.84
2025-12-11T01:00,14.2,68,2227.38
2025-12-11T02:00,13.2,73,2149.05
2025-12-11T03:00,12.4,76,2109.74
2025-12-11T04:00,12.1,78,2165.4
2025-12-11T05:00,11.1,85,2523.73
2025-12-11T06:00,10.8,86,3269.65
2025-12-11T07:00,10.8,85,3704.27
2025-12-11T08:00,12.4,76,3850.36
2025-12-11T09:00,15.2,64,4080.01
2025-12-11T10:00,18.3,52,4160.82
2025-12-11T11:00,21.5,44,4142.56
2025-12-11T12:00,23.5,37,4007.57
2025-12-11T13:00,24.4,34,3698.48
2025-12-11T14:00,24.7,33,3665.58
2025-12-11T15:00,24.3,34,3547.34
2025-12-11T16:00,23.4,38,3395.31
2025-12-11T17:00,20.7,52,3519.97
2025-12-11T18:00,20.0,55,3619.84
2025-12-11T19:00,19.1,59,3752.24
2025-12-11T20:00,18.2,62,3550.57
2025-12-11T21:00,17.5,64,3253.06
2025-12-11T22:00,17.1,65,2960.52
2025-12-11T23:00,16.9,66,2579.67
2025-12-12T00:00,15.4,71,2258.75
2025-12-12T01:00,14.0,77,2040.28
2025-12-12T02:00,13.2,80,1943.64
2025-12-12T03:00,12.4,83,1883.56
2025-12-12T04:00,11.8,85,1960.85
2025-12-12T05:00,11.2,88,2456.95
2025-12-12T06:00,10.5,90,3445.76
2025-12-12T07:00,10.4,90,4023.72
2025-12-12T08:00,12.2,82,4186.8
2025-12-12T09:00,15.3,69,4398.36
2025-12-12T10:00,18.4,56,4567.05
2025-12-12T11:00,21.0,47,4462.41
2025-12-12T12:00,22.9,40,4295.13
2025-12-12T13:00,23.9,35,3870.3
2025-12-12T14:00,24.4,32,3727.1
2025-12-12T15:00,24.3,31,3622.28
2025-12-12T16:00,23.5,34,3649.37
2025-12-12T17:00,21.0,48,3841.3
2025-12-12T18:00,19.9,53,4020.55
2025-12-12T19:00,19.1,57,3895.78
2025-12-12T20:00,18.4,61,3615.22
2025-12-12T21:00,17.9,63,3293.22
2025-12-12T22:00,17.2,66,2895.0
2025-12-12T23:00,16.4,69,2506.32
2025-12-13T00:00,15.3,75,2186.19
2025-12-13T01:00,14.3,80,1942.61
2025-12-13T02:00,13.9,82,1835.07
2025-12-13T03:00,13.7,82,1777.41
2025-12-13T04:00,13.4,83,1838.48
2025-12-13T05:00,13.1,82,2167.9
2025-12-13T06:00,12.8,83,2762.62
2025-12-13T07:00,12.7,84,3402.39
2025-12-13T08:00,14.1,79,3792.56
2025-12-13T09:00,16.5,69,4096.71
2025-12-13T10:00,19.3,58,4281.7
2025-12-13T11:00,21.4,52,4180.87
2025-12-13T12:00,23.1,44,3995.04
2025-12-13T13:00,24.0,40,3604.25
2025-12-13T14:00,24.5,37,3478.3
2025-12-13T15:00,24.4,37,3377.88
2025-12-13T16:00,23.8,39,3376.01
2025-12-13T17:00,21.0,52,3621.4
2025-12-13T18:00,20.2,57,3708.62
2025-12-13T19:00,19.2,64,3566.04
2025-12-13T20:00,18.2,68,3309.87
2025-12-13T21:00,17.3,72,3032.35
2025-12-13T22:00,16.3,77,2741.58
2025-12-13T23:00,15.4,83,2462.32
2025-12-14T00:00,14.7,85,2108.43
2025-12-14T01:00,14.1,87,1896.23
2025-12-14T02:00,13.7,89,1839.26
2025-12-14T03:00,13.3,89,1700.74
2025-12-14T04:00,13.0,90,1741.34
2025-12-14T05:00,11.6,93,2051.82
2025-12-14T06:00,11.2,94,2538.87
2025-12-14T07:00,11.2,94,3119.65
2025-12-14T08:00,13.5,86,3582.97
2025-12-14T09:00,16.9,71,4042.22
2025-12-14T10:00,19.8,60,4335.0
2025-12-14T11:00,21.2,54,4337.65
2025-12-14T12:00,22.8,48,4161.73
2025-12-14T13:00,23.7,43,3781.47
2025-12-14T14:00,24.2,41,3650.34
2025-12-14T15:00,24.2,40,3479.05
2025-12-14T16:00,23.4,51,3469.6
2025-12-14T17:00,21.1,60,3610.25
2025-12-14T18:00,20.2,60,3663.88
2025-12-14T19:00,19.4,62,3575.09
2025-12-14T20:00,18.8,65,3371.5
2025-12-14T21:00,18.3,68,3157.44
2025-12-14T22:00,17.9,69,2842.38
2025-12-14T23:00,17.4,71,2537.73
2025-12-15T00:00,16.3,75,2251.65
2025-12-15T01:00,14.8,81,1992.28
2025-12-15T02:00,13.6,88,1912.07
2025-12-15T03:00,12.6,93,1905.91
2025-12-15T04:00,12.0,95,1941.61
2025-12-15T05:00,11.3,94,2383.12
2025-12-15T06:00,10.9,95,3302.04
2025-12-15T07:00,10.5,99,3929.56
2025-12-15T08:00,11.5,97,4177.33
2025-12-15T09:00,13.8,87,4403.51
2025-12-15T10:00,16.1,76,4540.91
2025-12-15T11:00,19.4,63,4347.77
2025-12-15T12:00,21.7,51,4147.26
2025-12-15T13:00,22.9,44,3797.08
2025-12-15T14:00,23.3,46,3737.38
2025-12-15T15:00,23.2,48,3601.0
2025-12-15T16:00,22.4,50,3565.62
2025-12-15T17:00,19.9,57,3784.79
2025-12-15T18:00,19.1,60,3925.02
2025-12-15T19:00,18.2,64,3803.31
2025-12-15T20:00,17.3,68,3539.14
2025-12-15T21:00,16.6,69,3269.28
2025-12-15T22:00,16.2,68,2947.3
2025-12-15T23:00,15.4,70,2597.92
2025-12-16T00:00,14.4,73,2271.42
2025-12-16T01:00,13.7,76,2063.86
2025-12-16T02:00,13.2,79,1941.3
2025-12-16T03:00,12.8,82,1889.29
2025-12-16T04:00,12.5,85,1977.75
2025-12-16T05:00,12.0,88,2407.91
2025-12-16T06:00,11.8,89,3246.59
2025-12-16T07:00,11.6,90,3927.29
2025-12-16T08:00,13.0,83,4221.55
2025-12-16T09:00,15.2,73,4409.11
2025-12-16T10:00,17.8,62,4503.79
2025-12-16T11:00,20.0,56,4359.2
2025-12-16T12:00,21.9,48,4201.07
2025-12-16T13:00,23.0,45,3793.83
2025-12-16T14:00,23.3,45,3723.46
2025-12-16T15:00,23.1,48,3629.67
2025-12-16T16:00,22.2,52,3602.48
2025-12-16T17:00,20.5,60,3830.98
2025-12-16T18:00,19.6,64,4018.9
2025-12-16T19:00,18.8,67,3855.19
2025-12-16T20:00,18.1,69,3546.51
2025-12-16T21:00,17.3,71,3256.08
2025-12-16T22:00,16.6,74,2925.5
2025-12-16T23:00,15.5,79,2558.57
2025-12-17T00:00,14.6,83,2202.01
2025-12-17T01:00,14.1,85,1969.64
2025-12-17T02:00,13.5,86,1853.67
2025-12-17T03:00,13.1,87,1798.52
2025-12-17T04:00,12.7,88,1894.23
2025-12-17T05:00,11.6,90,2347.85
2025-12-17T06:00,11.4,90,3222.67
2025-12-17T07:00,11.4,90,3959.37
2025-12-17T08:00,12.9,82,4319.97
2025-12-17T09:00,15.2,71,4567.76
2025-12-17T10:00,17.8,62,4716.3
2025-12-17T11:00,19.9,57,4565.37
2025-12-17T12:00,21.8,51,4369.14
2025-12-17T13:00,23.1,47,3903.61
2025-12-17T14:00,23.8,45,3866.52
2025-12-17T15:00,23.7,46,3754.94
2025-12-17T16:00,22.8,50,3721.39
2025-12-17T17:00,20.6,60,3928.91
2025-12-17T18:00,19.6,64,3953.83
2025-12-17T19:00,18.9,65,3888.0
2025-12-17T20:00,18.1,66,3607.86
2025-12-17T21:00,17.1,69,3317.7
2025-12-17T22:00,16.1,72,2990.36
2025-12-17T23:00,14.9,78,2621.6
2025-12-18T00:00,14.4,79,2247.45
2025-12-18T01:00,13.4,85,2023.4
2025-12-18T02:00,12.8,87,1899.15
2025-12-18T03:00,12.5,88,1838.6
2025-12-18T04:00,12.0,89,1922.62
2025-12-18T05:00,11.9,92,2363.91
2025-12-18T06:00,11.8,93,3233.75
2025-12-18T07:00,11.6,94,3930.06
2025-12-18T08:00,12.9,89,4343.71
2025-12-18T09:00,15.3,78,4587.97
2025-12-18T10:00,17.8,68,4756.82
2025-12-18T11:00,19.3,61,4598.67
2025-12-18T12:00,21.0,52,4426.6
2025-12-18T13:00,22.0,48,3963.14
2025-12-18T14:00,22.5,47,3934.13
2025-12-18T15:00,22.4,49,3789.55
2025-12-18T16:00,21.6,53,3758.67
2025-12-18T17:00,19.3,62,3993.41
2025-12-18T18:00,18.2,69,4144.69
2025-12-18T19:00,17.6,73,3970.17
2025-12-18T20:00,17.0,76,3679.55
2025-12-18T21:00,16.2,81,3387.35
2025-12-18T22:00,15.4,85,3050.79
2025-12-18T23:00,14.8,88,2671.41
2025-12-19T00:00,13.9,91,2267.39
2025-12-19T01:00,13.3,93,2029.3
2025-12-19T02:00,13.0,94,1917.12
2025-12-19T03:00,12.9,94,1855.31
2025-12-19T04:00,12.4,95,1930.73
2025-12-19T05:00,11.7,96,2404.73
2025-12-19T06:00,11.2,97,3289.2
2025-12-19T07:00,11.2,97,4065.45
2025-12-19T08:00,12.1,95,4541.03
2025-12-19T09:00,13.6,92,4887.55
2025-12-19T10:00,16.2,78,5154.46
2025-12-19T11:00,18.0,66,5074.61
2025-12-19T12:00,20.0,55,4882.33
2025-12-19T13:00,21.3,48,4316.61
2025-12-19T14:00,21.9,44,4115.91
2025-12-19T15:00,21.9,44,3959.43
2025-12-19T16:00,21.0,50,3910.34
2025-12-19T17:00,18.5,65,4137.75
2025-12-19T18:00,17.6,70,4297.81
2025-12-20T00:00,12.7,86,2351.58
2025-12-20T01:00,12.2,88,2108.01
2025-12-20T02:00,11.6,89,1975.79
2025-12-20T03:00,11.1,90,1909.11
2025-12-20T04:00,10.7,92,1973.62
2025-12-20T05:00,9.7,97,2376.55
2025-12-20T06:00,9.6,98,3160.95
2025-12-20T07:00,9.5,99,3895.82
2025-12-20T08:00,10.7,95,4314.01
2025-12-20T09:00,13.7,83,4638.97
2025-12-20T10:00,17.0,68,4902.62
2025-12-20T11:00,18.7,60,4845.13
2025-12-20T12:00,20.3,54,4607.23
2025-12-20T13:00,21.2,50,4157.67
2025-12-20T14:00,21.8,48,3963.28
2025-12-20T15:00,21.8,48,3805.96
2025-12-20T16:00,21.2,51,3764.61
2025-12-20T17:00,18.1,73,3968.08
2025-12-20T18:00,17.2,75,4115.19
2025-12-20T19:00,16.1,80,4019.18
2025-12-20T20:00,15.1,84,3734.23
2025-12-20T21:00,14.1,88,3452.38
2025-12-20T22:00,13.3,91,3105.91
2025-12-20T23:00,12.5,95,2692.25
2025-12-21T00:00,12.0,96,2268.3
2025-12-21T01:00,11.7,96,2034.79
2025-12-21T02:00,11.3,97,1881.69
2025-12-21T03:00,11.0,97,1811.28
2025-12-21T04:00,10.7,98,1855.88
2025-12-21T05:00,10.8,99,2118.04
2025-12-21T06:00,11.0,98,2625.34
2025-12-21T07:00,11.1,98,3262.09
2025-12-21T08:00,11.5,98,3902.34
2025-12-21T09:00,12.9,91,4522.95
2025-12-21T10:00,15.1,81,4946.95
2025-12-21T11:00,16.2,75,4979.99
2025-12-21T12:00,18.1,67,4768.4
2025-12-21T13:00,19.4,61,4273.53
2025-12-21T14:00,20.2,57,3944.99
2025-12-21T15:00,20.4,56,3680.75
2025-12-21T16:00,19.8,59,3550.92
2025-12-21T17:00,16.6,78,3749.49
2025-12-21T18:00,16.0,80,3930.49
2025-12-21T19:00,15.3,84,3830.26
2025-12-21T20:00,14.8,87,3603.6
2025-12-21T21:00,14.4,88,3386.49
2025-12-21T22:00,13.8,91,3111.85
2025-12-21T23:00,13.3,93,2802.33
2025-12-22T00:00,12.6,95,2452.16
2025-12-22T01:00,12.2,96,2262.24
2025-12-22T02:00,11.7,98,2163.15
2025-12-22T03:00,11.4,100,2126.09
2025-12-22T04:00,11.4,100,2172.49
2025-12-22T05:00,11.8,99,2499.61
2025-12-22T06:00,11.9,100,3181.0
2025-12-22T07:00,11.9,99,3778.08
2025-12-22T08:00,12.1,98,4330.9
2025-12-22T09:00,13.0,94,4711.64
2025-12-22T10:00,15.1,83,4916.53
2025-12-22T11:00,16.1,79,4923.63
2025-12-22T12:00,18.3,71,4658.85
2025-12-22T13:00,19.9,63,4194.66
2025-12-22T14:00,21.0,57,4049.94
2025-12-22T15:00,21.3,55,3887.78
2025-12-22T16:00,20.8,60,3845.55
2025-12-22T17:00,19.1,68,4102.77
2025-12-22T18:00,17.9,73,4223.1
2025-12-22T19:00,17.1,77,4087.27
2025-12-22T20:00,16.4,80,3847.35
2025-12-22T21:00,15.9,82,3586.93
2025-12-22T22:00,15.4,84,3244.77
2025-12-22T23:00,14.6,89,2802.01
2025-12-23T00:00,13.5,94,2325.76
2025-12-23T01:00,12.9,96,2071.74
2025-12-23T02:00,12.7,97,1946.05
2025-12-23T03:00,12.4,98,1888.69
2025-12-23T04:00,12.4,98,1953.14
2025-12-23T05:00,11.7,98,2382.25
2025-12-23T06:00,11.6,98,3259.86
2025-12-23T07:00,11.7,97,4100.03
2025-12-23T08:00,12.6,96,4557.88
2025-12-23T09:00,14.1,93,4845.3
2025-12-23T10:00,16.8,79,4972.24
2025-12-23T11:00,19.0,69,4774.31
2025-12-23T12:00,21.0,61,4536.56
2025-12-23T13:00,22.4,57,4049.34
2025-12-23T14:00,23.1,53,3961.67
2025-12-23T15:00,22.9,54,3815.17
2025-12-23T16:00,22.0,59,3788.45
2025-12-23T17:00,20.5,65,4025.25
2025-12-23T18:00,19.4,71,4216.28
2025-12-23T19:00,18.3,76,4074.62
2025-12-23T20:00,17.4,78,3796.17
2025-12-23T21:00,16.6,80,3535.9
2025-12-23T22:00,15.9,82,3190.32
2025-12-23T23:00,15.2,84,2770.35
2025-12-24T00:00,14.5,87,2311.54
2025-12-24T01:00,14.1,88,2055.61
2025-12-24T02:00,13.7,89,1933.7
2025-12-24T03:00,13.4,90,1878.06
2025-12-24T04:00,12.9,90,1951.9
2025-12-24T05:00,12.5,91,2348.81
2025-12-24T06:00,11.9,90,3173.73
2025-12-24T07:00,11.6,90,4050.8
2025-12-24T08:00,12.6,84,4539.91
2025-12-24T09:00,14.6,75,4865.23
2025-12-24T10:00,16.7,67,4974.17
2025-12-24T11:00,18.9,60,4820.08
2025-12-24T12:00,20.4,45,4567.3
2025-12-24T13:00,21.0,41,4068.34
2025-12-24T14:00,21.1,40,3943.98
2025-12-24T15:00,20.8,42,3826.45
2025-12-24T16:00,20.0,44,3803.87
2025-12-24T17:00,18.6,50,4004.92
2025-12-24T18:00,17.5,57,4202.28
2025-12-24T19:00,16.3,64,4063.9
2025-12-24T20:00,15.5,67,3792.65
2025-12-24T21:00,14.7,68,3523.01
2025-12-24T22:00,14.1,69,3204.02
2025-12-24T23:00,13.0,74,2770.04
2025-12-25T00:00,12.3,75,2358.19
2025-12-25T01:00,11.9,75,2102.37
2025-12-25T02:00,11.3,76,1965.8
2025-12-25T03:00,10.8,77,1890.23
2025-12-25T04:00,10.2,78,1936.86
2025-12-25T05:00,9.8,82,2232.49
2025-12-25T06:00,9.4,82,2840.5
2025-12-25T07:00,9.3,81,3570.57
2025-12-25T08:00,10.7,74,4095.59
2025-12-25T09:00,13.1,64,4550.05
2025-12-25T10:00,15.9,53,4796.67
2025-12-25T11:00,18.5,46,4705.82
2025-12-25T12:00,19.9,43,4481.15
2025-12-25T13:00,20.7,40,3954.86
2025-12-25T14:00,21.0,38,3800.08
2025-12-25T15:00,20.8,39,3662.56
2025-12-25T16:00,19.9,45,3626.7
2025-12-25T17:00,17.9,54,3886.38
2025-12-25T18:00,17.1,57,4086.75
2025-12-25T19:00,16.0,65,3964.14
2025-12-25T20:00,15.2,69,3692.08
2025-12-25T21:00,14.6,73,3420.36
2025-12-25T22:00,14.1,75,3111.49
2025-12-25T23:00,13.2,79,2740.34
2025-12-26T00:00,12.9,79,2327.26
2025-12-26T01:00,12.6,79,2069.16
2025-12-26T02:00,11.9,82,1938.09
2025-12-26T03:00,11.3,83,1880.06
2025-12-26T04:00,10.7,85,1947.11
2025-12-26T05:00,10.4,87,2372.02
2025-12-26T06:00,10.1,87,3245.02
2025-12-26T07:00,9.9,86,4045.63
2025-12-26T08:00,11.3,79,4458.92
2025-12-26T09:00,13.7,68,4839.79
2025-12-26T10:00,16.3,58,5023.45
2025-12-26T11:00,18.3,52,4887.67
2025-12-26T12:00,19.8,43,4695.06
2025-12-26T13:00,20.7,39,4144.19
2025-12-26T14:00,21.1,38,3963.13
2025-12-26T15:00,20.8,40,3845.74
2025-12-26T16:00,20.0,44,3800.62
2025-12-26T17:00,18.6,51,4027.16
2025-12-26T18:00,17.7,59,4194.56
2025-12-26T19:00,16.7,65,4059.13
2025-12-26T20:00,16.0,69,3791.74
2025-12-26T21:00,15.2,73,3502.87
2025-12-26T22:00,14.5,77,3130.76
2025-12-26T23:00,13.9,81,2781.42
2025-12-27T00:00,12.8,85,2366.73
2025-12-27T01:00,12.2,87,2113.76
2025-12-27T02:00,11.8,89,1946.94
2025-12-27T03:00,11.2,92,1881.22
2025-12-27T04:00,10.6,95,1958.19
2025-12-27T05:00,10.1,98,2326.49
2025-12-27T06:00,9.8,98,3072.06
2025-12-27T07:00,9.7,98,3617.54
2025-12-27T08:00,10.7,94,4113.76
2025-12-27T09:00,12.5,86,4424.66
2025-12-27T10:00,15.1,73,4546.36
2025-12-27T11:00,17.3,65,4448.64
2025-12-27T12:00,19.1,56,4088.58
2025-12-27T13:00,20.0,52,3943.99
2025-12-27T14:00,20.5,51,3717.54
2025-12-27T15:00,20.5,50,3596.04
2025-12-27T16:00,19.8,54,3595.68
2025-12-27T17:00,18.2,66,3806.82
2025-12-27T18:00,17.6,67,3953.0
2025-12-27T19:00,16.9,71,3835.55
2025-12-27T20:00,16.3,75,3612.47
2025-12-27T21:00,15.5,77,3367.43
2025-12-27T22:00,14.9,79,3049.86
2025-12-27T23:00,13.8,85,2684.79
2025-12-28T00:00,12.9,88,2254.68
2025-12-28T01:00,12.1,91,2006.52
2025-12-28T02:00,11.5,92,1870.57
2025-12-28T03:00,10.9,94,1815.3
2025-12-28T04:00,10.1,95,1846.5
2025-12-28T05:00,9.6,97,2123.63
2025-12-28T06:00,9.6,97,2665.63
2025-12-28T07:00,9.4,99,3321.96
2025-12-28T08:00,10.1,96,3911.64
2025-12-28T09:00,11.9,89,4384.0
2025-12-28T10:00,15.2,74,4713.04
2025-12-28T11:00,17.7,64,4716.48
2025-12-28T12:00,19.1,56,4506.0
2025-12-28T13:00,20.1,52,4013.17
2025-12-28T14:00,20.5,50,3736.33
2025-12-28T15:00,20.4,50,3499.37
2025-12-28T16:00,19.8,55,3405.4
2025-12-28T17:00,18.0,64,3618.17
2025-12-28T18:00,17.0,71,3814.73
2025-12-28T19:00,16.7,73,3730.68
2025-12-28T20:00,15.8,76,3564.05
2025-12-28T21:00,14.9,81,3361.02
2025-12-28T22:00,14.1,85,3017.05
2025-12-28T23:00,13.3,89,2611.25
2025-12-29T00:00,13.0,89,2199.37
2025-12-29T01:00,12.7,91,1982.86
2025-12-29T02:00,11.4,98,1840.67
2025-12-29T03:00,11.1,99,1796.93
2025-12-29T04:00,11.0,99,1882.99
2025-12-29T05:00,10.6,98,2333.41
2025-12-29T06:00,10.6,97,3282.19
2025-12-29T07:00,10.7,95,4012.83
2025-12-29T08:00,10.9,95,4416.98
2025-12-29T09:00,11.6,96,4796.05
2025-12-29T10:00,13.4,86,4992.25
2025-12-29T11:00,15.3,77,4882.7
2025-12-29T12:00,17.5,65,4682.96
2025-12-29T13:00,18.9,53,4210.73
2025-12-29T14:00,19.8,46,4057.82
2025-12-29T15:00,19.9,44,3935.11
2025-12-29T16:00,19.2,49,3879.46
2025-12-29T17:00,16.8,66,4080.38
2025-12-29T18:00,15.7,73,4286.4
2025-12-29T19:00,15.0,78,4163.29
2025-12-29T20:00,14.4,81,3923.45
2025-12-29T21:00,13.7,84,3674.25
2025-12-29T22:00,12.9,87,3321.83
2025-12-29T23:00,12.0,92,2848.12
2025-12-30T00:00,11.2,96,2389.16
2025-12-30T01:00,10.7,98,2121.97
2025-12-30T02:00,10.6,97,1975.67
2025-12-30T03:00,10.4,99,1881.88
2025-12-30T04:00,9.8,99,1973.17
2025-12-30T05:00,9.8,99,2406.76
2025-12-30T06:00,9.7,99,3325.96
2025-12-30T07:00,9.7,99,4125.66
2025-12-30T08:00,10.0,98,4587.43
2025-12-30T09:00,10.9,97,4960.06
2025-12-30T10:00,13.8,80,5137.2
2025-12-30T11:00,16.7,67,5032.03
2025-12-30T12:00,18.6,56,4770.08
2025-12-30T13:00,19.9,47,4224.01
2025-12-30T14:00,20.4,46,4096.64
2025-12-30T15:00,20.4,45,3920.91
2025-12-30T16:00,19.6,52,3871.96
2025-12-30T17:00,17.9,62,4095.41
2025-12-30T18:00,16.7,69,4298.08
2025-12-30T19:00,15.9,72,4196.57
2025-12-30T20:00,15.3,74,3952.6
2025-12-30T21:00,14.8,76,3706.02
2025-12-30T22:00,14.2,78,3326.1
2025-12-30T23:00,13.4,80,2899.76
2025-12-31T00:00,12.8,80,2397.24
2025-12-31T01:00,12.2,82,2129.3
2025-12-31T02:00,11.2,86,1976.56
2025-12-31T03:00,10.3,90,1898.88
2025-12-31T04:00,9.4,95,1976.74
2025-12-31T05:00,9.1,99,2380.36
2025-12-31T06:00,9.2,99,3222.56
2025-12-31T07:00,9.2,98,4047.65
2025-12-31T08:00,10.4,93,4616.63
2025-12-31T09:00,11.6,91,5085.55
2025-12-31T10:00,14.2,77,5374.44
2025-12-31T11:00,16.2,71,5380.17
2025-12-31T12:00,17.8,68,5204.45
2025-12-31T13:00,18.9,64,4799.18
2025-12-31T14:00,19.4,61,4639.52
2025-12-31T15:00,19.3,61,4415.52
2025-12-31T16:00,18.3,65,4309.46
2025-12-31T17:00,14.7,80,4456.51
2025-12-31T18:00,13.4,86,4512.89
2025-12-31T19:00,12.4,89,4374.03
2025-12-31T20:00,12.1,90,4066.57
2025-12-31T21:00,11.8,91,3809.2
2025-12-31T22:00,11.6,93,3464.14
2025-12-31T23:00,11.4,96,3059.69
2026-01-01T00:00,11.1,97,2578.52
2026-01-01T01:00,10.9,97,2262.81
2026-01-01T02:00,10.6,97,2071.33
2026-01-01T03:00,10.5,98,1997.94
2026-01-01T04:00,10.5,98,2042.95
2026-01-01T05:00,10.7,99,2369.19
2026-01-01T06:00,10.9,98,3105.95
2026-01-01T07:00,11.0,98,3967.8
2026-01-01T08:00,11.5,96,4667.92
2026-01-01T09:00,12.2,94,5164.73
2026-01-01T10:00,13.2,91,5509.61
2026-01-01T11:00,14.0,88,5478.48
2026-01-01T12:00,15.5,82,5228.87
2026-01-01T13:00,16.6,78,4677.84
2026-01-01T14:00,16.9,77,4400.9
2026-01-01T15:00,16.9,77,4137.09
2026-01-01T16:00,16.8,78,3972.8
2026-01-01T17:00,15.5,81,4066.13
2026-01-01T18:00,15.0,85,4113.31
2026-01-01T19:00,14.4,88,3995.95
2026-01-01T20:00,14.2,88,3787.69
2026-01-01T21:00,14.1,89,3617.82
2026-01-01T22:00,13.3,91,3282.92
2026-01-01T23:00,13.2,93,2854.25
2026-01-02T00:00,13.3,94,2351.01
2026-01-02T01:00,13.4,92,2076.64
2026-01-02T02:00,13.2,92,1909.19
2026-01-02T03:00,13.1,92,1821.63
2026-01-02T04:00,13.0,92,1904.91
2026-01-02T05:00,12.4,93,2237.8
2026-01-02T06:00,12.8,90,2970.23
2026-01-02T07:00,12.7,89,3843.65
2026-01-02T08:00,13.1,85,4564.65
2026-01-02T09:00,14.1,78,5030.51
2026-01-02T10:00,15.4,70,5416.49
2026-01-02T11:00,15.9,67,5449.25
2026-01-02T12:00,16.8,60,5262.7
2026-01-02T13:00,17.3,56,4705.16
2026-01-02T14:00,17.5,55,4481.96
2026-01-02T15:00,17.4,55,4252.14
2026-01-02T16:00,16.9,58,4158.63
2026-01-02T17:00,15.0,67,4354.35
2026-01-02T18:00,13.8,75,4480.1
2026-01-02T19:00,13.1,80,4315.36
2026-01-02T20:00,12.3,84,4056.14
2026-01-02T21:00,12.0,84,3805.17
2026-01-02T22:00,11.1,88,3447.5
2026-01-02T23:00,11.2,90,2986.07
2026-01-03T00:00,11.8,89,2458.15
2026-01-03T01:00,12.0,88,2180.46
2026-01-03T02:00,11.9,90,2003.52
2026-01-03T03:00,11.8,90,1926.58
2026-01-03T04:00,11.6,88,1977.6
2026-01-03T05:00,10.7,94,2314.1
2026-01-03T06:00,11.1,92,2962.8
2026-01-03T07:00,11.3,91,3796.84
2026-01-03T08:00,11.8,88,4414.77
2026-01-03T09:00,13.0,83,4813.92
2026-01-03T10:00,13.9,75,5105.83
2026-01-03T11:00,14.8,70,5059.4
2026-01-03T12:00,15.7,65,4818.46
2026-01-03T13:00,16.6,59,4357.95
2026-01-03T14:00,17.0,55,4214.78
2026-01-03T15:00,17.1,54,3989.46
2026-01-03T16:00,16.6,55,3868.52
2026-01-03T17:00,14.3,70,4022.53
2026-01-03T18:00,13.3,73,4262.42
2026-01-03T19:00,12.6,76,4106.84
2026-01-03T20:00,12.3,77,3901.69
2026-01-03T21:00,12.3,76,3679.69
2026-01-03T22:00,12.2,75,3339.28
2026-01-03T23:00,11.3,81,2902.76
2026-01-04T00:00,10.7,83,2376.34
2026-01-04T01:00,9.9,87,2077.09
2026-01-04T02:00,9.1,91,1901.63
2026-01-04T03:00,8.5,93,1848.04
2026-01-04T04:00,8.7,94,1881.32
2026-01-04T05:00,8.7,96,2139.62
2026-01-04T06:00,9.1,96,2669.92
2026-01-04T07:00,9.3,94,3381.09
2026-01-04T08:00,10.4,90,4048.1
2026-01-04T09:00,11.9,83,4589.23
2026-01-04T10:00,13.7,75,4994.01
2026-01-04T11:00,15.1,68,5043.28
2026-01-04T12:00,16.1,61,4912.53
2026-01-04T13:00,16.5,58,4491.07
2026-01-04T14:00,16.9,56,4209.12
2026-01-04T15:00,17.1,55,3870.72
2026-01-04T16:00,16.5,56,3749.56
2026-01-04T17:00,14.8,68,3929.11
2026-01-04T18:00,13.6,74,4138.36
2026-01-04T19:00,12.8,79,4069.0
2026-01-04T20:00,12.7,80,3921.86
2026-01-04T21:00,12.8,81,3725.4
2026-01-04T22:00,12.3,85,3360.6
2026-01-04T23:00,11.4,89,2871.58
2026-01-05T00:00,11.1,88,2358.34
2026-01-05T01:00,10.4,86,2059.59
2026-01-05T02:00,10.0,85,1912.31
2026-01-05T03:00,9.5,85,1860.42
2026-01-05T04:00,9.2,85,1919.83
2026-01-05T05:00,8.6,89,2308.45
2026-01-05T06:00,8.6,90,3115.86
2026-01-05T07:00,8.5,90,4064.32
2026-01-05T08:00,10.1,87,4706.83
2026-01-05T09:00,12.0,80,5110.91
2026-01-05T10:00,13.8,71,5436.23
2026-01-05T11:00,14.6,68,5311.06
2026-01-05T12:00,15.8,64,4981.36
2026-01-05T13:00,16.6,61,4467.42
2026-01-05T14:00,17.2,60,4313.94
2026-01-05T15:00,17.2,61,4097.31
2026-01-05T16:00,16.6,64,4172.72
2026-01-05T17:00,15.0,74,4408.67
2026-01-05T18:00,14.1,79,4578.53
2026-01-05T19:00,13.2,84,4489.06
2026-01-05T20:00,12.8,86,4243.56
2026-01-05T21:00,12.2,88,3997.16
2026-01-05T22:00,11.3,90,3618.04
2026-01-05T23:00,11.0,91,3067.26
2026-01-06T00:00,10.4,92,2637.95
2026-01-06T01:00,9.9,93,2419.13
2026-01-06T02:00,9.5,94,2075.21
2026-01-06T03:00,9.0,95,1904.16
2026-01-06T04:00,8.5,98,1997.28
2026-01-06T05:00,8.7,99,2383.61
2026-01-06T06:00,8.6,99,3198.4
2026-01-06T07:00,9.0,98,4180.31
2026-01-06T08:00,9.9,96,4857.28
2026-01-06T09:00,11.4,92,5307.79
2026-01-06T10:00,13.4,84,5679.23
2026-01-06T11:00,14.2,75,5566.88
2026-01-06T12:00,15.4,69,5390.3
2026-01-06T13:00,16.4,64,4887.47
2026-01-06T14:00,17.0,61,4752.93
2026-01-06T15:00,17.1,63,4409.26
2026-01-06T16:00,16.5,67,4360.57
2026-01-06T17:00,14.6,73,4530.08
2026-01-06T18:00,13.2,79,4722.7
2026-01-06T19:00,12.5,82,4616.32
2026-01-06T20:00,11.7,86,4393.66
2026-01-06T21:00,10.9,89,4150.08
2026-01-06T22:00,10.3,92,3758.76
2026-01-06T23:00,9.6,96,3133.3
2026-01-07T00:00,9.7,96,2524.78
2026-01-07T01:00,9.5,97,2189.57
2026-01-07T02:00,9.0,97,2033.48
2026-01-07T03:00,7.9,99,1957.63
2026-01-07T04:00,7.9,100,2015.69
2026-01-07T05:00,8.5,99,2397.15
2026-01-07T06:00,8.7,99,3226.61
2026-01-07T07:00,8.9,99,4197.59
2026-01-07T08:00,9.5,98,4881.56
2026-01-07T09:00,9.9,98,5388.47
2026-01-07T10:00,10.5,94,5737.42
2026-01-07T11:00,11.6,84,5606.64
2026-01-07T12:00,13.4,77,5359.21
2026-01-07T13:00,14.5,73,4787.57
2026-01-07T14:00,15.3,69,4619.64
2026-01-07T15:00,15.4,69,4506.13
2026-01-09T00:00,8.3,100,2665.88
2026-01-09T01:00,8.4,100,2306.7
2026-01-09T02:00,8.3,98,2110.37
2026-01-09T03:00,7.9,96,2033.92
2026-01-09T04:00,7.6,97,2100.79
2026-01-09T05:00,7.5,97,2510.28
2026-01-09T06:00,7.7,95,3355.59
2026-01-09T07:00,7.8,95,4312.66
2026-01-09T08:00,8.2,95,5074.17
2026-01-09T09:00,9.3,96,5623.05
2026-01-09T10:00,11.4,89,5928.22
2026-01-09T11:00,13.4,78,5841.77
2026-01-09T12:00,15.3,67,5624.3
2026-01-09T13:00,16.5,59,5078.7
2026-01-09T14:00,17.1,54,4851.9
2026-01-09T15:00,17.3,52,4646.51
2026-01-09T16:00,16.9,55,4521.6
2026-01-09T17:00,15.0,65,4697.15
2026-01-09T18:00,13.8,70,4839.74
2026-01-09T19:00,12.9,78,4695.36
2026-01-09T20:00,12.2,82,4499.2
2026-01-09T21:00,11.2,87,4237.11
2026-01-09T22:00,10.4,89,3861.22
2026-01-09T23:00,10.0,91,3267.2
2026-01-10T00:00,9.4,93,2691.84
2026-01-10T01:00,8.8,95,2327.47
2026-01-10T02:00,8.5,96,2131.37
2026-01-10T03:00,8.2,97,2020.7
2026-01-10T04:00,7.8,98,2087.56
2026-01-10T05:00,7.2,98,2433.81
2026-01-10T06:00,7.0,98,3134.38
2026-01-10T07:00,6.6,98,3982.66
2026-01-10T08:00,7.9,96,4620.54
2026-01-10T09:00,9.5,92,5111.38
2026-01-10T10:00,11.5,85,5433.92
2026-01-10T11:00,13.4,75,5311.34
2026-01-10T12:00,15.2,66,5000.85
2026-01-10T13:00,16.5,58,4410.84
2026-01-10T14:00,17.1,54,4227.98
2026-01-10T15:00,17.0,54,4082.82
2026-01-10T16:00,16.3,58,4059.25
2026-01-10T17:00,14.9,66,4280.56
2026-01-10T18:00,13.6,72,4538.11
2026-01-10T19:00,12.9,73,4441.39
2026-01-10T20:00,12.1,76,4255.73
2026-01-10T21:00,11.0,80,4020.98
2026-01-10T22:00,10.2,82,3689.38
2026-01-10T23:00,9.6,86,3122.66
2026-01-11T00:00,9.4,86,2594.87
2026-01-11T01:00,8.8,88,2240.18
2026-01-11T02:00,8.2,90,2035.01
2026-01-11T03:00,7.7,92,1937.35
2026-01-11T04:00,7.2,93,1974.46
2026-01-11T05:00,6.6,95,2238.81
2026-01-11T06:00,6.3,95,2831.74
2026-01-11T07:00,6.0,96,3597.67
2026-01-11T08:00,6.9,95,4361.07
2026-01-11T09:00,8.6,88,4937.75
2026-01-11T10:00,10.9,77,5412.12
2026-01-11T11:00,12.6,69,5449.91
2026-01-11T12:00,14.4,57,5193.7
2026-01-11T13:00,15.8,48,4654.53
2026-01-11T14:00,16.4,45,4298.72
2026-01-11T15:00,16.3,46,4060.0
2026-01-11T16:00,15.5,52,3964.46
2026-01-11T17:00,13.7,61,4129.53
2026-01-11T18:00,12.5,66,4332.02
2026-01-11T19:00,11.6,69,4331.8
2026-01-11T20:00,10.8,73,4279.28
2026-01-11T21:00,10.1,75,4134.38
2026-01-11T22:00,9.3,80,3698.65
2026-01-11T23:00,8.7,83,3197.19
2026-01-12T00:00,8.2,85,2595.01
2026-01-12T01:00,7.7,86,2274.64
2026-01-12T02:00,7.1,88,2088.22
2026-01-12T03:00,6.6,89,2008.52
2026-01-12T04:00,6.0,89,2086.74
2026-01-12T05:00,5.4,92,2492.07
2026-01-12T06:00,5.1,93,3390.82
2026-01-12T07:00,4.9,93,4368.39
2026-01-12T08:00,5.9,91,5000.06
2026-01-12T09:00,8.1,85,5358.69
2026-01-12T10:00,10.9,72,5676.28
2026-01-12T11:00,13.2,62,5492.18
2026-01-12T12:00,15.3,49,5126.3
2026-01-12T13:00,16.5,41,4647.08
2026-01-12T14:00,17.1,37,4463.56
2026-01-12T15:00,17.2,37,4314.85
2026-01-12T16:00,16.6,47,4338.7
2026-01-12T17:00,14.9,53,4547.64
2026-01-12T18:00,13.3,57,4774.62
2026-01-12T19:00,12.3,60,4715.73
2026-01-12T20:00,11.5,64,4583.46
2026-01-12T21:00,10.6,70,4396.29
2026-01-12T22:00,10.0,73,4030.48
2026-01-12T23:00,9.4,76,3378.61
